S01D00007372632F6373332F6170702F6373335F73706F72742E7372656348
S3150801000000400020290301082D03010833030108D4
S315080100104D030108530301086D03010800000000A0
S31508010020FFFFFFFF00000000000000008703010832
S315080100308D030108000000009303010899030108D4
S315080100409DD80108ADD80108BDD80108CDD8010849
S31508010050DDD80108EDD80108FDD801080DD9010838
S315080100601DD901082DD901083DD901084DD9010825
S315080100705DD901086DD901087DD901088DD9010815
S315080100809DD90108ADD90108BDD90108CDD9010805
S31508010090DDD90108EDD90108FDD901080DDA0108F4
S315080100A01DDA01082DDA01083DDA01084DDA0108E1
S315080100B05DDA01086DDA01087DDA01088DDA0108D1
S315080100C09DDA0108ADDA0108BDDA0108CDDA0108C1
S315080100D0DDDA0108EDDA0108FDDA01080DDB0108B0
S315080100E01DDB01082DDB01083DDB01084DDB01089D
S315080100F05DDB01086DDB01087DDB01088DDB01088D
S315080101009DDB0108ADDB0108BDDB0108CDDB01087C
S31508010110DDDB0108EDDB0108FDDB01080DDC01086B
S315080101201DDC01082DDC01083DDC01084DDC010858
S315080101305DDC010821030108210301086DDC0108C2
S315080101407DDC01088DDC01089DDC0108ADDC0108B8
S31508010150BDDC0108CDDC0108DDDC0108EDDC0108A8
S31508010160FDDC01080DDD01081DDD01082DDD010895
S315080101703DDD01084DDD01082103010821030108C0
S309080101805DDD010829
S3150801018436653862663632001B4B1A6822F45022E9
S315080101941A601A6842F480321A601A689103FCD507
S315080101A40121164A520102F1844211604FF41442A4
S315080101B400219A604FF0E02211616FF07F4151618D
S315080101C4116941F0010111610D4A5A601A6842F038
S315080101D480721A601A689201FCD540F20361094AD1
S315080101E411609A6842F002029A609A6802F00C0257
S315080101F4082AFAD1704700BF003802407438024011
S315080102040C3C4005003C024070B50CF0FDFDFFF7BF
S31508010214BBFF3D4B1A6942F020021A611A6922F0A2
S3150801022420021A611A6B42F020021A63BFF34F8F38
S3150801023436490A6842F0A0420A604FF400428A61CC
S315080102444FF480428A615A6A42F480725A625A6A3F
S3150801025422F480725A625A6C42F480725A641A6998
S3150801026442F001021A611A6922F001021A611A6B33
S3150801027442F001021A63BFF34F8F254A254C906851
S31508010284254D40F001009060002060602C682E68BE
S31508010294344344F440442C604FF4807454604FF45E
S315080102A400141461072454634FF000448C61946864
S315080102B444F0804494601468A407FCD5D46CB4F55E
S315080102C4946FF4D301306428F1D14FF400428A6162
S315080102D44FF080428A615A6A42F480725A625A6AB3
S315080102E422F480725A625A6C22F480725A641A6928
S315080102F442F021021A611A6922F021021A611A6B63
S3150801030422F021021A6370BD00380240001402402B
S3150801031400200140002301400000024008B512F004
S31508010324A4FB00001C48004708B512F09EFB1EF00A
S31508010334040F0CBFEFF30880EFF309807146174ADF
S31508010344104708B512F091FB08B512F08EFB1EF0A2
S31508010354040F0CBFEFF30880EFF309807146104AC6
S31508010364104708B512F081FB1EF0040F0CBFEFF31A
S315080103740880EFF3098071460A4A104708B512F056
S3150801038474FB08B512F071FB08B512F06EFB08B5DB
S3150801039412F06BFB70470000AD030108470301081F
S315080103A4670301088103010808B5FFF72DFF1D4AF4
S315080103B41D48824217D300201C4A1D498A421DD36F
S315080103C4002613F0E3FF1B4D1B4B5B1B9C10B44229
S315080103D41DDC0026194D1A4B5B1B9C10B4421BDC11
S315080103E400F068F8FEE7D2E9001394680C32C91ADA
S315080103F49C42DED95D5843F8045BF9E752F8083B99
S3150801040452F8044C9C42D9D943F8040BFAE755F837
S31508010414043B98470136DAE755F8043B9847013611
S31508010424DCE700BF48040108540401085404010820
S315080104345C0401085C0401085C0401085C04010805
S309080104446804010830
S3150801044884D4040800400020004400200044002009
S315080104588C9F002011440208CDAD0208F9AD0208A7
S3150801046810B504460B4B40F8F03B08F0D7FCD4F816
S31508010478E0301BB11B6804F160009847606918B140
S31508010488E169091A13F0B8FF204613F06CFD2046F6
S3150801049810BD00BFBC8D040810B50446FFF7E0FF80
S315080104A820464FF4C47113F0A7FF204610BD00007B
S315080104B810B5084C2368DB0707D4074800F002FC87
S315080104C801230648236021F0BAFC034800F0EBFB38
S315080104D8002010BD0044002008440020E904010852
S315080104E808B50A48FFF7BCFF094B0A4A0A48C3F880
S315080104F8002913F038FD094800F022FB08481CF0CA
S3150801050883F8BDE80840074800F06EB92C9D00201D
S31508010518089400209C9E0408089D0020BC9C002085
S31508010528909C002008440020006804307047006841
S3150801053800F5EA5014307047006800F546502C302B
S315080105487047006800F547502C307047006800F579
S315080105585250203070470000114B70B504460360AD
S31508010568D0F8B80180B904F5A67504F1AC06AE420F
S3150801057810D015F8083C283D002BF8D02869002822
S31508010588F5D013F03BFFF2E705680C2113F034FFA9
S315080105982846E7E7204613F0E6FC204670BD00BF6B
S315080105A86C99040810B50446FFF7D6FF20464FF4A0
S315080105B8BB6113F021FF204610BD10B50022044681
S315080105C8D0F83C3100F59E71994207D1206918B1D6
S315080105D8A169091A13F010FF204610BD1868C3E966
S315080105E800220346F0E700002DE9F04F0446784B50
S315080105F804F5EA5787B014371860006004300BF021
S31508010608D9F8384615F012F804F5475604F5E751AE
S3150801061804F546502C3610312C3014F005FD3046B9
S3150801062815F084FC04F551533C33039304F5525AE7
S3150801063804F1300331460AF1200A664A0093039801
S3150801064804F1240304F5994815F06CFD08F14008EE
S31508010658504612F09DF904F5BA715F4A40461AF0F8
S3150801066803F904F59A40303010F04CFA04F5A6431C
S315080106780833184604F56F51584A049317F07AFB5C
S3150801068804F5A8404146554A74301BF0F9F804F5B3
S315080106989D4104F5AB40514A603144301BF050F98D
S315080106A804F5AE43143304F5AE491846394609F13B
S315080106B81C0905931AF026FC48461BF09DF804F513
S315080106C8AE40283013F07EFD04F5AE4007F5026109
S315080106D8483014F04BFD04F5AE403946603015F044
S315080106E889F804F5AE40211D64300CF0DDF904F5EE
S315080106F8B040483011F034F804F5B040503013F0E2
S31508010708D3FD04F5465104F5B0402C31683014F090
S31508010718FDFC04F5B0403146703015F00FFA04F5C2
S31508010728465504F56F512E4817F08EFB30350AF5F4
S315080107387A612C4817F088FB2846211D13F050FCCE
S315080107483146284613F04CFC304604F59E7116F0DE
S3150801075867F8304604F63C1116F07CF828460399E2
S3150801076813F03EFC5146284613F03AFC28460499EC
S3150801077813F036FC4146284613F032FC04F5475572
S31508010788059B04F5A042083504F59A41C2F8583480
S31508010798C2F85C94C2F8B835C2F8BC95C2F80837ED
S315080107A8C2F80C972846303113F01AFC3946284600
S315080107B813F016FC04F5EA512846043113F010FC27
S315080107C840461AF09BF8204607B0BDE8F08F00BFEF
S315080107D8C09E00203036040824360408203604084A
S315080107E8E4350408D035040810B5044600F5B040C8
S315080107F8703015F011FA04F5B040503013F086FD43
S3150801080804F5AE4064300CF035FA04F5AE402830EC
S3150801081813F014FD04F5AE401C301BF009F804F575
S31508010828AE4014301AF064FB04F5AB404430FFF7C8
S31508010838C4FE04F5A8407430FFF7BFFE04F5A640C8
S31508010848083017F02FFA04F59A403030FFF784FE7E
S3150801085804F59940403019F06BFA04F552502030E6
S3150801086812F0C0F804F551503C3015F047FC04F570
S3150801087847502C3015F04CFA04F546502C3014F034
S3150801088829FC04F5EA50143014F06CFF201D0BF00E
S3150801089887F90022014B20461A6010BDC09E002028
S315080108A8836810B59B68C1F12002D3E90004A1F158
S315080108B82003C84004FA02F2104324FA03F3184342
S315080108C800F0010010BD30B5D0E9003203EB820211
S315080108D89A4201D1002006E053F8044B25888D4237
S315080108E8F6D18460012030BD007970470171012075
S315080108F870478088704781800120704708B540682D
S31508010908FFF7E1FF08BD13B50C4672B91A680DF170
S31508010918060118461269904720462368BDF806104D
S315080109285B6802B0BDE810401847002002B010BD48
S3150801093810B51C4652B90B6808461B6898472368C0
S3150801094801461B6920469847012010BD0020FCE78F
S3150801095813B50C4672B91A680DF10701184692685B
S315080109689047204623689DF807105B6802B0BDE8E2
S3150801097810401847002002B010BD10B51C4652B9E0
S315080109880B6808461B689847236801469B682046F2
S315080109989847012010BD0020FCE709784068FFF751
S315080109A87FBF73B5436904460D468DF807101430A1
S315080109B80DF10701984768B1D4E9003203EB8202C1
S315080109C89A4201D1002005E053F8041B0E78AE427D
S315080109D8F6D1A16002B070BD08B54068FFF7E1FF1E
S315080109E808BD43689B681878704743689B681888E8
S315080109F8704783681B8853B1828B9A4207D1836AE9
S31508010A0890F844201B78981A18BF012070470120CE
S31508010A1870470000826A0E4B2DE9F3419A42054652
S31508010A2813D1D0E9084304EB8306A6420DD054F83E
S31508010A38047B0DF107013B7805F134008DF8073081
S31508010A486B6B98470028F0D0AF6202B0BDE8F08119
S31508010A58A4AA040810B50446006810B10368DB683F
S31508010A689847204610BD0000324B2DE9F7431E680A
S31508010A7804463046FFF75BFD05462046FFF7B9FFF2
S31508010A88074628B1284614F02FFD284614F0A6FE75
S31508010A982046FFF7BFFFA3684FF40C70D3F80C90F4
S31508010AA813F09EFC4946804604F004FE0023A06C18
S31508010AB80193C4F8488010B10368DB68984701A810
S31508010AC8FFF7C8FFA36A30465B689847A3683046AC
S31508010AD85B689847A36A30469B689847A06A314677
S31508010AE8C3680C309847A06831460369103098479F
S31508010AF8EFB1284614F0DFFC284614F06FFEA36808
S31508010B080D491B882846A38314F0BAFC284614F015
S31508010B1865FEA36A28461B78084984F8443014F008
S31508010B28AFFC284603B0BDE8F04314F057BE03B03E
S31508010B38BDE8F083C09E0020B8360408B436040818
S31508010B4810B504464830FFF785FF204610BD00005A
S31508010B58F8B52D4B04465A681B68C0E900322B4B79
S31508010B682B4A83602B4B8261C0E9033000232A4A4A
S31508010B78C361516812684364C0E90821274A836436
S31508010B888262274AC26200F120020263254AC0E945
S31508010B980D20254A0264102013F022FC074604F1A9
S31508010BA80C02224B224914F0C1FB384614F020FBEB
S31508010BB8102013F015FC074604F12C021D4B1E499B
S31508010BC814F0B4FB384614F013FB102013F008FC94
S31508010BD8074604F11802154B184914F0A7FB3846BD
S31508010BE814F006FB102013F0FBFB0646114B1449BB
S31508010BF804F1400214F09AFB304614F0F9FA20463B
S31508010C08FFF732FF2046F8BDB41F0308684A0408EF
S31508010C185436040844360408F8360408A4AA04080D
S31508010C2864360408A309010874360408A8360408B2
S31508010C38B0360408A4360408AC360408B8360408DD
S31508010C48B43604084068704741600120704738B5D2
S31508010C581C4652B91B6808465D690B681B689847A4
S31508010C6801462046A847012038BD0020FCE713B5F0
S31508010C780C465AB91A68184601A952699047236851
S31508010C8820465B680199984702B010BD0020FBE72A
S31508010C98006800F5B14008307047036803F5A043BA
S31508010CA8D3F8FC08704710B5044600F5EA50143025
S31508010CB814F0C3FB62B604F546502C30BDE8104063
S31508010CC814F0F0B92DE9F843044604F5B147FFF7DE
S31508010CD88BFC083704F5465104F56F522C31384612
S31508010CE81BF0E0FC04F5B1403430FFF731FF04F599
S31508010CF81551243104F5B24014F0BEFD04F5A0419E
S31508010D0804F5B240194A3031243008F055FA00235F
S31508010D1804F5A048C8F8B03A154B1020C8F8AC3AFB
S31508010D2813F05EFB04F5465504F5B542114B2C3212
S31508010D383035114914F0FAFA3946284613F050F9AC
S31508010D482846D8F8FC1813F04BF9284604F5B24199
S31508010D5813F046F904F5B24104F547502431083031
S31508010D6813F03EF92046BDE8F88300BFE4360408C7
S31508010D78C4360408E0360408F4360408B0F9040051
S31508010D887047007970470020704701710120704744
S31508010D98183013F0F9B8183013F004B910B5044629
S31508010DA8044B036013F029F9204613F059F9204634
S31508010DB810BD00BFD837040810B50446FFF7EEFF83
S31508010DC82046182113F018FB204610BD10B5044615
S31508010DD8024B036013F0C7F8204610BDB037040864
S31508010DE810B50446FFF7F2FF2046702113F004FBFD
S31508010DF8204610BD10B50446044B40F8183BFFF7CA
S31508010E08CDFF204613F0AFF8204610BDF037040889
S31508010E1810B50446FFF7EEFF2046302113F0ECFA29
S31508010E28204610BD38B51C4652B91B680846DD6808
S31508010E380B681B68984701462046A847012038BD14
S31508010E480020FCE713B50C466AB91A6818460DF16D
S31508010E580601D2689047236820465B68BDF90610E3
S31508010E68984702B010BD0020FBE738B51C4652B9B1
S31508010E781B6808461D680B681B6898470146204683
S31508010E88A847012038BD0020FCE713B50C466AB906
S31508010E981A6818460DF10701126890472368204613
S31508010EA85B689DF80710984702B010BD0020FBE75C
S31508010EB830B5D0E90641002223461630994208D1B1
S31508010EC8091B4B100029B8BF0B3392FBF3F000B28C
S31508010ED830BD33F9025B2A448342EFD3163BFBE75D
S31508010EE80A2928BF0A21012938BF0121F8B504466C
S31508010EF8D0E90730C01A43100028B8BF0B33CD1AFA
S31508010F082E4604F11A07002E0EDB002DA3EB01036A
S31508010F18C8BF002304F11A062B4473B91DB1201D55
S31508010F28FFF7C6FF2085F8BDE0690230B84202D24C
S31508010F38E0610136E7E71638F8E7206A811CB1420D
S31508010F4803D20280013B2162E7E71639F7E7000079
S31508010F582DE9F84305460C4613F00EF83F4B404A6F
S31508010F682B60637A05F118072A61EC602B753846F8
S31508010F7813F026F83B4B1020AB6113F031FA0446FF
S31508010F88394B3A4905F1100214F0D0F9204614F004
S31508010F982FF92B7D002B5ED0354B1868FFF7C4FA5D
S31508010FA8EB6800F520741E7A48235E430021A019D0
S31508010FB812F01CFB0121A01912F029FB7020D5F8A3
S31508010FC80C8013F00DFAD8E9009830362644044601
S31508010FD812F0D2FFC4E903690026264BC4F8148027
S31508010FE8DFF8948031462360162226832684C4F8BE
S31508010FF81C8004F1280020F051FF32460A21C4E971
S315080110081000C4E9128604F12400FFF769FF642376
S3150801101801221A4904F1500014F02EFE6423012214
S31508011028174904F1600014F027FE102013F0D8F9C7
S31508011038144B154904F11C0214F078F9E6681020D6
S3150801104813F0CEF9114932460E4B14F06FF92146C1
S31508011058384612F0C5FF2846BDE8F883F037040874
S31508011068C8370408D83704082C380408503804083F
S31508011078C09E0020B0370408A03704083838040889
S315080110883A38040828380408483804084C38040843
S31508011098F7B505462B461446CDE9000141F31D026D
S315080110A800EB8100002A05DC834211D133F9020CD1
S315080110B803B0F0BD511033F9217003EB8106A7423D
S315080110C8DCBF511A01F1FF310A46D8BF331DE9E7DA
S315080110D89D42B3F90200EBD033F9025CC117401BF4
S315080110E861EBE57150EA010218D033F9046CB3F9DA
S315080110F80020D317921B63EBE67352EA03070DD058
S31508011108E717A41B04FB01F167EBE67700FB071752
S31508011118A4FB0001394420F06FF9054428B2C7E752
S3150801112838B5436904461BB9B4F91800208438BD93
S31508011138C06803681B689847636C04F12802023B78
S315080111489A4232D86364236C023B9A422FD8188094
S3150801115810462364FFF7ACFE05462369A4F84C003C
S31508011168B3F900108142D4BF0021012104F15000CE
S3150801117813F06DF86369226903F18043013B32F97B
S31508011188231004F16000A942ACBF0021012113F024
S315080111985EF8236D002BC7D0236E002BC4D0D4E983
S315080111A804012A46FFF774FFC0E71633C8E7163362
S315080111B8CBE7002070470079704770B50446D0E937
S315080111C8035012F0DBFA014618B9606912F0D6FA2B
S315080111D8014604F1240013F03AF8A06912F0CEFA90
S315080111E818B1012384F8203070BDA06983691830C5
S315080111F81B68984720B9636A13B195F94C310BB145
S315080112080023EFE7206912F080FA0028E9D160691E
S3150801121812F07BFA0028E4D1E6E7000010B5044687
S31508011228024B036012F09FFE204610BD7C38040865
S3150801123810B50446FFF7F2FF2046342113F0DCF80F
S31508011248204610BD43681868B0FA80F0400970470F
S3150801125838B504460D4612F08FFE144B284623600E
S31508011268FFF71BFDE0602846FFF75EF900F57A707F
S3150801127820612846FFF758F900F568706061284625
S31508011288FFF752F90A4B0021E361C82300F58F607D
S31508011298C4E90933074BA06104F12400C4E90B30FA
S315080112A8216212F0CEFF204638BD00BF7C380408FB
S315080112B86C3804085C38040870B50469C068236882
S315080112C800F59E705D6803681B689847FB2818BF78
S315080112D800280CBF012000202B4680F0010120467A
S315080112E8BDE870401847000010B50446024B036074
S315080112F812F039FE204610BD9438040810B5044684
S31508011308FFF7F2FF2046142113F076F8204610BDA0
S3150801131870B504460E46154612F02EFE024B2046B7
S31508011328C4E90365236070BD9438040870B5054699
S31508011338064655F8244FA54205D106F11400BDE81D
S31508011348704012F021BE636904F1140000215B683C
S3150801135898472468EFE7000010B50446044B036074
S3150801136812F04BFE204612F07BFE204610BD00BF48
S31508011378AC38040870B5064604460B4B56F8245F84
S315080113880360AE4208D104F11400FFF7E5FF2046D1
S3150801139812F0E9FD204670BD6B6905F114000021BC
S315080113A85B6898472D68ECE7C438040810B5044605
S315080113B8FFF7D2FF2046182113F01EF8204610BD64
S315080113C810B50446FFF7D6FF2046382113F014F85E
S315080113D8204610BD2DE9F8430446C0682746C36C64
S315080113E84C301B6898474FF000080546236957F89B
S315080113F8246F034493F80190B7420BD104F1140002
S3150801140812F0D0FD9DB994F82C30E585A58684F8A7
S315080114182D3014E0736949FA08F106F114005B687E
S3150801142801F00101984708F101083668E4E7B4F9BB
S315080114382E309D4205D00023E58584F82D30BDE878
S31508011448F88394F82D3094F82C209A4201D901335F
S31508011458DDE7A586F3E700002DE9F8430446884643
S31508011468164612F089FD204B40462360FFF715FC06
S3150801147804F1140718220021C4E90306384620F0A6
S315080114880DFD384612F09CFD184B2546636100236D
S31508011498E362636344F64B33A385154B102045F87D
S315080114A8303F12F09DFF2A46124B134913F03EFFAF
S315080114B84046FFF7F2FB28230563D6E9025603FBE4
S315080114C80656B54202D12046BDE8F883202012F017
S315080114D887FF81462A46414617F020FF494638467E
S315080114E812F07EFD2835ECE7C4380408AC38040840
S315080114F8A037040828380408D4380408007970473E
S3150801150890F9002091F900309A4208D143784A782F
S31508011518534013F0030F0CBF012000207047002029
S315080115287047B0F9040070478180012070470B683D
S3150801153808469B6818470B6808469B6818470020A1
S31508011548704780887047B0F904007047F8B51D469A
S315080115580B6808469B6816460C469847B0420BD94D
S315080115682B683146DF68236820461B689847014679
S315080115782846B8470120F8BD0020FCE773B51E4682
S315080115880B6808469B6815460C469847A8420ED923
S3150801159833680DF10601DB68304698472368294602
S315080115A820465B68BDF90620984702B070BD002041
S315080115B8FBE7F8B51D460B6808469B6816460C46B0
S315080115C89847B0420BD92B6831461F6923682046CC
S315080115D81B68984701462846B8470120F8BD0020E8
S315080115E8FCE773B51E460B6808469B6815460C4604
S315080115F89847A8420ED933680DF106011B6930468A
S3150801160898472368294620465B68BDF80620984707
S3150801161802B070BD0020FBE738B51C4652B91B68F5
S3150801162808461D690B681B68984701462046A8475E
S31508011638012038BD0020FCE713B50C466AB91A68BB
S3150801164818460DF1060112699047236820465B681A
S31508011658BDF80610984702B010BD0020FBE710B583
S315080116680446406803681B68984728B1E068036818
S31508011678BDE810401B681847A068F8E710B5044686
S31508011688406803681B68984728B1E0680368BDE89D
S3150801169810401B681847A068F8E7C3888B4205D825
S315080116A803898B4202D38180012070470020704745
S315080116B8B0F906308B4206DCB0F908308B4202DBFA
S315080116C88180012070470020704770B50D4616467F
S315080116D80446102012F084FE33462A462146BDE800
S315080116E8704013F023BE436858681B68C01A8010F7
S315080116F87047436858681B68C01A80107047436862
S315080117081B6803EB8103B3F90200704743681B683A
S3150801171833F821007047838910B5934216D8C389CF
S31508011728934213D3046804EB810324F82120416802
S3150801173804330431994201D1012010BD33F8040C50
S315080117480433904238BF23F8082CF3E70020F4E75E
S3150801175808B54068FFF7DFFF08BDB0F910309342B6
S3150801176809DCB0F91230934205DB0368012003EB63
S3150801177881035A8070470020704708B54068FFF70B
S31508011788ECFF08BD08B54B1C03D0013989B20129FC
S3150801179804D800F50070FFF771FF08BD0020FCE7C3
S315080117A810B50446006803681B689847D4E90123FD
S315080117B800280CBF1046184610BD00002DE9F04F49
S315080117C84FF0000905461E4689B0BDF948A0CDE97E
S315080117D803120380A0F802A0C0F8DC90564503DD81
S315080117E8284609B0BDE8F08FB5F9003032469E4261
S315080117F8B8BF1A46B5F902109142D4BFC3EB010323
S31508011808C3EB0203039AD5F8DC1002EB830B049A9F
S31508011818062902EB830301934FF0240301FB03F323
S3150801182805F1040202EB030453D01399BBF80270BD
S31508011838B1F90010C7F30907029113994FEA870806
S31508011848B1F90210002F3CD04046CDE9062305918F
S3150801185812F0C6FDDDE90512079BD05000EB080317
S31508011868A36087BB63604FF4C803E360029B618288
S315080118782382194B1020C4E90534184B0136C4E9EB
S31508011888073412F0ADFD07465946154B04F1140203
S3150801189813F04CFD384613F0ABFC102012F0A0FDEE
S315080118A80746104B019904F11C0213F03FFD38460F
S315080118B813F09EFCD5F8DC3036B20133C5F8DC30B6
S315080118C88CE73846C9E720F8049B20F8029C013FB3
S315080118D8C7E720F0ADFA00BF00390408143904082F
S315080118E8B8390408B43904082DE9F04304461D46F5
S315080118F885B00E46039212F03FFB656100250398F1
S31508011908494BE66023602061A561D6F8BC0004F05E
S315080119186FF904F11C0804F110090123CDE900093E
S31508011928424A43494046FFF749FFD6F8BC0004F046
S315080119385FF904F1FC07CDE90009012338463D4A58
S315080119483D49FFF73BFF4420E36804F5F471E033AA
S31508011958C4E97738C4F8E471C1E90155A4F8EC017A
S31508011968C820C4E97E55A4F8F001A4F8FC01334857
S31508011978C4E98555C4E980030820DFF8C4C0A4F87A
S31508011988140264206726C4F810C2C4F81CC24FF0B2
S315080119980C0CC4E988552B4AA4F81802A4F82402A1
S315080119A8294804F5FA78A4F8F86104F5047704F5E2
S315080119B80776A4F820C2C4E98218C4E98A03C4F8D8
S315080119C8E821C4F8F421C4E98C76B4F91000B4F90D
S315080119D81230C4F83822A4F84032A4F83E021B4A49
S315080119E81B48A4F83C52FFF770FE4146174A1948A6
S315080119F8FFF76BFE102012F0F3FC3A46164B17490F
S31508011A0813F094FC102012F0EBFC3246124B1449E1
S31508011A1813F08CFC0D4A134804F50E71FFF755FEB1
S31508011A28204605B0BDE8F08368390408FC3904087E
S31508011A38143A0408C4390408DC390408383904088E
S31508011A48483904082839040858390408283804087C
S31508011A582C3A0408F4390408BC390408303A04084D
S31508011A68F8390408C039040870B505460446D0F89B
S31508011A78D8600EB9284670BD2068013E18B1A1681C
S31508011A88091A12F0B9FC2434F3E7000010B5044624
S31508011A98074B036000F58070FFF7E6FF04F12000A5
S31508011AA8FFF7E2FF204612F05EFA204610BD00BF96
S31508011AB86839040810B50446FFF7E8FF20464FF4CD
S31508011AC8117112F099FC204610BDF7B505462B464B
S31508011AD81446CDE9000141F31D0200EB8100002AF5
S31508011AE805DC834211D133F9020C03B0F0BD51105C
S31508011AF833F8217003EB8106A7429CBF511A01F1FD
S31508011B08FF310A4698BF331DE9E79D42B3F902003A
S31508011B18EBD033F9025CC117401B61EBE57150EA5A
S31508011B28010215D033F8046C1A88921B63EB030378
S31508011B3852EA03070CD0A41B04FB01F166EB06065F
S31508011B4800FB0616A4FB000131441FF055FC0544A9
S31508011B5828B2CAE713B5044634F9043BB0F90200BA
S31508011B689942B8BF19468842D4BFC3EB0003C3EBF1
S31508011B78010324214B43E018E158436800915B1A95
S31508011B889B100193642A28BF6422DDE90001FFF747
S31508011B989CFF02B010BD2DE9F0410446C06804F562
S31508011BA8EE77C36A2C301B6898470128B8BF01200D
S31508011BB805B23846FFF7F4FD29460022FFF7CAFFA2
S31508011BC806463846FFF7ECFD0746E068C36F7C30E2
S31508011BD81B689847294602463846FFF7BBFF05465C
S31508011BE804F50A70FFF73BFD0146A81B00B212F07F
S31508011BF835FC0544E068D0F83C3100F59E701B6851
S31508011C08984701462046FFF7BDFD08B3C823A169D1
S31508011C18C7299CBF0131A1614143B1FBF3F12944AD
S31508011C280DB247F6FF73E268606992F8FC1092F8FC
S31508011C38EC20002918BF1D4603685B685AB929466E
S31508011C489847294604F50E70FFF732FDBDE8F0817D
S31508011C582DB2A061E5E7B4F93C12BDE8F041184791
S31508011C682DE9F34116460F461D46FEF760FC3188F5
S31508011C78044613F085FB804630B313F0B3FA1028EF
S31508011C8822D12046298813F07BFB0646E0B113F0DA
S31508011C98A9FA102818D100240D4D21462A8840464C
S31508011CA813F02CFBBB6835F8022B0093FB680193EC
S31508011CB89DE80300FFF709FF21460246013430462D
S31508011CC813F01CFB102CE8D102B0BDE8F08100BF67
S31508011CD8343A04082DE9F84FD0E9004605460F4677
S31508011CE8DFF84090DFF840A0DFF840B004EB46067D
S31508011CF8B44201D1BDE8F88F34F9022B2946013AD5
S31508011D084FEA820809EB820338460AEB8202FFF793
S31508011D18A7FF074A294638460BEB08034244FFF74B
S31508011D289FFFE5E7FC390408143A0408C43904088E
S31508011D38DC390408002380F82830704710B50446B2
S31508011D48024B03601AF04EFB204610BD5C3A0408A4
S31508011D5810B50446FFF7F2FF2046602112F04CFB46
S31508011D68204610BD10B50A7A4B7A032A28D8DFE827
S31508011D7802F00210171F072B22D80122C9689A40B8
S31508011D88C36A19B11343C362012010BD23EA0203CA
S31508011D98F9E7072B14D800EB4300CB680386F3E76A
S31508011DA8072B0DD800EB4300CB68A0F84030EBE7CA
S31508011DB8072B05D800EB4300CB68A0F85030E3E7BA
S31508011DC80020E2E710B50446FFF7CCFF84F828009F
S31508011DD8012010BD37B50025044691F820300F4A71
S31508011DE800951AF0CDFA0E4B29462360102284F87D
S31508011DF82850E56204F1300020F050F829461022EF
S31508011E0804F1400020F04AF81022294604F150004E
S31508011E1820F044F8204603B030BD00BF743A0408E0
S31508011E285C3A0408406870470020704738B51C4674
S31508011E3852B91B6808469D690B681B68984701468D
S31508011E482046A847012038BD0020FCE713B50C46F3
S31508011E585AB91A68184601A992699047236820460B
S31508011E685B680199984702B010BD0020FBE70B682B
S31508011E7808469B6818474368585C704700207047AE
S31508011E8880687047F8B51D460B6808469B6816466C
S31508011E980C469847B0420BD92B6831469F68236888
S31508011EA820461B68984701462846B8470120F8BDC9
S31508011EB80020FCE773B51E460B6808469B6815465D
S31508011EC80C469847A8420ED933680DF107019B6855
S31508011ED8304698472368294620465B689DF80720B7
S31508011EE8984702B070BD0020FBE7406884B004B08B
S31508011EF800F07CBE406884B004B000F0EBBE38B58B
S31508011F08044608200D4612F06BFAD4F80C314560E0
S31508011F180360C4F80C0138BD70B5044601604FF476
S31508011F2872700D4612F05CFA0646294600F0E6FB81
S31508011F3805F1C000314612F053F82046666070BDB7
S31508011F4838B504460C200D4612F04AFA034695E8B8
S31508011F5803002268C3E901011A60236038BD00003D
S31508011F6873B506680446482012F03AFA05460D4A3A
S31508011F7806F1B403314600F051FE294606F1C000C0
S31508011F8812F02EF86068084B69465030CDE90035DD
S31508011F98FFF7D6FF206805F14001FFF7B0FF02B049
S31508011FA870BD00BFF43A0408F31E010873B5066844
S31508011FB80446482012F014FA05460D4A06F1AC0300
S31508011FC8314600F02BFE294606F1C00012F008F842
S31508011FD86068084B69465030CDE90035FFF7B0FF10
S31508011FE8206805F14001FFF78AFF02B070BD00BFFE
S31508011FF8D83A0408F31E010873B506680446102082
S3150801200812F0EEF905463146064A00F07FFE606889
S31508012018054B69465030CDE90035FFF791FF02B007
S3150801202870BD00BFD03A0408FD1E010810B5044664
S31508012038FFF796FF2046FFF7B9FF2046BDE810408F
S31508012048FFF7DABF2DE9F34116460F461D46FEF797
S315080120586EFA3188044613F093F9804630B313F0C3
S31508012068C1F8102822D12046298813F089F906468D
S31508012078E0B113F0B7F8102818D100240D4D214600
S315080120882A88404613F03AF97B6835F8022B0093FB
S31508012098BB6801939DE80300FFF717FD2146024631
S315080120A80134304613F02AF9102CE8D102B0BDE8FC
S315080120B8F08100BF243B040870B50D460446B0F903
S315080120C800201A491A4B013A03EB820301EB8202F3
S315080120D801462846FFF7B6FFB4F900201549164BFD
S315080120E8013A284603EB820301EB82022146FFF7F0
S315080120F8A9FFB4F900201149114B013A284603EB07
S31508012108820301EB82022146FFF79CFFB4F90020FE
S315080121180C490D4B013A284603EB820301EB82026F
S315080121282146BDE87040FFF78DBF00BFD03B0408C4
S31508012138BC3B0408803B04086C3B0408A83B04081C
S31508012148943B0408583B0408443B0408D0F88831F2
S31508012158013921EAE1719942A8BF1946084670472B
S31508012168642380894843B0FBF3F000B27047000046
S315080121782DE9F04F4D8885B001930E9BC5F30905E6
S315080121880E46DDE90F71B3F900B0B3F902A00446AA
S31508012198B2F80090B2F80280AB00002D51D018466B
S315080121A80391029312F01CF9DDE9023184464FF0D6
S315080121B8000E03442060A360002D44D163601B1AF6
S315080121C89B108B4228BF0B46224AA4F80C90C4E9F7
S315080121D80524214AA4F80E80C4E90724A4F810B0F6
S315080121E8A4F812A07BB143F31D03821C07F1020C64
S315080121F837F8251020F825103CF8251022F825105F
S315080122080135AB42F4D1102012F0EAF805463146F9
S3150801221804F11402114B13F089F8284612F0E8FF65
S31508012228102012F0DDF805460D4B019904F11C0240
S3150801223813F07CF8284612F0DBFF204605B0BDE806
S31508012248F08F2846B2E72CF804EB2CF802EC013D8E
S31508012258B2E700BF0039040814390408B839040874
S31508012268B43904082DE9F041002506468C469846F6
S3150801227886B0CDE904550F4FDDE904011346CDE9CA
S3150801228801010D4A614630460097FFF771FFCDE90E
S3150801229804550C9BDDE90401074ACDE901010097BC
S315080122A8414606F12400FFF763FF304606B0BDE84C
S315080122B8F08100BFE43B0408E83B04082DE9F7432D
S315080122C817468A8A304B8281322203600123C281EA
S315080122D85F2203712D4B028283600A8C00254361B4
S315080122E8642304460E46D1F81880028383834583FE
S315080122F8C0F88851102012F073F841462246244B3B
S3150801230813F014F8D6F81080102012F069F841462F
S31508012318204B04F1080213F009F8D6F81C8010209E
S3150801232812F05EF841461B4B04F1140212F0FEFF47
S315080123384FF0480904F120082BB2BB4203DB2046BB
S3150801234803B0BDE8F083D4F888E1F06831687268AB
S31508012358B368BEF1050F00EB850C01EB850102EBAD
S31508012368850203EB850309FB0E8005F1010509D0F2
S31508012378CDF800C0FFF776FFD4F888310133C4F8E1
S315080123888831D9E71FF054FDC837040848390408C5
S315080123982C380408BC3904082DE9F34106460D46CC
S315080123A8FFF7D4FE482106F1200301FB0033596AD9
S315080123B89B6A00915B1A9B1001930746DDE90001A8
S315080123C89046FFF782FB04464FB1691E42463046DE
S315080123D809B2FFF7E1FF8442B8BF044624B2204692
S315080123E802B0BDE8F0812DE9F34106460D46FFF72F
S315080123F8ADFE4823434306F120010746C818C958C4
S31508012408436800915B1A9B100193DDE90001904628
S31508012418FFF75BFB04464FB1691E4246304609B2CF
S31508012428FFF7E1FF8442B8BF044624B2204602B04A
S31508012438BDE8F08110B50139044609B2FFF7D3FFA3
S315080124486422238B4343B3FBF2F3184400B210BD4D
S315080124582DE9F04106460F469046FFF7C4FF642565
S31508012468B489424644433946B4FBF5F43046FFF786
S3150801247893FF24B2A042A8BF2046337900B2002BA5
S3150801248808BF0446338B6343B3FBF5F3E01800B280
S31508012498BDE8F0810079704700207047B0F904005B
S315080124A8704710B50446406803681B68984728B101
S315080124B8E0680368BDE810401B681847A068F8E794
S315080124C813B50C4672B91A680DF1070118469268D0
S315080124D89047204623689DF807105B6802B0BDE857
S315080124E810401847002002B010BD10B51C4652B955
S315080124F80B6808461B689847236801469B68204667
S315080125089847012010BD0020FCE770B50D46164610
S315080125180446102011F064FF33462A462146BDE8D1
S31508012528704012F003BFB0F906308B4206DCB0F9E9
S3150801253808308B4202DB81800120704700207047F2
S3150801254830B5C368054689B0D3F8BC0003F050FB1B
S3150801255804462D6D15B9204609B030BDD5E90101E6
S31508012568CDE9060106A8069B984710F47F0FCDE921
S315080125780400CDE90200CDE9000005D0BDF9003017
S315080125889C42A8BF1C4624B22D68E3E770B50546E8
S31508012598B0F91460FFF7D4FF0446E868D0F83C316F
S315080125A800F59E701B689847FB282ED0B442B8BF21
S315080125B83446FF28EB6822B208D1D3F8BC30B3F900
S315080125C804309342A8BF1346184670BDD3F8BC1009
S315080125D8D1E9043103EB81018B421C4601D103463B
S315080125E805E033F9046B8642F6D1B4F902309A420A
S315080125F8A8BF1A4613B29842A8BF1846B5F92C209F
S3150801260800B29A42D8BF0346DEE70023DCE738B5AD
S315080126180446C068D0F8243100F592701B689847BB
S315080126280546E068D0F82C3100F596701B6898477E
S31508012638281A38BD38B5C4680546D4F83C3104F5B6
S315080126489E701B689847013880B2052802D894F904
S315080126584C316BB1002385F84830AB8DB5F91C00B0
S31508012668A5F84A30B5F924309842A8BF184638BDA6
S31508012678D4F8343104F59A701B6898470028E9D0CC
S315080126880123284685F84830B5F84A40FFF7BFFFC1
S31508012698B5F91430204400B29842B8BFB5F92C30C0
S315080126A80128B8BF01209842B8BF1846B5F92420B1
S315080126B89042A8BF1046A5F84A00D8E7F8B5CB68EE
S315080126C8044693F8EC700D462FB1032303708B8EDD
S315080126D843802046F8BD01F56C70B1F94460FFF7EF
S315080126E8E0FE10B127706680F3E795F8483013B114
S315080126F802232370F7E70123FBE700002DE9F84FCA
S31508012708044600260D46DFF8989111F035FC654B0D
S31508012718C4E906962360C4E90896C4E90A96C4F882
S315080127281090D5F8BC00E560666103F059FAE268CD
S315080127388046D2F8BC0003F05BFA5B4AE66322637B
S3150801274840F20552A287E268A4F836802087C4F8C1
S315080127584090D2F8BC00A686666484F84860A4F856
S315080127684A60A4F84C60266503F042FA04F1540954
S31508012778421E4E49484612B2FFF7A0FDE26804F523
S31508012788F078D2F8BC0003F033FA421E48494046AD
S3150801279812B2FFF793FD42F21071E268C4F880633A
S315080127A8C4F88C63A4F88013A4F88C134149E03261
S315080127B8C4E9E412404B41484149C4E9E130C4E956
S315080127C8EA16C4F87833C4F8A0133E4B3E49C4E95F
S315080127D8DB29C4F8748304F55E7B04F5617A04F58C
S315080127E8687904F56A78C4F8C033C4E9EC12C4F800
S315080127F87C0304F11001C4E9E6BAC4E9EE98334A40
S315080128083348C4F8A463C4F8C463FFF77EFE04F129
S3150801281818012E4A2F48FFF778FE04F1280704F114
S3150801282820012A4A2C48FFF770FE3946274A2B48C1
S31508012838FFF76BFE04F13001244A2948FFF765FEC4
S31508012848102011F0CDFD274B04F57072264912F0B8
S315080128586DFD59461D4A2548FFF757FE51461B4A3D
S315080128682348FFF752FE102011F0BAFD4A46214BBC
S31508012878214912F05BFD102011F0B2FD42461D4BAD
S315080128881E4912F053FD04F110032B6404F12003C9
S31508012898AB6304F1180320462F65AB64BDE8F88FCE
S315080128A8A0370408243C0408F43B0408703C0408CF
S315080128B84C3C040838390408283904087C15D0071B
S315080128C8C8370408143C0408043C040828380408D2
S315080128D89C3C0408983C0408943C0408A83C040851
S315080128E8A03C0408483C0408A43C0408C43C040861
S315080128F8B03C04082C380408C83C0408B43C04084D
S3150801290810B50446006803681B689847D4E901238B
S3150801291800280CBF1046184610BD2DE9F047064693
S31508012928C0680124D0F8D03100F5E8701B689847CB
S31508012938F3688046D3F8BC0003F05AF90746F068ED
S31508012948C36C4C301B6898470128B8BF012005B2EB
S31508012958BD4206F56470A8BF3D46FEF78FFE81465F
S3150801296806F55B70FFF7CCFF4946FFF7F9FB824688
S315080129782DB2AC4206DB2C46BC420DDD3C46204650
S31508012988BDE8F08742462146F06802F06BFD5045DE
S31508012998F5DB013424B2ECE742462146F06802F039
S315080129A861FD4845EBDB013424B2E5E72DE9F84337
S315080129B80646C06806F55B79436F74301B68984705
S315080129C80746F068D0F8D03100F5E8701B689847D3
S315080129D8F3688046D3F8BC0003F00AF90446F068A0
S315080129E8C36C4C301B6898470128B8BF012005B24B
S315080129F8A542A8BF25462DB2AC4208DC012406F536
S31508012A085B76AC420FDB2C462046BDE8F883484680
S31508012A18FFF776FF3A462146FFF70CFD8045F3DABC
S31508012A28013C24B2E8E73046FFF76AFF3A462146F1
S31508012A38FFF70EFD4045E7DC013424B2E1E770B53E
S31508012A480546FFF7B3FF0446E868D0F88C308C30A2
S31508012A581B689847064605F56470FEF70FFE631C62
S31508012A681BB28642ACBF1846204670BD13B504464C
S31508012A78FFF753FFA0822046FFF788FDA08420466A
S31508012A88FFF7DDFFA08304F56C70FFF70AFDD8B1DF
S31508012A98B4F92400B4F93E30984219D00023E087E6
S31508012AA884F83D30214601A8FFF708FE9DF8042061
S31508012AB8BDF9063084F8C423E268A38592F8EC20A8
S31508012AC802B9A38602B010BD2046FFF7B3FDE1E7B8
S31508012AD894F83D3094F83C209A4286BF013384F82D
S31508012AE83D30A4F84400DDE710B50446006818B17E
S31508012AF8A168091A11F080FC204610BD70B5054673
S31508012B080446D0F868610EB9284670BD04F1240058
S31508012B18FFF7EAFF2046FFF7E7FF013E4834F2E7E9
S31508012B2838B504460B4B036000F50070FFF7E6FF5E
S31508012B3804F17400FFF7E2FF206D20B9204611F071
S31508012B4812FA204638BD05680C2111F055FC2846AD
S31508012B58F3E700BF243C040810B50446FFF7E0FF75
S31508012B6820464FF4727111F047FC204610BD00004B
S31508012B7810B50446024B036011F0F5F9204610BD5D
S31508012B88DC3C040810B50446FFF7F2FF2046482145
S31508012B9811F032FC204610BD10B5044600690368D9
S31508012BA81B689847B4F920308342CCBF002001201E
S31508012BB894F83C3098420AD0002384F83C00A36371
S31508012BC894F8443063B1B4F92C00208310BDD4E9D4
S31508012BD80D2393423ABF0133A36384F84400EFE710
S31508012BE8E368D3F8BC0003F003F8EEE790F844303D
S31508012BF882B08BB1B0F92C30ADF8043001238DF8C9
S31508012C0806300020BDF8043063F30F00BDF806301E
S31508012C1863F31F4002B070470193F2E72DE9F041CB
S31508012C2804460E461F46154611F0A6F9244BC4E973
S31508012C3803672360D6F8BC0002F0DAFF214BB5F921
S31508012C480810B5F90420204F6361B5F906302083C9
S31508012C5821846284A384D6F8BC00E761B5F9188093
S31508012C6802F0C6FF0123E3852B69184AC4E90D3327
S31508012C7800232E68208684F83C30226484F8443080
S31508012C88A762A4F82C80102011F0AAFB314604F19A
S31508012C981C020F4B12F04AFB6E69102011F0A0FBBB
S31508012CA831460B4B04F1280212F040FB297B68894F
S31508012CB804F1400212F052FE2046BDE8F08100BF39
S31508012CC8DC3C0408A0370408F43B04086C380408FB
S31508012CD82838040813B504460068436A24301B6873
S31508012CE8984780B12389ADF8043001238DF8063059
S31508012CF80020BDF8043063F30F00BDF8063063F30E
S31508012D081F4002B010BD0190F2E7000070B50446F5
S31508012D180160D1F8BC00B2F90460154602F068FFF3
S31508012D28084B2D6863600123A081638126811020E1
S31508012D3811F056FB2946044B221D12F0F7FA2046D4
S31508012D4870BD00BFF43B0408283804088A68054B97
S31508012D589A4206D14B6823B11A68018952681846FE
S31508012D6810477047BC3904088A68064B9A4207D146
S31508012D784B682BB11A68B0F90810526818461047FB
S31508012D88704700BF28380408406802F0FCB9406853
S31508012D9802F0F9B938B5B0F914400546B4F57A7FA1
S31508012DA8A8BF4FF47A74C068642CC36F00F17C001D
S31508012DB81B68B8BF6424984764234443B4FBF3F4F7
S31508012DC82C8438BD10B50446024B036011F0CBF8C4
S31508012DD8204610BD383E040810B50446FFF7F2FF31
S31508012DE82046242111F008FB204610BD70B504467B
S31508012DF80E46154611F0C0F8124BA5822360124BF0
S31508012E08E66023616423E3824FF47A7323830023FC
S31508012E1823620E4B1020E36111F0E2FA04F11C0556
S31508012E2804F110020A4B0B4912F080FA3566102094
S31508012E3811F0D6FA2A46064B074912F077FA2046C0
S31508012E4870BD00BF383E040828390408A0370408AD
S31508012E58283804084C3E0408483E040870B5054657
S31508012E68C06803681B689847642828BF642084B229
S31508012E782869B5F920600368192E1B68B8BF192691
S31508012E889847B0420346A8BF334664221BB223EAD1
S31508012E98E3735343B5F9202093FBF2F39BB2A3429C
S31508012EA8AB8528BF234695F83420002A18BF1C4647
S31508012EB82C8370BD8088704710B50446024B0360A1
S31508012EC811F051F8204610BD683E040810B50446AD
S31508012ED8FFF7F2FF2046382111F08EFA204610BD79
S31508012EE82DE9F04104460E46154611F045F81E4BE4
S31508012EF81E492360E16100231D491E4A21624FF4D8
S31508012F087A71C4E90A236362A36163631A4B62612E
S31508012F18A1842363C4E90365102011F061FA04F159
S31508012F281C02164B164912F001FA04F1280710205B
S31508012F3811F056FA3A46134B134912F0F7F91020CD
S31508012F4811F04EFA04F13002104B114912F0EEF95C
S31508012F58102011F045FA0B4B0E4904F1140212F030
S31508012F68E5F92046BDE8F081683E040828390408D1
S31508012F7865001900583E0408C837040828380408A3
S31508012F88843E0408BC390408783E04082C38040829
S31508012F98803E04087C3E040870474368084618477B
S31508012FA8F8B50446FDF779FE05462046FDF7CEFA3B
S31508012FB800F5E466382011F013FA0446314605F19E
S31508012FC8C0071AF06FF821463846303411F008F868
S31508012FD8C5F89040382011F003FA044631461AF02C
S31508012FE89BF82146384610F0FBFF3034102011F0C3
S31508012FF8F7F92246034B044912F098F9AC67C5F864
S315080130088040F8BDBC3904089C3E0408F8B5044656
S31508013018FDF743FE05462046FDF798FA00F5E466EE
S31508013028382011F0DDF90446314605F1C00719F0D3
S31508013038DDFE21463846303410F0D2FFC5F89040F7
S31508013048382011F0CDF90446314619F009FF214611
S31508013058384610F0C5FF3034102011F0C1F9224660
S31508013068034B044912F062F9AC67C5F88040F8BD0C
S31508013078BC3904089C3E04082DE9F0410446FDF7CD
S315080130880CFE05462046FDF761FA00F5E466382088
S3150801309811F0A6F90446314605F1C00719F054FF9F
S315080130A821463846303410F09BFFC5F89040382041
S315080130B811F096F90446314619F00CFF21463846AF
S315080130C8303410F08DFFAC67C5F88040102011F038
S315080130D887F92246BDE8F041014B024912F026B9A3
S315080130E8BC390408C83E04082DE9F0410446FDF731
S315080130F8D4FD05462046FDF729FA00F5E466382089
S3150801310811F06EF90446314605F1C00719F090FF2A
S3150801311821463846303410F063FFC5F89040382008
S3150801312811F05EF90446314619F048FF214638463A
S31508013138303410F055FFAC67C5F88040102011F0FF
S315080131484FF92246BDE8F041014B024912F0EEB8A3
S31508013158BC390408C83E04088180012070470079F3
S3150801316870470020704700797047002070478088AB
S315080131787047436833F81100704780687047000044
S3150801318810B50446024B036010F0EDFE204610BD4B
S315080131980C3F040810B50446FFF7F2FF20465C21E8
S315080131A811F02AF9204610BD8389934207D8C389A5
S315080131B8934204D34368012023F81120704700205D
S315080131C870471FB50BB2B3EB214F01914FEA214462
S315080131D81ED0591C8AB2072A1AD8621C92B2072A23
S315080131E816D8A342D4BF00230123C3EB41030D2BF1
S315080131F80ED800EB4300838A012200208DF80E20A1
S3150801320863F30F00BDF80E3063F31F4004B010BD19
S315080132186423F1E77FB50BB2019109144A4212B248
S3150801322831EA210128BF11465A4212B233EA230369
S3150801323828BF13468B42054622DDC468E36C04F1B0
S315080132484C001B6898470646E868D0F8D03100F55F
S31508013258E8701B68984731460246204602F002F98B
S315080132680123ADF80C008DF80E300020BDF80C309E
S3150801327863F30F00BDF80E3063F31F4004B070BD49
S3150801328800230393F1E737B50546C068C36A2C30AE
S315080132981B68984784B2E868C36C4C301B68984722
S315080132A8002380B264F30F0360F31F43184603B083
S315080132B830BD000030B5044685B0C06801F09FFFEF
S315080132C80546014604F1400010F002FF236985B35B
S315080132D80A22DA611D4A2046DA621D4A5A64FFF74C
S315080132E8D2FF01462046FFF76CFF10F47F0F0090C6
S315080132F818BFBDF8003004F14C0218BFA4F85030C5
S3150801330823692046DA65FFF7BEFF01462046FFF71F
S3150801331881FF10F47F0F019023691BBFBDF80420B4
S3150801332804F15400C0F30740A4F85820186505B0FD
S3150801333830BD94F8442032B1DD625D64DD651D65F2
S31508013348A4F85050F3E7DA61F1E700BF443F0408EF
S315080133583C3F04082DE9F04104460E46154610F08F
S315080133680BFE1F4BE6602360882095F82080EF68DE
S3150801337811F036F806464246294619F01BFB04F1B0
S3150801338814053146381D10F02BFE00211C22266132
S3150801339828461EF083FD134B0E22C4E90C354FF45B
S315080133A8C8031020C4E90E2304F1300611F018F8F1
S315080133B832460D4B0D4911F0B9FF0023C4E9113303
S315080133C82365A3650A4B0B4A6365642322640A4A83
S315080133D8E26425F8023BAE42FBD12046BDE8F081FE
S315080133E80C3F0408E83E0408B83904084C3F0408A9
S315080133F8FC3E04086C380408F038040881867047CE
S3150801340881867047406802F00FBC000010B5044673
S31508013418024B036019F0E0F8204610BD583F04082E
S3150801342810B50446FFF7F2FF2046382110F0E4FFED
S31508013438204610BD10B50446024B036019F0CCF8B6
S31508013448204610BD743F040810B50446FFF7F2FF7D
S315080134582046382110F0D0FF204610BD70B50E461B
S315080134684368D3E9004504EBC505A54200D170BDFB
S3150801347820462368314698470834F6E72DE9F3418B
S315080134880646382098460F46154610F0A9FF002328
S31508013498044639462A460093434619F06DF80C4BFB
S315080134A80C4A236023692D689B8A10202263A38608
S315080134B810F096FF2946084B04F1300211F036FF41
S315080134C83046214610F08CFD204602B0BDE8F08151
S315080134D8743F0408583E0408BC3904082DE9F34129
S315080134E80446FDF7DAFB06462046FDF7D1FB0446F6
S315080134F890F81880382010F073FF002305462146F6
S315080135080093234A434619F037F8224B224A2B607F
S315080135182B6905F13008B3F9143010202A63AB86F4
S3150801352810F05EFF06F1C00742461C4B1C4911F014
S31508013538FDFE2946384610F053FDC6F89080214607
S31508013548237E3846174AFFF799FF00F13005B56714
S315080135582146237E144A3846FFF790FF3030C6F8CD
S315080135688000102010F03CFF2A46104B104911F034
S31508013578DDFE5C2010F034FF054631462246FFF78A
S31508013588E9FE2946384602B0BDE8F04110F028BDE3
S315080135983C400408583F0408A0370408283804089A
S315080135A864400408C03F040818400408BC390408E4
S315080135B8C83E0408F8B50446FDF76FFB06462046DB
S315080135C8FCF7C4FF00F5E464382010F009FF074644
S315080135D806F1C005214619F06FFF394628463037E6
S315080135E810F0FEFCC6F89070382010F0F9FE074670
S315080135F8214619F09BFF39462846303710F0F0FC6A
S31508013608B767C6F88070382010F0EAFE07462146E3
S3150801361819F0A4FE39462846303710F0E1FCC6F8F9
S31508013628A870382010F0DCFE0646214619F05CFE23
S315080136383146284610F0D4FC382010F0D1FE06464B
S31508013648214619F0C5FE3146284610F0C9FC38202E
S3150801365810F0C6FE0646214619F0F4FE31462846FC
S3150801366810F0BEFC382010F0BBFE0646214619F0BC
S3150801367897FF31462846BDE8F84010F0B1BC00006E
S31508013688F8B50446FDF709FB05462046FCF75EFF33
S3150801369800F5E466382010F0A3FE0446314605F124
S315080136A8C00719F067FA21463846303410F098FCF5
S315080136B8C5F89040382010F093FE0446314619F0B3
S315080136C8ADFA2146384610F08BFC3034102010F03C
S315080136D887FE2246034B044911F028FEAC67C5F854
S315080136E88040F8BDBC3904089C3E04082DE9F04120
S315080136F80446FDF7D2FA06462046FCF727FF00F5E9
S31508013708E465382010F06CFE044606F1C007294620
S3150801371819F0BAFF21463846303410F061FCC6F86C
S315080137289040382010F05CFE0446294619F072FFCD
S3150801373821463846303410F053FC1020B46710F08F
S315080137484FFE114B2246114911F0F0FD382010F0B1
S3150801375847FE8046294619F0D1FF4146384610F0FA
S315080137683FFC382010F03CFE0546214608F1300298
S31508013778FFF7B6FB29463846143510F031FCC6F86A
S315080137888050BDE8F08100BFBC390408C83E04086A
S315080137982DE9F0410446FDF780FA07462046FCF76D
S315080137A8D5FE00F5E465382010F01AFE044607F13F
S315080137B8C00629461AF016F821463046303410F064
S315080137C80FFCC7F89040382010F00AFE044629462F
S315080137D819F0CEFF2146304610F002FC382010F0C9
S315080137E8FFFD074629461AF037F83946304610F0DC
S315080137F8F7FB382010F0F4FD054607F1300204F10D
S315080138083001FFF76DFB2946304610F0E9FB102019
S3150801381810F0E6FD04F13002024B0349BDE8F04118
S3150801382811F084BDBC390408C83E0408F8B5044635
S31508013838FDF733FA05462046FCF788FE00F5E464E9
S31508013848382010F0CDFD064605F1C00721461AF0C5
S31508013858EBF831463846303610F0C2FBC5F89060A9
S31508013868382010F0BDFD064621461AF02FF83146D4
S315080138783846303610F0B4FBAE67102010F0B0FDAC
S315080138883246104B104911F051FD382010F0A8FDA9
S31508013898064621461AF08EF831463846303610F073
S315080138A89FFBC5F88060382010F09AFD0646214628
S315080138B81AF046F831463846303610F091FBC5F805
S315080138C8A860F8BDBC390408C83E04082DE9F041CA
S315080138D80446FDF7E2F905462046FCF737FE00F5EA
S315080138E8E466382010F07CFD0446314605F1C00728
S315080138F81AF00EF921463846303410F071FBC5F82E
S315080139089040382010F06CFD044631461AF0C6F886
S3150801391821463846303410F063FBAC67C5F8804059
S31508013928102010F05DFD2246BDE8F041014B024921
S3150801393811F0FCBCBC390408C83E04082DE9F0415D
S315080139480446FDF7AAF905462046FCF7FFFD00F5EA
S31508013958E466382010F044FD0446314605F1C007EF
S315080139681AF04AF921463846303410F039FBC5F8B9
S315080139789040382010F034FD044631461AF002F911
S3150801398821463846303410F02BFBAC67C5F8804021
S31508013998102010F025FD2246BDE8F041014B0249E9
S315080139A811F0C4BCBC390408C83E04082DE9F04125
S315080139B80446FDF772F905462046FCF7C7FD00F5EA
S315080139C8E466382010F00CFD0446314605F1C007B7
S315080139D81AF0A8F921463846303410F001FBC5F823
S315080139E89040382010F0FCFC044631461AF060F97C
S315080139F821463846303410F0F3FAC5F88040AC67EA
S31508013A08102010F0EDFC2246064B074911F08EFCF2
S31508013A18102010F0E5FC2246BDE8F041014B0349A8
S31508013A2811F084BCBC390408C83E0408604004087F
S31508013A382DE9F0410446FDF730F905462046FCF71D
S31508013A4885FD00F5E466382010F0CAFC04463146BF
S31508013A5805F1C0071AF014FA21463846303410F031
S31508013A68BFFAC5F89040382010F0BAFC044631462A
S31508013A781AF0CCF921463846303410F0B1FAAC6759
S31508013A88C5F88040102010F0ABFC2246BDE8F0418D
S31508013A98014B024911F04ABCBC390408C83E04085E
S31508013AA82DE9F0410446FDF7F8F805462046FCF7E6
S31508013AB84DFD00F5E466382010F092FC04463146BF
S31508013AC805F1C0071AF0DCF921463846303410F0FA
S31508013AD887FAC5F89040382010F082FC044631462A
S31508013AE81AF05AF921463846303410F079FAAC6793
S31508013AF8C5F88040102010F073FC2246BDE8F04155
S31508013B08014B024911F012BCBC390408C83E040825
S31508013B182DE9F8430446FDF7C0F807462046FCF7A1
S31508013B2815FD00F5E465382010F05AFC04462946C7
S31508013B381AF01AFA214607F1C000303410F050FA83
S31508013B48C7F89040382010F04BFC044629461AF06D
S31508013B58D1F9214607F1C000303410F041FABC67A3
S31508013B68102010F03DFC22461B4B1C4911F0DEFBC8
S31508013B78102010F035FC184B2246194911F0D6FBCE
S31508013B88382010F02DFC814629461AF09BFA494639
S31508013B9807F1C00010F024FA382010F021FC8046FD
S31508013BA809F130022146FFF79BF9414607F1C000A2
S31508013BB810F016FA08F11403C7F88030382010F007
S31508013BC80FFC044629461AF043FA214607F1C000B4
S31508013BD8BDE8F84310F004BABC390408C83E04081D
S31508013BE89C3E04082DE9F8430446FDF756F80746AE
S31508013BF82046FCF7ABFC00F5E464382010F0F0FB2E
S31508013C08064621461AF0B0F9314607F1C0003036A2
S31508013C1810F0E6F9C7F89060382010F0E1FB06467F
S31508013C2821461AF0DBF9314607F1C000303610F0A3
S31508013C38D7F9BE67382010F0D3FB814621461AF01A
S31508013C4841FA494607F1C00010F0CAF9382010F0C0
S31508013C58C7FB804609F130023146FFF741F941466B
S31508013C6807F1C00010F0BCF908F11403C7F8803051
S31508013C78382010F0B5FB064621461AF0E9F931460F
S31508013C8807F1C000BDE8F84310F0AAB92DE9F041DB
S31508013C980446FDF702F805462046FCF757FC00F5E9
S31508013CA8E466382010F09CFB0446314605F1C00746
S31508013CB81AF0C6FA21463846303410F091F9C5F893
S31508013CC89040382010F08CFB044631461AF058FA11
S31508013CD821463846303410F083F9C5F88040AC6778
S31508013CE8102010F07DFB2246BDE8F041014B024940
S31508013CF811F01CBBBC390408C83E04082DE9F0417B
S31508013D080446FCF7CAFF06462046FCF71FFC00F5E1
S31508013D18E465382010F064FB044606F1C007294615
S31508013D281AF08CFB21463846303410F059F9C6F892
S31508013D389040382010F054FB044629461AF044FBF3
S31508013D4821463846303410F04BF91020B46710F084
S31508013D5847FB114B2246114911F0E8FA382010F0B1
S31508013D683FFB804629461AF0A3FB4146384610F020
S31508013D7837F9382010F034FB0546214608F1300298
S31508013D88FFF7AEF829463846143510F029F9C6F86A
S31508013D988050BDE8F08100BFBC390408C83E040854
S31508013DA8F8B50446FCF779FF05462046FCF7CEFB2D
S31508013DB800F5E466382010F013FB0446314605F190
S31508013DC8C0071AF0EBFB21463846303410F008F9DB
S31508013DD8C5F89040382010F003FB044631461AF01E
S31508013DE8A1FB21463846303410F0FAF81020AC67A2
S31508013DF810F0F6FA2246034B034911F097FAC5F86B
S31508013E088040F8BDBC390408C83E04082DE9F341C9
S31508013E180646382098460F46154610F0E1FA00235B
S31508013E28044639462A460093434618F0A5FB0C4B27
S31508013E380C4A236023692D689B8A10202263A3866E
S31508013E4810F0CEFA2946084B04F1300211F06EFA41
S31508013E583046214610F0C4F8204602B0BDE8F08184
S31508013E68743F0408583E0408BC3904082DE9F3418F
S31508013E780446FCF712FF06462046FCF709FF0446E6
S31508013E8890F81880382010F0ABFA00230546214629
S31508013E9800931D4A434618F06FFB1C4B1C4A2B60BE
S31508013EA82B6905F13008B3F9143010202A63AB865B
S31508013EB810F096FA06F1C0074246164B164911F054
S31508013EC835FA2946384610F08BF8C6F89080214607
S31508013ED8237E3846114AFFF799FF00F13005B56781
S31508013EE82146237E0E4A3846FFF790FF3030C6F83A
S31508013EF88000102010F074FA2A460A4B0A4902B0C3
S31508013F08BDE8F04111F012BA3C400408583F0408CC
S31508013F18A03704082838040864400408B442040889
S31508013F2818400408BC390408C83E040810B50446F4
S31508013F38024B036010F017F8204610BD0C4304081D
S31508013F4810B50446FFF7F2FF20462C2110F054FA63
S31508013F58204610BD38B5B0F914400546B4F57A7F40
S31508013F68A8BF4FF47A74C068642C0368B8BF642480
S31508013F781B6898474FF47A73584390FBF4F000B2DC
S31508013F889842A8BF1846A3F5FA639842B8BF1846D7
S31508013F980A2300282885B8BF404280B2B0FBF3F04F
S31508013FA8288438BD2DE9F0470446FCF776FE054610
S31508013FB82046FCF7CBFA00F5E466382010F010FA2B
S31508013FC8044605F1C00731461AF098FB21463846DA
S31508013FD8303410F005F8C5F89040382010F000FA8A
S31508013FE8044631461AF016FB2146384630340FF096
S31508013FF8F7FFAC67382010F0F3F9804631461AF016
S3150801400843FB4146384608F130080FF0E9FFC5F881
S3150801401860802C2010F0E4F904460FF0ADFF1E4A23
S315080140281E4B22611E4A2360626100234FF47A728D
S31508014038A36123622283A3621A4A1B4BC4F80C8024
S31508014048E2616362102010F0CBF904F11002174BF4
S31508014058174911F06BF9102010F0C2F904F124027E
S31508014068124B144911F062F904F11C082146384625
S315080140780FF0B6FF3820C5F8808010F0B1F904466C
S3150801408831461AF075FB2146384630340FF0A8FF39
S31508014098AC62BDE8F08700BF283904080C43040858
S315080140A85E016400583E0408A03704082838040845
S315080140B84C3E04087C3E04082DE9F0410446FCF709
S315080140C8ECFD05462046FCF741FA00F5E467382079
S315080140D810F086F9044639461AF088FB214605F197
S315080140E8C00030340FF07CFF3820AC6710F078F93F
S315080140F8064639461AF0B4FB314605F1C000303692
S315080141080FF06EFFC5F89060C5F88040BDE8F081EC
S315080141182DE9F0410446FCF7C0FD06462046FCF7A2
S3150801412815FA00F5E465382010F05AF9044606F13F
S31508014138C00729461AF008FC2146384630340FF0DC
S315080141484FFFC6F89040382010F04AF90446294628
S315080141581AF0C0FB2146384630340FF041FF1020CB
S31508014168B46710F03DF9114B2246114911F0DEF8F2
S31508014178382010F035F9804629461AF01FFC4146C1
S3150801418838460FF02DFF382010F02AF90546214642
S3150801419808F13002FEF7A4FE2946384614350FF011
S315080141A81FFFC6F88050BDE8F08100BFBC39040876
S315080141B8C83E04082DE9F0410446FCF76EFD06469B
S315080141C82046FCF7C3F900F5E465382010F008F92C
S315080141D8044606F1C007294619F012F82146384659
S315080141E830340FF0FDFEC6F89040382010F0F8F884
S315080141F80446294618F0CAFF2146384630340FF0D6
S31508014208EFFE1020B46710F0EBF82246094B0A496D
S3150801421811F08CF8382010F0E3F88046294619F091
S3150801422829F8414638460FF0DBFEC6F88040BDE856
S31508014238F08100BFBC390408C83E04082DE9F041DD
S315080142480446FCF72AFD06462046FCF77FF900F5E1
S31508014258E465382010F0C4F8044606F1C007294673
S3150801426818F050FD2146384630340FF0B9FEC6F825
S315080142789040382010F0B4F80446294618F008FD8D
S315080142882146384630340FF0ABFE1020B46710F0DB
S31508014298A7F8114B2246114911F048F8382010F0B1
S315080142A89FF88046294618F067FD414638460FF0BB
S315080142B897FE382010F094F80546214608F1300291
S315080142C8FEF70EFE2946384614350FF089FEC6F85C
S315080142D88050BDE8F08100BFBC390408C83E04080F
S315080142E873B50446FCF7D9FC05462046FCF72EF9B2
S315080142F8064601A8019400F00DFC382010F070F864
S31508014308044606F5E4611AF093FB214605F1C00057
S315080143180FF066FE3034C5F8904002B070BDF8B5A6
S315080143280446FCF7BAFC05462046FCF70FF900F5E2
S31508014338E466382010F054F80446314605F1C007FA
S315080143481AF0EAFB2146384630340FF049FEC5F81B
S315080143589040382010F044F8044631461AF0A2FB7A
S315080143682146384630340FF03BFEAC67C5F8804025
S31508014378F8BD000010B50446024B03600FF0F3FDC3
S31508014388204610BD0446040810B50446FFF7F2FF97
S3150801439820466C2110F030F8204610BD10B50446A9
S315080143A8024B03600FF0DFFD204610BD1C460408CA
S315080143B810B50446FFF7F2FF20463C2110F01CF819
S315080143C8204610BD10B50446024B0360FFF7E6FF09
S315080143D8204610BD4446040810B50446FFF7F2FF07
S315080143E82046442110F008F8204610BDC26873B566
S315080143F8B0F92030B2F9481004460B44B0F93C101C
S315080144088B42CCBF0123002380F8603003DD9088F6
S31508014418A08202B070BD806903681B689847054683
S31508014428E368B3F93A10B4F93C3019448842B4BF81
S315080144380021012104F144000FF009FFE368B4F9EA
S315080144482010B3F9223004F128002B448B42CCBF43
S31508014458002101210FF0FBFEB4F92060B4F93C00F4
S31508014468B542B8BF35462DB28542A8BF0546E368A9
S3150801447894F85820D9891B8A009522B902463046EC
S315080144880FF0DFFFC4E73246FAE7000010B5044625
S31508014498074B40F8303BFCF799FCE06818B16169AD
S315080144A8091A0FF0A9FF20460FF05DFD204610BD39
S315080144B88446040810B50446FFF7E8FF2046A021FC
S315080144C80FF09AFF204610BD70B50D4616460446EC
S315080144D810200FF085FF33462A462146BDE870406D
S315080144E810F024BFFCF7D9BB436858681B68C01A83
S315080144F880107047436858681B68C01A801070474F
S3150801450843681B6803EB8103B3F9020070474368E4
S315080145181B6833F921007047B0F90C3010B593427E
S3150801452817DCB0F90E30934213DB046804EB8103F8
S3150801453824F82120416804330431994201D1012024
S3150801454810BD33F9040C04339042B8BF23F8082C7C
S31508014558F3E70020F4E708B54068FFF7DDFF08BD73
S31508014568B0F91030934209DCB0F91230934205DBF1
S315080145780368012003EB81035A80704700207047BE
S3150801458808B54068FFF7ECFF08BD0000F8B5054611
S315080145980068FFF7A7FF06462868FBF7C5FF074621
S315080145A864200FF01DFF044607F5E0521C3207493F
S315080145B811F0C8FE214606F1C0000FF011FD286862
S315080145C8FFF790FF4C34C0F89040F8BD3847040807
S315080145D810B50446002128300FF033FE002104F1F6
S315080145E844000FF02EFE002384F86030E3689B88A8
S315080145F8A38210BD08B5FFF7EBFF08BD10B5044641
S31508014608FFF7E6FF626E938901339381A26E938958
S315080146180133938110BD08B54068FFF7EFFF08BD60
S31508014628F8B5054610200E4617460FF0D9FE04467A
S315080146383B463246294610F079FE2046F8BD000069
S315080146482DE9F04104460068FBF76EFF00F13801D1
S315080146584E4811F0E3FE2068FFF744FF0746206835
S31508014668FBF762FF00F5B276A0200FF0B9FE044603
S3150801467825460FF081FC464B102045F80C3B0FF0F8
S31508014688AFFE0021034600F11002E060626119805D
S31508014698598004339A42FAD14FF0FA7322613D4A96
S315080146A8C4E906233C4B3D4AC4E908353C4BC4E9F1
S315080146B80A35031D14301188043323F8081C518858
S315080146C8043223F8061C8342F5D110200FF088FE20
S315080146D8054604F12002334B334910F027FE2846D4
S315080146E810F086FD10200FF07BFE054604F128021E
S315080146F82E492C4B10F01AFE284610F079FDD4E9FC
S315080147080383A3EB08039D1004F130000FF034FC72
S3150801471865646425264BC4E90F68264E2363162269
S315080147280021A4F84850E664A4F8505004F158004A
S315080147381DF0B4FB0022C4E91C00C4E91E6204F199
S3150801474854000A21FCF7CCFB2B4603221A4904F12B
S31508014758800011F091FA2B460322184904F19000BA
S3150801476811F08AFA04F14C01154A1648FFF758FF61
S31508014778134AE16B1448FFF753FF07F1C0002146B6
S315080147880FF02EFC04F14C00BDE8F08194460408AC
S3150801479884460408000088135C460408EC450408A6
S315080147A870460408B4390408704704086C470408B5
S315080147B8B0370408A0370408A4460408A64604081E
S315080147C8283804085447040858470408D0E9062332
S315080147D89B1A5810002BB8BF0B30704770B50446A2
S315080147E81430FFF7F3FF002204F12A01904208D199
S315080147F800231E4604F12A059A420BD10023238772
S3150801480870BDE36A02338B4202D2E3620132EDE7F5
S31508014818163BF8E7206B811CA94203D206800133AF
S315080148282163E9E71639F7E7406808B50430FFF761
S31508014838CDFF80B208BD38B5D0E90632002400F1AB
S3150801484816019A4205D1FFF7C1FFB4FBF0F080B211
S3150801485838BD33F8025B2C448B42F2D3163BFBE78F
S3150801486810B50446C06803681B689847236B04F1AA
S315080148781402023B9A420BD82363E36A023B9A4223
S3150801488808D818801046E362FFF7D5FF208710BDC0
S315080148981633EFE71633F2E70A2928BF0A21F8B5CE
S315080148A8071D0129044638460D46164638BF01250F
S315080148B8FFF78CFF2A1A114604F11A0C00290EDB98
S315080148C8002AA0EB0500C8BF002004F11A05104408
S315080148D870B91AB13846FFF7AEFF2085F8BDE36906
S315080148E80233634502D2E3610131E7E7163BF8E78C
S315080148F8216A8B1CAB4203D20E8001382362E7E793
S31508014908163BF7E72DE9F04F05468DB00068FBF72A
S315080149180BFE00F144016A4811F080FD2868FFF78B
S31508014928E1FD83462868FBF7FFFD82466C200FF0F8
S3150801493857FD044600270FF01FFB624BDFF88891E5
S3150801494823600AF5A07341F2883A04F11006C4F8FF
S315080149580C90DFF878817760A3615D4BC4F820A0D5
S31508014968E361A4F824A009F12401C4F8108004F12C
S31508014978280011F093F9564BA4F840A0C4E90E375C
S3150801498809F13C0104F1440011F088F9514B03225D
S31508014998636541F20171A76504F15C0004F1380702
S315080149A811F040F939464C4A4C48FFF739FE04F1EB
S315080149B81C0A5146484A60664948FFF731FE31469E
S315080149C8484AA0664848FFF77FFDA169424A474811
S315080149D8FFF726FEE368D96C49B1102005910FF057
S315080149E8FFFC434B059904F1540210F09FFC21463C
S315080149F80BF1C0000FF0F4FA2868FFF773FD81463A
S31508014A082868FFF76FFDA3698346CDE9073A394B4D
S31508014A184820CDE90A3409970FF0E2FC04460CABA5
S31508014A2813E90F008DE80F00079B0BF5B2722046B4
S31508014A38314911F0E9FD214609F1C0000FF0D0FA14
S31508014A482868FFF74FFD074644200FF0C9FC0446BE
S31508014A580FF092FA294BE66023601622002104F129
S31508014A6814001DF01BFA002204F11006C4E90B0014
S31508014A78C4E90D8230460A21FFF70EFF04F1340115
S31508014A88184A1F48FFF720FD1E4B164A23601E4B7E
S31508014A9804F13C01C4E90F361C48FFF715FD214608
S31508014AA807F1C0000FF09CFA0E4A194804F13401BF
S31508014AB8FFF70AFD04F134000DB0BDE8F08F00BF19
S31508014AC8CC46040804460408D4460408583E040893
S31508014AD8F43B0408C8370408283804087C4704083E
S31508014AE880470408BC3904089C3E0408684704083A
S31508014AF82C3804081F460108244704081C460408DC
S31508014B08C83E040844460408344604087847040895
S31508014B186040040838B50546FFF7F4FE04462868D8
S31508014B28FFF7E0FC84672868FFF7DCFCC0F88040DB
S31508014B3838BD2DE9F0410546FFF7E4FE0646286823
S31508014B48FFF7D0FC86672846FFF77AFD804628686E
S31508014B58FFF7C8FC074638200FF042FC04464246D0
S31508014B683146FEF7BDF9214607F1C0000FF038FABC
S31508014B782868FFF7B7FC1434C0F88040BDE8F0810F
S31508014B880A2908B505D840680022FFF785FE0120DD
S31508014B9808BD0020FCE708B53030FCF7C1FA08BDA6
S31508014BA837B50546FCF779F8044601A80195FFF7D4
S31508014BB8C0FF01A8FFF7EAFC24200FF011FC0546FF
S31508014BC84FF4FA722146FEF711F9294604F1C00095
S31508014BD80FF006FA03B030BD2DE9F0410446FCF79B
S31508014BE85CF805462046FBF7B1FC00F5E466382073
S31508014BF80FF0F6FB0446314605F1C0071AF000F82E
S31508014C082146384630340FF0EBF9C5F8904038207C
S31508014C180FF0E6FB0446314619F0B8FF2146384637
S31508014C2830340FF0DDF9AC67C5F8804010200FF075
S31508014C38D7FB2246BDE8F041014B024910F076BB85
S31508014C48BC390408C83E0408F8B50446FCF725F833
S31508014C5805462046FBF77AFC00F5E46638200FF08E
S31508014C68BFFB0446314605F1C0071AF03DF821464F
S31508014C78384630340FF0B4F9C5F8904038200FF0AB
S31508014C88AFFB0446314619F0F5FF2146384630345C
S31508014C980FF0A6F9AC67C5F88040F8BD10B504460B
S31508014CA8024B03600FF05FF9204610BD104804084F
S31508014CB810B50446FFF7F2FF204670210FF09CFB5A
S31508014CC8204610BD70B50D461646044610200FF04D
S31508014CD887FB33462A462146BDE8704010F026BBB5
S31508014CE830B5D0E90641002223461630994208D143
S31508014CF8091B4B100029B8BF0B3392FBF3F000B21E
S31508014D0830BD33F9025B2A448342EFD3163BFBE7EE
S31508014D182DE9F0410446FBF7C0FF06462046FBF796
S31508014D28BCFF07462046FBF7FFFB804664200FF0C9
S31508014D3857FB054608F5E0521C32384911F002FBC3
S31508014D48294607F1C0004C350FF04AF9C6F89050C4
S31508014D582046FBF7A2FF07462046FBF7E5FB436C0F
S31508014D6800215B6805464430984770200FF038FBE8
S31508014D7804460FF001F92A4B2A4A23602A4B05F5FE
S31508014D88A0752361042363613223E5602383E26105
S31508014D9823841622002104F128001DF07FF8002239
S31508014DA8224BC4E91000E264A36404F124000A2131
S31508014DB8FCF796F8642301221D4904F1500010F006
S31508014DC85BFF04F11C05642301221A4904F16000FA
S31508014DD810F052FF2946184A1848FFF773FFD4F806
S31508014DE80C8010200FF0FCFA4246154B154910F0B5
S31508014DF89DFA214607F1C0000FF0F2F829460E4A36
S31508014E081148B567C6F88050FFF75CFF2946BDE823
S31508014E18F041094A0D48FFF755BF00BF5C48040829
S31508014E2810480408583E04084C480408A0370408E2
S31508014E383C4804083E480408BC3904089C3E040852
S31508014E4828380408684704087C3E0408C83E04084C
S31508014E58F7B505462B461446CDE9000141F31D026F
S31508014E6800EB8100002A05DC834211D133F8020CD4
S31508014E7803B0F0BD511033F9217003EB8106A7423F
S31508014E88DCBF511A01F1FF310A46D8BF331DE9E7DC
S31508014E989D425888ECD033F8025C401B61EB01014E
S31508014EA850EA010218D033F9046CB3F90020D31774
S31508014EB8921B63EBE67352EA03070DD0E717A41BA7
S31508014EC804FB01F167EBE67700FB0717A4FB000172
S31508014ED839441CF091FA0544A8B2C9E738B54369BB
S31508014EE8044613B9208B208438BDC06803681B683B
S31508014EF89847636C04F12802023B9A4232D86364E4
S31508014F08236C023B9A422FD8188010462364FFF770
S31508014F18E7FE05462369A4F84C00B3F90010814257
S31508014F28D4BF0021012104F150000FF090F96369FB
S31508014F38226903F18043013B32F9231004F1600029
S31508014F48A942ACBF002101210FF081F9236D002B7D
S31508014F58C8D0236E002BC5D0D4E904012A46FFF729
S31508014F6877FFC0E71633C8E71633CBE7F8B5044623
S31508014F78FBF793FE05462046FBF7E8FA00F5E464D5
S31508014F8838200FF02DFA064605F1C007214619F013
S31508014F9893FF3146384630360FF022F8C5F8906047
S31508014FA838200FF01DFA0646214619F011FF314639
S31508014FB8384630360FF014F8C5F8806038200FF0F7
S31508014FC80FFA0646214619F0C9FE314638463036E3
S31508014FD80FF006F8AE6738200FF002FA06462146A2
S31508014FE819F030FF314638460EF0FAFF54200FF013
S31508014FF8F7F9064621461AF007F8314638460EF0FB
S31508015008EFFF06F138032C36C5F83031C5F82861A3
S31508015018F8BD0000F8B50646FBF73FFE07463046D9
S31508015028FBF794FA00F5E46568200FF0D9F9044608
S315080150380EF0C6FF0B4B29462360A76104F11C0035
S3150801504807F09AFE294604F1480007F0CBFE07F156
S31508015058C00021460EF0C4FF3046BDE8F8401AF0F4
S3150801506807B800BF8048040803685B68184708231F
S3150801507810B5044680F83D308069C36A2C301B6830
S31508015088984707F01BFE84F83C00A069D0F854310C
S3150801509800F5AA701B68984784F84000A069D0F8FB
S315080150A8843084301B689847B0F1640318BF01231C
S315080150B884F84130FE2358436423B0FBF3F0C0B2A9
S315080150C8E08704F11C00FFF7CFFF04F14800FFF75A
S315080150D8CBFF10BD10B50446064B40F8483B07F010
S315080150E86DFE04F11C0007F033FE20460EF0B8FFEA
S315080150F8204610BD8048040810B50446FFF7EAFFA4
S31508015108204668210FF078F9204610BD03289ABF72
S31508015118014B185C49207047B84804080B680846CB
S315080151289B681847F8B51D460B6808469B681646D6
S315080151380C469847B0420BD92B6831465F692368F4
S3150801514820461B68984701462846B8470120F8BDF6
S315080151580020FCE773B51E460B6808469B6815468A
S315080151680C469847A8420CD9336801A95B693046A9
S3150801517898472368294620465B68019A984702B0EA
S3150801518870BD0020FBE710B504460846FBF7CFF9C2
S315080151986368198810F0F4F8014628B1236820468F
S315080151A8BDE810401B68184710BD90F8A4311BB913
S315080151B890F8CC3183F00103184670470079704797
S315080151C880887047436803EB8103B3F90200704787
S315080151D80020704780687047436833F92100704793
S315080151E880687047007970470171012070474068E7
S315080151F803681B681847406803681B68184738B569
S3150801520804462C30FFF7F7FF054604F14C00FFF773
S31508015218F2FF281A18BF012038BD406803681B68C1
S31508015228184708B50C30FFF7F8FF002814BF6420A3
S31508015238002008BDB0F9040070478088704738B562
S315080152481C4652B91B6808469D680B681B6898472F
S3150801525801462046A847012038BD0020FCE713B5BA
S315080152680C466AB91A6818460DF1070192689047FB
S31508015278236820465B689DF80710984702B010BD59
S315080152880020FBE74068FFF7CCBF4068FFF7B7BFC8
S3150801529837B5836804460D468DF8071008300DF1B1
S315080152A80701984700B1257103B030BDC3888B4201
S315080152B805D803898B4202D38180012070470020D3
S315080152C8704713B50C4672B91A680DF107011846E5
S315080152D892689047204623689DF807105B6802B0D4
S315080152E8BDE810401847002002B010BD10B51C468D
S315080152F852B90B6808461B689847236801469B6894
S3150801530820469847012010BD0020FCE70978406827
S3150801531800F0C0BC70B50D461646044610200FF0BD
S315080153285FF833462A462146BDE870400FF0FEBFAE
S3150801533870B50D461646044610200FF051F8334647
S315080153482A462146BDE870400FF0F0BF4368B3F915
S31508015358000070474068FFF728BF000038B50446C3
S31508015368114B0360114B00F5887003600EF0FBFDC5
S31508015378D4F80C0158B9D4F8000170B904F1C00081
S31508015388FBF70CFD20460EF0EEFD204638BD0568F4
S3150801539808210FF031F82846ECE7056808210FF0CF
S315080153A82BF82846E9E700BFC4490408AC4A0408AB
S315080153B810B50446FFF7D2FF20464FF40C710FF0DB
S315080153C81BF8204610BD03681B68184710B5044624
S315080153D800F58870FFF7F7FF04F1C000FFF7F3FF40
S315080153E810BD0000F8B505468C30FFF704FF0446E2
S315080153F805F19400FFF7FFFE002CA4EB0003A5F8BE
S31508015408FC3129DD4FF47A7320EAE07159434FF6E6
S31508015418FF76B1FBF4F1B14228BF314605F15C00CC
S31508015428A5F80412FFF7E7FEA4FB044780EAE07132
S31508015438A1EBE0710A4889B23B462246A1FB000165
S315080154481CF02AF8B0F5803F71F10001034600D334
S315080154583346A5F80C32F8BD0023A5F80432F8E757
S315080154688096980010B5D0F8BC00144600F0CAFB1F
S315080154786423604390FBF3F000B210BD10B551B137
S315080154886423B0F9D44194304C4394FBF3F4FFF701
S31508015498B2FE241A21B2084610BD10B50446D0F842
S315080154A8BC0000F0AFFB01462046BDE81040FFF7F7
S315080154B8E5BF38B504469C30FFF79DFE45422DB237
S315080154C815EA200538BF0546B5FA85F394F8C621C5
S315080154D85B09934265D0002284F8C63184F8C52150
S315080154E804F12400FFF799FE002866D0B4F994114F
S315080154F894F8AC0164220128B4F970316AD00228FB
S315080155085DD0A4F8D451554395FBF1F5554395FB60
S31508015518F3F5A4F8DC5104F12C00FFF76CFEB4F995
S31508015528D42101462046FFF79DFFA4F8E40104F1BA
S315080155382C00FFF760FE01462046FFF7AEFFA4F8E8
S31508015548EC0104F19400FFF756FEB4F9D4311BB106
S315080155586422504390FBF3F3A4F8F43104F18C0068
S31508015568FFF749FE0028D4BF0020012094F89E3190
S3150801557898423BD0002384F89E0184F89D31B4F8FB
S315080155888811B4F9DC31B4F8BC214B43BF21B3FB0C
S31508015598F1F3A4F8BC319B1AA4F8C021A4F8C231C6
S315080155A838BD94F8C52194F8C411914286BF0132D1
S315080155B884F8C52184F8CC3192E7642198E76B43CE
S315080155C893FBF2F34B4393FBF2F3A4F8DC51A4F8EB
S315080155D8D431A0E702FB05F04D4390FBF3F395FBA5
S315080155E8F2F5A4F8DC31A4F8D45194E794F89D317E
S315080155F894F89C219A4286BF013384F89D3184F830
S31508015608A401BCE710B5D0F80C4134B16068036849
S315080156181B68984708B92468F7E7201E18BF0120B0
S3150801562810BD10B5D0F8004104B910BD6068002155
S3150801563803685B6898472468F6E7000008B5054BD0
S315080156481868FAF77EFFD0F86802003818BF0120F3
S3150801565808BD00BFC09E002010B50446FFF7EEFF3F
S3150801566884F8FC0010B12046FFF7DBFF2046FFF758
S3150801567820FF2046FFF7B6FE2046FFF7C3FF84F84A
S31508015688080104F58870FFF7EFFC04F1C000FFF77D
S31508015698EBFC10BDF8B5054610200E4617460EF068
S315080156A89FFE04463B46324629460FF03FFE2046F2
S315080156B8F8BD00002DE9F04F04460D4685B00EF0F9
S315080156C85BFCC74BC74A2360C74BE260C4E904328F
S315080156D8C4E90632C4E90832A362C44AC44B04F5CC
S315080156E8AE71C4E90C23C4E90E23C4E91023C4E93D
S315080156F81223C4E9142304F12C02C4E91623BD4A6A
S31508015708E362C4E9182304F15C02A266BA4A04F101
S31508015718C000C4E91C12B949E266C4E91E1204F1BB
S315080157287401C4E92012B64A0021C4E92223B54AFC
S31508015738B54FC4E92423C4E92623C4E92823B34A6F
S31508015748B34EC4E92A23B34AC4E92C23C4E92E254E
S3150801575818221CF0A3FB0EF033FC0022AE4BAF480F
S31508015768C4F8C030C4F8DC20AD4D04F1D80304F1FF
S31508015778E803019304F1F003C4F8D800C4F8E42057
S31508015788C4F8E000C4F8EC20C4F8E8005A60C4F884
S31508015798F050A44DC4E93E0204F1E001C4F8002121
S315080157A8C4F80821C4F80451C4F80C2104F5887012
S315080157B80393029100F0D8F99B480022C4E95504DD
S315080157C89A48C4F87421C4E957049948C4F8982131
S315080157D8C4E959049748C4F87871C4F8700141F2C4
S315080157E88830A4F87401A4F8980143F23220C4F861
S315080157F88471914FDFF844C2C4F8887142F2107770
S31508015808C4F87CC14CF2503CC4F89C21C4F86C61BC
S31508015818A4F89C01C4F89061D4F8BC00884EC4F871
S315080158288C21C4F894610678A4F88C7184F8AC6163
S31508015838844F854EC4F88021C4E96C60A4F880C1F8
S31508015848C4F8A421C4F8A051C4F8A871C4F8BC21A5
S31508015858C4E9725201257D4EDFF8F4C1DFF8F4E197
S3150801586884F8CC517C4DC4F8C021C4F8C461C4E994
S315080158787652C4E97852C4E97A52C4E97C52C4E931
S315080158887E52C4E980C2C4E982C2C4F8B8C1C4F860
S31508015898D421D0E902C2C4E984ECC4F81822DFF895
S315080158A8BCE1C4F824226E4A1830C4E987ECC4F866
S315080158B82822C4F82C026B4A6B48C4F8D0510299BD
S315080158C8FFF7E8FE674A01996848FFF7E3FE684A61
S315080158D8684804F5EC71FFF72BFD654A664804F537
S315080158E8B671FFF725FD654A654804F5C271FFF7E4
S315080158F811FD5F4A04F5C8716248FFF719FD1020C2
S315080159080EF06EFD604B614904F504720FF00EFD49
S31508015918574A5F4804F5E871FFF70AFD544A04F542
S31508015928F8715C48FFF704FD10200EF059FD564B37
S31508015938594904F507720FF0F9FC4D4A574804F519
S31508015948F471FFF7F5FC04F5FC77494A544804F560
S315080159580A71FFF7EDFC3946454A5248FFF7E8FC54
S31508015968464A514804F50071FFF7D4FC434A4F48A3
S3150801597804F50271FFF7CEFC404A4D4804F5BC719F
S31508015988FFF7C8FC3D4A4B4804F5DC71FFF7C2FC32
S31508015998D4F8BC305B785A1E1A4208D010200EF08B
S315080159A81FFD454B454904F5D4720FF0BFFC04F1B8
S315080159B8D8012C4A4248FFF76DFE0FF019FC102052
S315080159C80EF00EFD05463F4B3F4904F1F0020FF074
S315080159D8ADFC28460FF00CFC204605B0BDE8F08F53
S315080159E8C4490408FC48040800400020604A040821
S315080159F80C490408084000201C49040818400020DE
S31508015A08484A0408104000206C490408584A040802
S31508015A18F43B0408504A0408D8370408C837040868
S31508015A282C4904086C3804083C4904084C490408FC
S31508015A385C49040872010A00E40264007805C80092
S31508015A4864000A007C49040815530108323201002A
S31508015A58583E04088C490408A0370408A0490408D4
S31508015A68B44904082C380408444A0408404A040876
S31508015A7828380408044A04083C440408BC390408BC
S31508015A884444040840440408B4390408344A040858
S31508015A98244A0408284A0408304A0408204A0408FB
S31508015AA82C4A04081C4A0408184A0408144A040813
S31508015AB8104A0408084A0408004A04080C4A040853
S31508015AC83C4A0408FC490408384A040810B504463F
S31508015AD8024B03600EF047FA204610BDAC4A04088B
S31508015AE810B50446FFF7F2FF204644210EF084FC60
S31508015AF8204610BD10B504462C30FFF77CFBB4F9D7
S31508015B083E30984224D025DA4FF0FF3384F83C30EA
S31508015B18E08704F10C00FFF780FB94F841309842BE
S31508015B281AD01BDA4FF0FF3384F8403084F8410065
S31508015B3804F12400FFF771FB94F8433098420FD01B
S31508015B4810DA4FF0FF3384F8423084F8430010BD69
S31508015B580023DBE70123D9E70023E5E70123E3E788
S31508015B680023F0E70123EEE710B504460EF004FA20
S31508015B78114B124A2360124B1249C4E90432C4E98B
S31508015B880632C4E90832A362A3630023E1620E4917
S31508015B98E260C4E90C12A387E387A4F84030A4F8A5
S31508015BA8423010200EF01CFC084B094904F12C025E
S31508015BB80FF0BCFB204610BDAC4A0408FC48040893
S31508015BC8004000200C490408604A040828380408DB
S31508015BD8BC4A0408C3688068013B00EB8300704728
S31508015BE8C3681BB18368B3F9000070471846704744
S31508015BF808B5C36823B1FFF7EDFFB0F9000008BD82
S31508015C081846FCE710B5D0E9023203EB8202934243
S31508015C18184601D1002005E033F9044B8C42F6D128
S31508015C28B0F9020010BD0000F8B5054608460F464A
S31508015C38FAF77DFC4FF400510FF0A2FB80B1826898
S31508015C48134B9A420CD1406850B103681B689847B0
S31508015C58D5E900450C23064603FB0545A54200D1AF
S31508015C68F8BD2268C6F12001D2E90030A6F1200262
S31508015C78F34000FA01F10B4320FA02F21343DB075A
S31508015C8803D539466368201D98470C34E6E700BFF3
S31508015C98A43604084078084100F00100704710B599
S31508015CA80446C068C36A2C301B68984704280BBF8A
S31508015CB8E0682069D0F8E03103680ABF1B681B68E9
S31508015CC800F5F0709847208310BD000010B504460A
S31508015CD8024B03600EF047F9204610BDC84A04086E
S31508015CE810B50446FFF7F2FF20461C210EF084FB87
S31508015CF8204610BD70B504460E4615460EF03CF909
S31508015D080A4BC4E9036523600023A361084B04F120
S31508015D1814056361C6F8985010200EF061FB2A46EF
S31508015D28044B05490FF002FB204670BDC84A040812
S31508015D38A037040828380408D84A040803685B68A1
S31508015D48184703685B68184770B5D0E903342268B1
S31508015D58184655681A68126890472B460146204620
S31508015D68BDE87040184770B5D0E90334226818466B
S31508015D7855681A68126890472B4601462046BDE8B9
S31508015D887040184710B50446024B03600EF0EBF84D
S31508015D98204610BD044B040810B50446FFF7F2FF68
S31508015DA8204614210EF028FB204610BD10B50446DE
S31508015DB8024B03600EF0D7F8204610BD1C4B0408A9
S31508015DC810B50446FFF7F2FF204614210EF014FB1E
S31508015DD8204610BD70B50D461646044610200EF02D
S31508015DE8FFFA33462A462146BDE870400FF09EBAA7
S31508015DF8F8B5054614200F4616460EF0F1FA04467C
S31508015E080EF0BAF8054B2146C4E90376236005F175
S31508015E18C000BDE8F8400EF0E3B800BF044B04081B
S31508015E2870B50D461646044610200EF0D9FA3346C3
S31508015E382A462146BDE870400FF078BAFAF72DBF11
S31508015E48FAF772BB4368B3F90800704773B5436834
S31508015E58ADF80610ABB1046803F18043B4F90050F4
S31508015E68013BA942BCBF2946224604EB830634F9FD
S31508015E782330A8BF0DF106028B42B8BF3246B2F9E4
S31508015E8800100181012002B070BD08B54068FFF70E
S31508015E98DDFF012008BD00002DE9F341044600682D
S31508015EA8FFF7CCFF05462068FFF7CAFF07462068B3
S31508015EB8FFF7C4FF80462068FFF7C2FF00F5E454E0
S31508015EC824200EF08DFA06461C3407F5DE520749DA
S31508015ED8009408F5E873143210F0A2FE314605F16C
S31508015EE8C00002B0BDE8F0410EF07AB8AC4B040820
S31508015EF838B505460068FFF7A1FF114B826A9A4231
S31508015F081CD12868FFF79CFF044600F6A8010D4A2C
S31508015F180D48FFF785FF04F688010A4A0B48FFF77B
S31508015F287FFF2868FFF78AFF04F50764846221461C
S31508015F38BDE83840034A0648FFF772BF38BD00BFB7
S31508015F48004000202C380408CC4B0408C84B040828
S31508015F58D04B040838B50068FFF770FF04463020AF
S31508015F680EF03EFA05460549FAF7F2FF294604F105
S31508015F78C000BDE838400EF033B800BF884B0408A6
S31508015F88F8B504460068FFF759FF06462020276832
S31508015F980EF026FA0546104A394613F077F92946C6
S31508015FA806F1C0000EF01CF82068FFF747FF064601
S31508015FB82068FFF743FF074614200EF011FA044636
S31508015FC8394605F11802FBF7A3F9214606F1C0007F
S31508015FD8BDE8F8400EF004B8604B0408F8B5044665
S31508015FE80068FFF72BFF0646202027680EF0F8F908
S31508015FF80546124A394613F049F9294606F1C000F9
S315080160080DF0EEFF2068FFF719FF06462068FFF72F
S3150801601815FF074624200EF0E3F9044607F14C015B
S3150801602805F118034FF0FF3210F052FC214606F12C
S31508016038C000BDE8F8400DF0D3BF00BF384B0408CF
S3150801604810B50446FFF79CFF2046FFF7C7FF204611
S31508016058FFF722FF2046FFF77DFF2046BDE81040DF
S31508016068FFF746BF2DE9F843044600680E46FFF7D1
S31508016078E7FE80462068FFF7E1FE054678200EF020
S31508016088AFF90746174A08F5C66110F015FD3946EE
S3150801609805F1C0000DF0A4FF2068FFF7CFFE72686E
S315080160A88046142002F120050EF09AF981462A46FF
S315080160B807F1340110F06EFD494608F1C0000DF0EC
S315080160C88FFF2068FFF7BAFE074620687568FFF74D
S315080160D8B7FE05F1200100F58D623846BDE8F8439B
S315080160E8FFF786BE2C4B0408F8B504460068FFF787
S315080160F8A5FE07462068FFF7A1FE06462068FFF7B2
S315080161089FFE054614200EF06BF904460DF034FF80
S31508016118064BE03605F52E7521462360E6602561AE
S3150801612807F1C000BDE8F8400DF05ABF044B040852
S31508016138F8B505460068FFF781FE064634202F683C
S315080161480EF04EF904463946FBF782F8214606F160
S31508016158C0000DF045FF2868FFF770FE63691C3417
S315080161681033C0F8303154F80C3CC0F838411033B4
S31508016178C0F82831F8BD0000F8B504460068FFF7ED
S315080161885DFE06462068FFF75BFE074678200EF097
S3150801619827F90546114A07F5347110F08DFC294689
S315080161A806F1C0000DF01CFF2068FFF747FE0646FA
S315080161B82068FFF743FE074614200EF011F9044636
S315080161C805F1340107F1E00210F0E4FC214606F175
S315080161D8C000BDE8F8400DF003BF00BFA8A0040839
S315080161E870B5044600680E46FFF728FE054620687E
S315080161F8FFF726FE314600F564722846BDE8704069
S31508016208FFF7F6BD38B5044600680D46FFF716FED2
S31508016218C0F840512046BDE83840FFF789BF2DE947
S31508016228F8430446006888469146FFF709FE07467B
S315080162382068FFF703FE064644200EF0D1F8054606
S315080162484B46424607F546711AF042FD294606F1BC
S31508016258C0000DF0C5FE204605F12801FFF7C0FF6D
S31508016268204605F12001BDE8F843FFF7CBBFF7B58E
S315080162780446006817460191FFF7E0FD05462068C0
S31508016288FFF7DCFD06464FF411700EF0A9F804462F
S3150801629831463B46019AFBF727FB214605F1C00023
S315080162A803B0BDE8F0400DF09BBE00002DE9F04FA4
S315080162B80D4687B0064600680092FFF7BFFD242001
S315080162C80EF08EF8D5F828802B6BB8F80270019372
S315080162D8D5E90EA30293B5F93430C7F30907039331
S315080162E80446B5F92C20B5F92EB0B5F93690BB0098
S315080162F8002F7AD01846059204930EF071F8DDE955
S31508016308043201464FF0000C03442060A360002FB5
S315080163186DD1A281039A636022826E4A1B1AC4E967
S3150801632805246D4A9B10C4E90724029AA4F80EB0FD
S31508016338934228BF1346A4F81290002B5DD110206A
S315080163480EF04EF80746414604F11402634B0EF067
S31508016358EDFF38460EF04CFF10200EF041F80746BF
S3150801636804F11C0201995D4B0EF0E0FF38460EF068
S315080163783FFF3068FFF762FDD4E900871C200EF05D
S315080163882FF800230381564BA7EB0807C0E903300A
S31508016398544BBF10C0E90087C0E9053004461020F0
S315080163A8D6F800800EF01CF82A464146074613F02F
S315080163B87FFA009B3068DFF830A104F114096BBB3A
S315080163C8FFF73CFDFB6883466433142000930EF0FF
S315080163D807F880460DF0D0FD009B4146C8F800A095
S315080163E8C8F80C90C8F8103045E0384689E721F80E
S315080163F804CB21F802CC013F89E743F31D030AF1CF
S31508016408020C821C3AF9271020F827103CF92710A4
S3150801641822F8271001379F42F4D190E7FFF70EFDBE
S3150801642883463068FFF70AFD01903C200DF0D8FF36
S31508016438DDE9001280464B4613F0FCF941460BF19B
S31508016448C0000DF0CDFD3068FFF7F8FCFB68834600
S3150801645803F16402142000920DF0C2FF81460DF083
S315080164688BFD4946009A08F11803C9F800A0C9F82E
S315080164780C30C9F810200BF1C0000DF0B1FD95F8E4
S315080164882430A3B13068FFF7D9FC80461420B5F942
S3150801649810A0D7F80C900DF0A3FF054649465246B9
S315080164A813F06AFA294608F1C0000DF099FD30681B
S315080164B8FFF7C4FC3946C0300DF092FD0B4A0C486B
S315080164C804F10C01FFF786FC04F10C0007B0BDE8DE
S315080164D8F08F00BF5C46040870460408B4390408FE
S315080164E8E44A0408F44A04081C4B04082838040832
S315080164F8DC4B0408F8B5044600680F46FFF79EFC0E
S315080165080546302026680DF06BFF044631463A46A3
S3150801651814F040FA214605F1C000BDE8F8400DF02F
S315080165285FBDF8B5044600680F46FFF787FC0546C0
S31508016538382026680DF054FF044631463A46FAF7DC
S315080165488BFF214605F1C000BDE8F8400DF048BDAE
S31508016558F8B5054664200E4617460DF041FF044670
S315080165683A4631460FF0EEFE284621460DF038FD2B
S315080165782046F8BD2DE9F041044600688846FFF72C
S315080165885DFC05462068FFF759FC06462068FFF7B3
S3150801659855FC07462068FFF753FC00F5DC524146CF
S315080165A80C3207F1C000FFF7D3FF07461C200DF090
S315080165B817FF0446314607F14C02FFF79BFB2146B4
S315080165C805F1C000BDE8F0410DF00ABD70B50546F4
S315080165D800680E46FFF732FC04462868FFF730FCC8
S315080165E800F5DC5231460C3204F1C000FFF7B0FF62
S315080165F804462868FFF722FC4C34C0F8984070BD59
S3150801660870B5054600680E46FFF718FC0446286863
S31508016618FFF716FC00F5DE523146143204F1C000C4
S31508016628FFF796FF04462868FFF708FC4C34C0F8BC
S31508016638A04070BD08B543682BB1B0F9082003C856
S31508016648FAF726FD08BD1846FCE708B54068FFF7BE
S31508016658F1FF08BD2DE9F843074670200D4699460E
S3150801666816460DF0BDFED6E9008604460DF084FCF3
S315080166781E4B666123601E4EB5F914301622238314
S3150801668823840021C4E90398E66104F128001BF074
S3150801669805FC0022C4E91000C4E9126204F12400C9
S315080166A80A21FAF71DFC2B692A7B05F1080104F171
S315080166B850000FF0E1FA2B692A7B05F10A0104F16A
S315080166C860000FF0D9FA286804F11C01094AFFF796
S315080166D881FB084AE1686868FFF77CFB384621466A
S315080166E80DF07EFC2046BDE8F88300BFB0370408E4
S315080166F8A03704082838040837B505461C468DE826
S3150801670806007AB10068FFF799FB23466A460649E7
S31508016718C030FFF79FFF04462868FFF78FFB1C3434
S31508016728C0F8B84003B030BD944B040813B5044605
S3150801673800688DE80600FFF783FB9DE8060000F56B
S31508016748A673204602B0BDE81040FFF7D5BF000082
S3150801675810B50446024B03600DF005FC204610BD32
S31508016768F04B040810B50446FFF7F2FF204624212A
S315080167780DF042FE204610BD10B5044600690368AF
S315080167881B68984702280FD1E0680CF0BEFF28B1AC
S3150801679894F8203083F0010384F8203094F8200017
S315080167A8C0F10200208310BD002384F82030F9E7E0
S315080167B870B5044615460E460DF0DEFB084B28460D
S315080167C823602B68C4E903651B689847054B208332
S315080167D86361054B2046E361002384F8203070BDC8
S315080167E8F04B0408A03704086C3804082DE9F3416E
S315080167F805460068F9F798FE04462868FAF74DFA37
S31508016808012100F1C00604F5CE600CF0CEFE012187
S3150801681804F5D7600CF0C9FE012104F5E0600CF017
S31508016828C4FE012104F5E9600CF0BFFE012104F557
S31508016838F2600CF0BAFE012104F5FB600CF0B5FE16
S3150801684830200DF0CDFD154B8046009306230193A4
S31508016858DDE900124FF47C231AF018F9414630464F
S315080168680DF0BEFB24200DF0BBFD074608F10C020E
S3150801687804F54471FFF79CFF394630460DF0B0FB25
S31508016888284607F11401FFF7BDFC284607F11C0144
S3150801689802B0BDE8F041FFF7A3BC00BF004C0408ED
S315080168A84068FBF709BC0000F0B587B006460190B9
S315080168B8FAF7F3F92249054601A8FFF7A1FE214B84
S315080168C801A8029327230393DDE90212FFF72EFF96
S315080168D801A8FFF78BFF294602A8FBF71DFB02A8AB
S315080168E8FBF7A4FB44200DF07BFD0746164A314603
S315080168F801F00EFA394605F1C0000DF071FB019851
S31508016908FAF7CBF9014602A819F076FA02A819F09E
S315080169183DFA02A819F016FA02A901A8FFF7A2FB7F
S315080169280A4901A8FFF7E6FD01A8FFF789FB01A8AF
S31508016938FFF722FC01A8FFF7D7FB07B0F0BD00BF98
S315080169486CAA040808500408084D0408604C040891
S31508016958F0B5044685B00068FAF79FF90646206837
S31508016968F9F7E2FD074630200DF03AFD06230546FC
S3150801697807F5AC7200930949094B19F0D1FF294665
S3150801698806F1C0000DF02CFB0322204605F10C0187
S3150801699805B0BDE8F040FFF742BC00BFF85004084F
S315080169A8D450040873B504460068FAF776F906461A
S315080169B830200DF015FD0C4B05460093062301936F
S315080169C8DDE900124FF4E0331AF060F8294606F1BA
S315080169D8C0000DF005FB0322204605F10C0102B0A3
S315080169E8BDE87040FFF71BBCA45004084068FBF7D4
S315080169F871B9000030B587B0054600902449684644
S31508016A08FFF7FEFD234B6846029327230393DDE927
S31508016A180212FFF78BFE6846FFF7C4FF2846FAF706
S31508016A283CF9014602A8FBF777FA02A8FBF7FEFA32
S31508016A3868461949FFF775FD184B00226846184933
S31508016A480193FFF733FC019902466846FFF70FFCE5
S31508016A580098FAF722F9014602A819F0CDF902A811
S31508016A6819F094F902A819F06DF9684602A9FFF711
S31508016A78F9FA0C496846FFF73DFD6846FFF7E0FA5B
S31508016A886846FFF779FB6846FFF72EFB07B030BD66
S31508016A98345104086C540408C05104082C01DC0557
S31508016AA810560408A855040830B587B0054600905D
S31508016AB824496846FFF7A4FD234B68460293272312
S31508016AC80393DDE90212FFF731FE6846FFF76AFF0D
S31508016AD82846FAF7E2F8014602A8FBF71DFA02A8C2
S31508016AE8FBF7A4FA68461949FFF71BFD184B00225C
S31508016AF8684618490193FFF7D9FB01990246684682
S31508016B08FFF7B5FB0098FAF7C8F8014602A819F085
S31508016B1873F902A819F03AF902A819F013F968469F
S31508016B2802A9FFF79FFA0C496846FFF7E3FC68468E
S31508016B38FFF786FA6846FFF71FFB6846FFF7D4FA98
S31508016B4807B030BD345104086C540408C051040810
S31508016B582C01DC05105604088055040830B587B0A1
S31508016B680546009024496846FFF74AFD234B6846BF
S31508016B78029327230393DDE90212FFF7D7FD684637
S31508016B88FFF710FF2846FAF788F8014602A8FBF727
S31508016B98C3F902A8FBF74AFA68461949FFF7C1FC7F
S31508016BA8184B6846184A19490193FFF77FFB01995B
S31508016BB802466846FFF75BFB0098FAF76EF8014646
S31508016BC802A819F019F902A819F0E0F802A819F0AB
S31508016BD8B9F8684602A9FFF745FA0D496846FFF765
S31508016BE889FC6846FFF72CFA6846FFF7C5FA68462E
S31508016BF8FFF77AFA07B030BD185104086C5404082F
S31508016C08145704082C01DC057C5804081056040896
S31508016C181059040830B587B00546009024496846D6
S31508016C28FFF7EEFC234B6846029327230393DDE916
S31508016C380212FFF77BFD6846FFF7B4FE2846FAF706
S31508016C482CF8014602A8FBF767F902A8FBF7EEF943
S31508016C5868461949FFF765FC184B6846184A1949E1
S31508016C680193FFF723FB019902466846FFF7FFFAE6
S31508016C780098FAF712F8014602A819F0BDF802A811
S31508016C8819F084F802A819F05DF8684602A9FFF711
S31508016C98E9F90D496846FFF72DFC6846FFF7D0F96B
S31508016CA86846FFF769FA6846FFF71EFA07B030BD66
S31508016CB8505104086C540408145704082C01DC05BF
S31508016CC87C58040810560408E858040830B587B0F3
S31508016CD80546009024496846FFF792FC234B684607
S31508016CE8029327230393DDE90212FFF71FFD68467E
S31508016CF8FFF758FE2846F9F7D0FF014602A8FBF721
S31508016D080BF902A8FBF792F968461949FFF709FC36
S31508016D18184B6846184A19490193FFF7C7FA0199A2
S31508016D2802466846FFF7A3FA0098F9F7B6FF01463F
S31508016D3802A819F061F802A819F028F802A819F0AA
S31508016D4801F8684602A9FFF78DF90D496846FFF764
S31508016D58D1FB6846FFF774F96846FFF70DFA6846E6
S31508016D68FFF7C2F907B030BD505104086C5404083E
S31508016D78145704082C01DC057C5804081056040825
S31508016D881059040830B587B0054600902449684665
S31508016D98FFF736FC234B6846029327230393DDE95D
S31508016DA80212FFF7C3FC6846FFF7FCFD2846F9F708
S31508016DB874FF014602A8FBF7AFF802A8FBF736F9F4
S31508016DC868461949FFF7ADFB184B6846184A194929
S31508016DD80193FFF76BFA019902466846FFF747FAE6
S31508016DE80098F9F75AFF014602A819F005F802A80A
S31508016DF818F0CCFF02A818F0A5FF684602A9FFF704
S31508016E0831F90D496846FFF775FB6846FFF718F922
S31508016E186846FFF7B1F96846FFF766F907B030BD66
S31508016E28185104086C540408145704082C01DC0585
S31508016E387C58040810560408E858040830B587B081
S31508016E480546009024496846FFF7DAFB234B68464E
S31508016E58029327230393DDE90212FFF767FC6846C5
S31508016E68FFF776FD2846F9F718FF014602A8FBF74A
S31508016E7853F802A8FBF7DAF868461949FFF751FBF0
S31508016E88184B6846184A19490193FFF70FFA0199E9
S31508016E9802466846FFF7EBF90098F9F7FEFE014640
S31508016EA802A818F0A9FF02A818F070FF02A818F09E
S31508016EB849FF684602A9FFF7D5F80D496846FFF75D
S31508016EC819FB6846FFF7BCF86846FFF755F968469F
S31508016ED8FFF70AF907B030BD505104086C54040885
S31508016EE8685904082C01DC057C580408105604085E
S31508016EF81059040830B587B00546009024496846F4
S31508016F08FFF77EFB234B6846029327230393DDE9A4
S31508016F180212FFF70BFC6846FFF71AFD2846F9F730
S31508016F28BCFE014602A8FAF7F7FF02A8FBF77EF8A6
S31508016F3868461949FFF7F5FA184B6846184A194970
S31508016F480193FFF7B3F9019902466846FFF78FF9E6
S31508016F580098F9F7A2FE014602A818F04DFF02A803
S31508016F6818F014FF02A818F0EDFE684602A9FFF703
S31508016F7879F80D496846FFF7BDFA6846FFF760F8DC
S31508016F886846FFF7F9F86846FFF7AEF807B030BD67
S31508016F98505104086C540408685904082C01DC0586
S31508016FA87C58040810560408E858040830B587B010
S31508016FB80546009024496846FFF722FB234B684695
S31508016FC8029327230393DDE90212FFF7AFFB68460D
S31508016FD8FFF7BEFC2846F9F760FE014602A8FAF74C
S31508016FE89BFF02A8FBF722F868461949FFF799FAA1
S31508016FF8184B0022684618490193FFF757F9019972
S3150801700802466846FFF733F90098F9F746FE01463E
S3150801701802A818F0F1FE02A818F0B8FE02A818F09E
S3150801702891FE684602A9FFF71DF80C496846FFF75D
S3150801703861FA6846FFF704F86846FFF79DF8684657
S31508017048FFF752F807B030BDFC5004086C54040821
S31508017058EC5A04082C01DC0510560408A85504083E
S3150801706830B587B00546009024496846FFF7C8FA3F
S31508017078234B6846029327230393DDE90212FFF798
S3150801708855FB6846FFF764FC2846F9F706FE0146EC
S3150801709802A8FAF741FF02A8FAF7C8FF684619498C
S315080170A8FFF73FFA184B6846184A19490193FFF73B
S315080170B8FDF8019902466846FFF7D9F80098F9F7E5
S315080170C8ECFD014602A818F097FE02A818F05EFE24
S315080170D802A818F037FE684602A9FEF7C3FF0D494C
S315080170E86846FFF707FA6846FEF7AAFF6846FFF7F4
S315080170F843F86846FEF7F8FF07B030BD6C51040837
S315080171086C540408EC5A04082C01DC057C5804085C
S31508017118105604088055040830B587B0054600900E
S3150801712824496846FFF76CFA234B684602932723D6
S315080171380393DDE90212FFF7F9FA6846FFF708FC37
S315080171482846F9F7AAFD014602A8FAF7E5FE02A8B4
S31508017158FAF76CFF68461949FFF7E3F9184B6846C9
S31508017168184A19490193FFF7A1F801990246684691
S31508017178FFF77DF80098F9F790FD014602A818F07F
S315080171883BFE02A818F002FE02A818F0DBFD6846C5
S3150801719802A9FEF767FF0D496846FFF7ABF9684686
S315080171A8FEF74EFF6846FEF7E7FF6846FEF79CFFBF
S315080171B807B030BD6C5104086C540408EC5A04082D
S315080171C82C01DC057C58040810560408A85504083F
S315080171D830B587B00546009024496846FFF710FA86
S315080171E8234B6846029327230393DDE90212FFF727
S315080171F89DFA6846FFF7ACFB2846F9F74EFD0146A6
S3150801720802A8FAF789FE02A8FAF710FF684619498B
S31508017218FFF787F9184B0022684618490193FFF7C3
S3150801722845F8019902466846FFF721F80098F9F7E3
S3150801723834FD014602A818F0DFFD02A818F0A6FDDC
S3150801724802A818F07FFD684602A9FEF70BFF0C494C
S315080172586846FFF74FF96846FEF7F2FE6846FEF7F5
S315080172688BFF6846FEF740FF07B030BDFC5004089F
S315080172786C540408EC5A04082C01DC051056040859
S315080172888055040873B504460068F9F706FD0646ED
S3150801729830200DF0A5F80C4B0546009307230193FA
S315080172A8DDE900124FF4E03319F0F0FB294606F13F
S315080172B8C0000CF095FE204605F10C0102B0BDE8A8
S315080172C87040FEF79FBF00BFD45D0408F7B50546B1
S315080172D830200F4616460DF083F806230446019317
S315080172E80097DDE90012336819F0D0FB28462146D4
S315080172F80CF076FE204603B0F0BD000013B504462F
S315080173080068F9F7CAFC4FF4E013074901AAC03027
S315080173180193FFF7DBFF00F10C01204602B0BDE837
S315080173281040FEF76FBF00BF3C5E040813B504465C
S315080173380068F9F7B2FC4FF4E033074901AAC030EF
S315080173480193FFF7C3FF00F10C01204602B0BDE81F
S315080173581040FEF757BF00BF0C5E040870B5054616
S31508017368F9F79BFC044620200DF03AF829460F4AFE
S31508017378064611F0D3FF14200DF032F805460CF035
S31508017388FBFD0B4B29462B6004F11C03EB6006F148
S31508017398180304F1C0002B610CF022FE314604F1F2
S315080173A8C000BDE870400CF01BBE00BFC4600408ED
S315080173B8044B040830B5244987B00446FFF720F979
S315080173C8224B2046029319230393DDE90212FFF79C
S315080173D8ADF92068F9F761FC014602A8FAF79CFDA0
S315080173E802A8FAF723FE20461949FFF79AF8194B16
S315080173F80022204618490193FEF758FF01990246CB
S315080174082046FEF734FF2068F9F747FC014602A82B
S3150801741818F0F2FC02A818F0B9FC02A818F092FCB8
S31508017428204602A9FEF71EFE0C492046FFF762F818
S315080174382046FEF705FE2046FEF79EFE204607B0C3
S31508017448BDE83040FEF750BEC05E0408F463040880
S31508017458B46004089A01D80434600408EC60040886
S3150801746807B5019001A8FFF761FF01A8FFF7A2FF79
S3150801747803B000BD13B50446019001A8FFF756FFEE
S3150801748801A8FFF797FF2046FFF768FF02B010BD6E
S3150801749807B5019001A8FFF7F5FE01A8FFF78AFFCE
S315080174A80198FFF75BFF03B000BD000030B587B050
S315080174B80546009026496846FFF7A2F86846254911
S315080174C8FFF758F8244B6846029319230393DDE915
S315080174D80212FFF72BF96846FFF728FF2846F9F73E
S315080174E8DCFB014602A8FAF717FD02A8FAF79EFD82
S315080174F868461A49FFF715F8194B002268461949CB
S315080175080193FEF7D3FE019902466846FEF7AFFED8
S315080175180098F9F7C2FB014602A818F06DFC02A803
S3150801752818F034FC02A818F00DFC684602A9FEF703
S3150801753899FD0D496846FEF7DDFF6846FEF780FDA9
S315080175486846FEF719FE6846FEF7CEFD07B030BD58
S31508017558C05E04086C5E0408F4630408246504081C
S315080175689A01D804A4640408A067040830B5044637
S3150801757887B02549FFF744F820462449FFF726F836
S31508017588234B2046029319230393DDE90212FFF7D9
S31508017598CDF82068F9F781FB014602A8FAF7BCFC81
S315080175A802A8FAF743FD20461A49FEF7BAFF1A4B0D
S315080175B80022204619490193FEF778FE01990246E9
S315080175C82046FEF754FE2068F9F767FB014602A82C
S315080175D818F012FC02A818F0D9FB02A818F0B2FB99
S315080175E8204602A9FEF73EFD0D492046FEF782FF11
S315080175F82046FEF725FD2046FEF7BEFD204607B0C4
S31508017608BDE83040FEF770BDF85E0408A45E0408BC
S31508017618F4630408786804089A01D804F867040822
S31508017628B469040807B5019001A8FFF767FE01A820
S31508017638FFF79CFF03B000BD07B5019001A8FFF746
S3150801764821FE01A8FFF792FF03B000BD30B5044635
S3150801765887B02549FEF7D4FF20462449FEF7B6FF29
S31508017668234B2046029319230393DDE90212FFF7F8
S315080176785DF82068F9F711FB014602A8FAF74CFCF0
S3150801768802A8FAF7D3FC20461A49FEF74AFF1A4B0D
S315080176980022204619490193FEF708FE0199024678
S315080176A82046FEF7E4FD2068F9F7F7FA014602A82D
S315080176B818F0A2FB02A818F069FB02A818F042FB09
S315080176C8204602A9FEF7CEFC0D492046FEF712FF11
S315080176D82046FEF7B5FC2046FEF74EFD204607B0C4
S315080176E8BDE83040FEF700BDDC5E0408885E040884
S315080176F8F46304088C6A04089A01D8040C6A040815
S31508017708A067040807B5019001A8FFF70FFE01A8AD
S31508017718FFF79CFF03B000BD07B5019001A8FFF765
S31508017728B1FD01A8FFF792FF03B000BD73B5054681
S315080177380068F8F7F9FE04462868F9F7AEFA012150
S31508017748064604F5CE600BF030FF012104F5D76033
S315080177580BF02BFF012104F5E0600BF026FF012150
S3150801776804F5E9600BF021FF012104F5F2600BF03D
S315080177781CFF012104F5FB600BF017FF30200CF004
S315080177882FFE0C4B0446009306230193DDE90012EC
S315080177984FF47C2319F07AF9214606F1C0000CF05A
S315080177A81FFC0322284604F10C0102B0BDE870400B
S315080177B8FEF735BDC86B0408F0B587B005460090D5
S315080177C82A496846FEF71CFF294B684602931A237D
S315080177D80393DDE90212FEF7A9FF6846FFF7A6FF3C
S315080177E82846F9F75AFA014602A8FAF795FB02A8B4
S315080177F8FAF71CFC1F496846FEF793FE2846F9F76F
S315080178084CFA074644200CF0EBFD064629461A4A67
S3150801781811F0BAFE314607F1C0000CF0E1FB06F19A
S315080178283C0268461549FEF722FD0098F9F735FA2C
S31508017838014602A818F0E0FA02A818F0A7FA02A861
S3150801784818F080FA684602A9FEF70CFC0C49684646
S31508017858FEF750FE6846FEF7F3FB6846FEF78CFC12
S315080178686846FEF741FC07B0F0BD00BF106C040876
S315080178782C7004082C6C0408B46C0408EA01240466
S31508017888346D04084378D90701D49A0702D590F9C3
S3150801789800007047C3F34000704740687047436863
S315080178A833F9110070478068704700207047B0F9AE
S315080178B80C30934208DCB0F90E30934204DB436876
S315080178C8012023F8112070470020704708B5406841
S315080178D8FFF7D8FF08BD000010B50446024B036040
S315080178E80CF041FB204610BDF870040810B5044693
S315080178F8FFF7F2FF204624210CF07EFD204610BD35
S3150801790810B50269D2E9013203EB42029A421846D6
S3150801791804D0B0F9004002338C42F7D1101A18BFC7
S31508017928012010BD002AC1F1000310B41BB2B6BF6D
S315080179385442144624B213EA210338BF0B46A3421C
S3150801794803DA10BC1146FFF7DBBF002010BC7047ED
S3150801795870B504461C300CF012FDE06803681B6814
S315080179689847B4F918100546814206D002462046BA
S31508017978FFF7D8FF60B1236AE3616069E1690368C3
S315080179880039258318BF0121BDE870405B6818478F
S31508017998E061F2E7F8B504460D4617461E460CF0AF
S315080179A8EBFA084B284623602B68C4E903571B687A
S315080179B8666198470022236920831B682046C4E923
S315080179C80723F8BDF87004080B6808469B6818472A
S315080179D8F8B51D460B6808469B6816460C4698472F
S315080179E8B0420BD92B6831461F68236820461B68A5
S315080179F8984701462846B8470120F8BD0020FCE704
S31508017A0873B51E460B6808469B6815460C46984783
S31508017A18A8420ED933680DF107011B683046984705
S31508017A282368294620465B689DF80720984702B0CF
S31508017A3870BD0020FBE7000073B505460068F8F736
S31508017A4873FD0446012100F5CE600BF0AEFD012158
S31508017A5804F5D7600BF0A9FD012104F5E0600BF0E8
S31508017A68A4FD012104F5E9600BF09FFD012104F548
S31508017A78F2600BF09AFD012104F5FB600BF095FD08
S31508017A882868F9F70AF9064630200CF0A9FC0C4BC8
S31508017A980446009306230193DDE900124FF47C237B
S31508017AA818F0F4FF214606F1C0000CF099FA0322F2
S31508017AB8284604F10C0102B0BDE87040FEF7AFBBD9
S31508017AC824710408074B10B504460360406918B1C8
S31508017AD8E169091A0CF090FC20460CF044FA204694
S31508017AE810BD00BF5C71040810B50446FFF7EAFF2C
S31508017AF8204644210CF080FC204610BD10B50446EA
S31508017B083C300CF03CFC2046236A9847206204F175
S31508017B182400FFF7B7FE30B994F83030608620871D
S31508017B2884F8313007E0B4F93230984204D000239A
S31508017B38608684F8313010BD94F8313094F83020D5
S31508017B489A4201D90133EBE72087F4E773B505466D
S31508017B58C068C36C4C301B6898470446B8B9E868CE
S31508017B68436C44301B6898479DF805308DF8040026
S31508017B7823F0030300208DF805309DF8043063F3DC
S31508017B8807009DF8053063F30F2002B070BD431E48
S31508017B989BB2012B1AD8E868D0F83C3100F59E70DB
S31508017BA81B6898470646E868D0F8343100F59A7094
S31508017BB81B6898479DF8053078B9B4420DDA23F061
S31508017BC803038DF8044043F00203D3E79DF8053013
S31508017BD88DF8040043F00303CCE78DF80440F9E770
S31508017BE8F0B50646026985B09368546803EB430302
S31508017BF8ADF80410ADF80C10E518A54201D1002519
S31508017C0808E0204603A9F9F77BFC27460334002830
S31508017C18F3D0BD780024D6E905239B1AB4EBA30F44
S31508017C2801D305B0F0BD52F8240045FA04F10368FA
S31508017C3801F001015B6898470134ECE7F7B504469A
S31508017C482430ADF80410FFF71DFEBDF80460C0B96D
S31508017C5801A8FFF717FE431E9BB2052B074610D846
S31508017C6825692846FFF70EFE87420ADA6B88A68435
S31508017C782046C4E90F332968FFF7B2FF054803B060
S31508017C88F0BD236CA68420460199E363FFF7A8FF94
S31508017C980148F4E7157D0108D17C010813B50446A6
S31508017CA8FFF754FF04F12401ADF8040001A8F9F718
S31508017CB827FC28B920460199FFF7C0FF02B010BD75
S31508017CC80048FBE7D17C0108FFF7E8BF13B504466E
S31508017CD8FFF73CFF04F12401ADF8040001A8F9F700
S31508017CE80FFC28B920460199FFF7A8FF02B010BD75
S31508017CF8E36B2BB920460199FFF772FF0148F5E7AF
S31508017D080148F3E7D17C0108157D0108FFF7DEBFB5
S31508017D182DE9F04F044687B0164600910CF02CF968
S31508017D28464B00982360F8F7B8FF0023444AC4E98C
S31508017D3805332262434AC4E90F33A26204F12402D5
S31508017D48C4E90B2344F64B3222863F4AE361A384EE
S31508017D58A3636263C4E903060098F8F79EFF04F172
S31508017D683405804610200CF03BFB2A46374B384928
S31508017D780DF0DCFA28226FF0604AC8F83050D6E9C7
S31508017D88035302FB0353039308F1C0030493039BAC
S31508017D989D4203D1204607B0BDE8F08F20200CF09C
S31508017DA81FFB81462A46009911F0B8FA49460498F4
S31508017DB80CF016F9D4E906239A4209F11808019331
S31508017DC80AD042F8048BA261D9F818300021404636
S31508017DD85B6898472835DAE76769A2EB070BBAEBB8
S31508017DE8AB0F4FEAAB0102D11A4818F0C1FF0129B6
S31508017DF82CBF49180131514528BF51468B001846F1
S31508017E0802930CF0EDFA064640F80B80BBF1000F19
S31508017E1803D05A4639461AF05DF80BF10402324482
S31508017E2837B1019B3846D91B05920CF0E5FA059A34
S31508017E38029BC4E905621E44E661C5E75C7104084C
S31508017E48D17C0108CC700408A0370408283804082E
S31508017E58D4380408419B0308F7B505464069036801
S31508017E681B6898470446E868C36F7C301B689847BF
S31508017E78B5F918309C42B8BF1C4624B2062CD4BFA3
S31508017E88C3EB0403C3F1060305EB8305EE693EB3A9
S31508017E9835887288A84238BF284684B2944228BFD2
S31508017EA814460A27631B7B43521B92B2B3FBF2F3B0
S31508017EB806EB4301092B89880FDC03FB02F0024410
S31508017EC8B2FBF7F2B0FBF7F006EB4303DB882A446B
S31508017ED8009428440CF0B5FA81B2084603B0F0BDFF
S31508017EE83146FAE790F8383073B50446ABB1FFF76F
S31508017EF8B3FF0246E56B2B685E6823699969DB69F6
S31508017F0800910193DDE90001F9F7DFFD33460146E2
S31508017F18284602B0BDE8704018476422EAE710B55A
S31508017F280446006810B12C210CF066FA204610BDEB
S31508017F382DE9F04F04468846914685B01D460CF052
S31508017F481BF8414B40462360F8F7A7FE99F800301D
S31508017F5865610193012304F11C05C4E90309182283
S31508017F6800212846A36119F099FF0027DFF8DCA04C
S31508017F78019B3B41DB0727D52C200CF031FA4FF43E
S31508017F88C80B034643F804BB0646002116221846C1
S31508017F9819F084FF0B232E4AC6E9093BC6E90720CF
S31508017FA810200CF01DFA2B4B514606F11C020DF058
S31508017FB8BDF90023286803932E6010B12C210CF013
S31508017FC81BFA03A8FFF7ABFF0137062F0AF1040AC4
S31508017FD805F10405CCD1204B40466363002384F898
S31508017FE83830F8F75AFE064610200CF0F9F9054616
S31508017FF81627414609F1200211F05AFC294606F1CD
S31508018008C0000BF0EDFFEB6826696433E36304F1FE
S31508018018180504F1300806F10209454503D1204639
S3150801802805B0BDE8F08F55F8040F0028F5D0022FE2
S3150801803805DD3A464946043019F017FFEDE704BF4E
S3150801804873888380E9E700BF74710408847104089A
S31508018058E83E0408B8390408C837040870B5044660
S315080180680546084B00F11C0644F8343BB44204D0D3
S31508018078043C2046FFF753FFF8E728460BF073FF41
S31508018088284670BD7471040810B50446FFF7E6FF63
S31508018098204640210CF0B0F9204610BD2DE9F041E3
S315080180A886B0054600903F496846FEF7A9FA68462C
S315080180B83D49FEF75FFA3D4B68460293272303932A
S315080180C8DDE90212FEF732FB6846FFF7B5FC2846DA
S315080180D8F8F7E3FD014602A8F9F71EFF02A8F9F722
S315080180E8A5FF2846F8F7D9FD074644200CF078F984
S315080180F8064629462E4AFFF70BFE314607F1C00008
S315080181080BF06EFF2B4B002268462B490193FEF7AD
S31508018118CDF8019902466846FEF7A9F82846F8F700
S31508018128BCFD074640200CF05BF9804606F128039A
S31508018138224A294607F1C005FFF7FAFE41462846AD
S315080181480BF04EFF24200CF04BF907461C4A08F1A0
S31508018158340306F12801FFF71DFC394628460BF0BA
S315080181683FFF0098F8F799FD014602A817F044FE63
S3150801817802A817F00BFE02A817F0E4FD684602A943
S31508018188FDF770FF0F496846FEF7B4F96846FDF72B
S3150801819857FF6846FDF7F0FF6846FDF7A5FF06B0E5
S315080181A8BDE8F08150AA040888AA0408B07404082E
S315080181B8D471040886011F0400730408B072040800
S315080181C8F4720408407304082DE9F04389B080461F
S315080181D80090F8F762FD064644200CF001F90546B9
S315080181E806F1C00700F0D4F8294638460BF0F8FE20
S315080181F868464449FEF704FA95F820301BB16846E3
S315080182084149FEF7B7F904AC6846FFF715FC31464C
S315080182182046F9F781FE2046F9F708FF05F12C03F0
S3150801822893E8070084E807000598CDE9020268463D
S31508018238DDE90212FEF77AFA44200CF0D1F806466F
S315080182484146324AFFF764FD314638460BF0C8FE07
S315080182582B7E0BB34046F8F720FD074640200CF065
S31508018268BFF881462A4A06F128034146C037FFF76F
S315080182785FFE494638460BF0B3FE24200CF0B0F8E9
S31508018288804606F12801234A09F13403FFF782FBE0
S31508018298414638460BF0A4FE2B7C5BB11E4B0022E7
S315080182A81E4968460193FEF701F801990246684690
S315080182B8FDF7DDFF0098F8F7F0FC0146204617F0B0
S315080182C89BFD204617F062FD204617F03BFD214627
S315080182D86846FDF7C7FE124B124A95F820106846FC
S315080182E800290CBF11461946FEF704F96846FDF739
S315080182F8A7FE6846FDF740FF6846FDF7F5FE09B093
S31508018308BDE8F0836CAA040888AA0408A87E0408AC
S31508018318087E04084C7E040886011F04C87D0408E3
S31508018328807E0408587E040830B5D0E900320C244A
S3150801833804FB023293421C4601D100200BE013F8D4
S315080183480C5BA942F6D1017200F10C03D4E90101CB
S3150801835883E80300012030BD10B50446024B0360CB
S315080183680BF001FE204610BD4C7F040810B50446E3
S31508018378FFF7F2FF204644210CF03EF8204610BDCF
S3150801838808B54068FFF7D0FF08BD4368187A7047F3
S3150801839838B504460BF0F0FD284B294A236000231B
S315080183A8E2606261E26103222374237684F820304D
S315080183B8244BA26263620C3393E80700224B04F14B
S315080183C82C0585E80700A36304F12403E363102059
S315080183D80CF006F8054604F10C021C4B1C490CF076
S315080183E8A5FF28460CF004FF10200BF0F9FF0546F7
S315080183F804F11402154B17490CF098FF28460CF09E
S31508018408F7FE10200BF0ECFF054604F11C020F4B92
S3150801841811490CF08BFF28460CF0EAFE10200BF0E8
S31508018428DFFF05460D4B0E4904F138020CF07EFFB5
S3150801843828460CF0DDFE204638BD00BF4C7F0408EF
S31508018448C83704085C7F04083C7F04082C380408EC
S315080184588C7F0408887F0408847F0408FC4904087B
S31508018468807F0408F0B587B00646CDE90012F8F70B
S3150801847814FC05461F4903A80396FEF7C1F8DDE96A
S31508018488001203A8FEF752F903A8FFF7D5FA2946F9
S3150801849804A8F9F741FD04A8F9F7C8FD44200BF02B
S315080184A89FFF0746144A3146FFF732FC394605F15C
S315080184B8C0000BF095FD20200BF092FF07460F4AE6
S315080184C8314610F02BFF394605F1C0000BF088FD3F
S315080184D824200BF085FF0646094A07F1180305F11A
S315080184E82C01FFF757FA314605F1C0000BF078FD64
S315080184F807B0F0BD34AA040844800408D8800408E3
S31508018508C07F04087FB50190F8F7C7FB014602A8A2
S3150801851817F072FC02A817F039FC02A817F012FC2A
S3150801852802A901A8FDF79EFD074901A8FDF7E2FF83
S3150801853801A8FDF785FD01A8FDF71EFE01A8FDF7AF
S31508018548D3FD07B000BD00BF1C80040813B5074B4F
S315080185580446009327230193DDE90012FFF782FFFA
S31508018568204602B0BDE81040FFF7CCBF0850040802
S315080185781FB50D4B0446029327230393DDE902121F
S31508018588FFF770FF094B0022094901A802930194D4
S31508018598FDF78CFE0299024601A8FDF768FE2046FA
S315080185A8FFF7B0FF04B010BDB074040886011F04B4
S315080185B8D47F04088A68054B9A4206D14B6823B1C9
S315080185C81A68017A52681846104770472C38040801
S315080185D88A68054B9A4206D14B6823B11A6881689D
S315080185E85268184610477047A03A04084068FCF7CD
S315080185F8CABD4068FCF7C7BD406810F065BE40684B
S3150801860810F0AABE10B504460021B830FFF7F7FFE7
S31508018618002104F1D800FFF7EFFF002104F1F80063
S31508018628FFF7EAFFA06F40F6C411BDE810400368DA
S315080186385B6818472DE9F34104460D4626460BF0B3
S31508018648F5FC1C4B284646F8183BF8F721FB01466A
S315080186583046F9F7BFFB0022174901A80195FDF72E
S3150801866825FE04F1C0072946A067144A04F17C00CF
S3150801867810F08AFF29463846114A10F04FFE114A6A
S31508018688294604F1E00010F049FE204604F17C0170
S315080186980BF0A6FC394620460BF0A2FC204604F14D
S315080186A8E0010BF09DFC2046FFF7ACFF204602B01F
S315080186B8BDE8F081F483040804840408D484040812
S315080186C884840408AC84040890F8403010B504463C
S315080186D8DBB1806FB4F9681003685B689847B4F929
S315080186E86A1004F1B800FFF78AFF94F8441004F1F8
S315080186F8D80001F00101FFF77FFF94F8441004F14F
S31508018708F800C1F34001FFF777FF2046BDE810409E
S315080187180BF048BC10B504460B4B40F8E03B10F08B
S31508018728E5FD04F1C00010F0E1FD04F17C0010F04C
S3150801873823FE2046054B40F8183F13F053FE204602
S315080187480BF0A6FC204610BDF48304085C3A04081D
S3150801875810B50446FFF7DEFF20464FF480710BF08B
S315080187684BFE204610BD000070B504460068F8F7B0
S3150801877894FA064650200BF033FE0546122207499D
S3150801878818F008FA294606F1C0000BF029FC20461C
S3150801879805F10C01BDE87040FDF734BDF850040831
S315080187A8F7B5054630200F4616460BF019FE07237E
S315080187B8044601930097DDE90012336818F066F953
S315080187C8284621460BF00CFC204603B0F0BD0000F4
S315080187D813B504460068F8F760FA4FF4E033074919
S315080187E801AAC0300193FFF7DBFF00F10C0120460F
S315080187F802B0BDE81040FDF705BD00BF8C85040829
S3150801880813B504460068F8F748FA4FF47033074970
S3150801881801AAC0300193FFF7C3FF00F10C012046F6
S3150801882802B0BDE81040FDF7EDBC00BF5485040849
S3150801883813B504460068F8F730FA4FF47033074958
S3150801884801AAC0300193FFF7ABFF00F10C012046DE
S3150801885802B0BDE81040FDF7D5BC00BF1C85040869
S315080188682DE9F0413D4986B00446FDF7C9FE3C4B62
S315080188782046029327230393DDE90212FDF756FFE3
S315080188882068F8F70AFA90F8DC700646002F50D1E6
S31508018898014602A8F9F740FB02A8F9F7C7FB2046E3
S315080188A83049FDF73EFE304B3A4620462F4901939B
S315080188B8FDF7FCFC019902462046FDF7D8FC20681D
S315080188C8F8F7EBF9014602A817F096FA02A817F085
S315080188D85DFA02A817F036FA02A92046FDF7C2FB87
S315080188E8442025680BF07CFD0746214A294610F0E5
S315080188F84BFE394606F1C0000BF072FB5C200BF003
S315080189086FFD80461B4A07F13C03314612F0C8F948
S31508018918414606F1C0000BF063FB2046FDF790FBC4
S315080189282046FDF729FC204606B0BDE8F041FDF7CB
S31508018938DBBB24682046F8F7ABF9C5684FF48070A5
S315080189480BF04EFD06462146FFF774FE3146281DF3
S3150801895806B0BDE8F0410BF043BB00BF6C860408BE
S3150801896808500408F08B04085802E803708B0408B9
S31508018978508C04085C86040807B5019001A8FFF71E
S315080189883FFF01A8FFF76CFF03B000BD07B50190CB
S3150801899801A8FFF71DFF01A8FFF762FF03B000BD95
S315080189A807B5019001A8FFF7DFFE01A8FFF758FFF1
S315080189B803B000BD07B5019001A8FFF739FF01A863
S315080189C8FFF74EFF03B000BD7047002070470368E4
S315080189D8D3F84002D3F84432C01A18BF01207047A9
S315080189E808B5006806F0FBFB4138C0B2072896BFF0
S315080189F8014B0020185608BD988C040810B5044682
S31508018A080068D0F8B83100F2B1120133934207D29F
S31508018A18D0F8B421934201D006F0C0FB204610BD18
S31508018A286FF4C07C6344F1E773B506460C46CDE995
S31508018A3800128D18AC4202D1304602B070BD3046DC
S31508018A4814F8011BFFF7DAFFF4E738B505464C1E9B
S31508018A5814F8011F284601B938BDFFF7CFFFF7E714
S31508018A6870B50E4615461C46FE21FFF7C7FF82213B
S31508018A78FFF7C4FF3146FFF7C1FF2946FFF7BEFFD7
S31508018A882146BDE87040FFF7B9BF08B5FE21FFF7D3
S31508018A98B5FFBDE808404821FFF7B0BF08B5FE2174
S31508018AA8FFF7ACFFBDE808405821FFF7A7BF10B587
S31508018AB80C46FE21FFF7A2FFC4F15401C9B2BDE86D
S31508018AC81040FFF79BBF10B50C46FE21FFF796FF2E
S31508018AD8C4F14B01C9B2BDE81040FFF78FBF10B505
S31508018AE80C46FE21FFF78AFF5021FFF787FF21462B
S31508018AF8BDE81040FFF782BF10B50C46FE21FFF707
S31508018B087DFF9921FFF77AFF2146BDE81040FFF757
S31508018B1875BFF8B505460E4617460024B44201D175
S31508018B282846F8BD39462846FFF768FF0134F5E7B0
S31508018B3838B504460125FE212046FFF75FFFC32104
S31508018B48FFF75CFFE9B22046FFF758FF0135002118
S31508018B58FFF754FF072DEED120460249FFF775FFA7
S31508018B68204638BDA08C0408FFF748BF70B51646DD
S31508018B780C460546FE21FFF741FF0F4B995DC1F1EA
S31508018B885701C9B2FFF73AFF61000131C9B2FFF7C8
S31508018B98EBFFFE212846FFF731FF084B995DC1F126
S31508018BA85701C9B2FFF72AFF611C490001F0FE0106
S31508018BB8FFF7DAFF284670BD868D0408828D0408FA
S31508018BC810B50446FE21FFF719FF4121FFF7CCFF2F
S31508018BD8FE212046FFF712FF5221FFF7C5FFFE21A6
S31508018BE82046FFF70BFF4321FFF7BEFFFE2120466C
S31508018BF8FFF704FF7E21FFF701FF0021FFF7B4FF06
S31508018C08FE212046FFF7FAFE9C21FFF7F7FE102101
S31508018C18FFF7AAFF2046FFF741FF2046FFF735FF72
S31508018C2800212046FFF743FF00212046FFF74BFFA7
S31508018C38002220461146FFF799FF00220121204606
S31508018C48FFF794FF002202212046FFF78FFF2046EF
S31508018C5810BD132970B505460C4616460CD8FE21D3
S31508018C68FFF7CCFE2321FFF7C9FE611CC9B2FFF73E
S31508018C78C5FE3146FFF778FF284670BD032A70B549
S31508018C8806460D4614460FD813290DD8FE21FFF7B7
S31508018C98B5FE4721FFF7B2FE691CC9B2FFF7AEFE5A
S31508018CA8611CC9B2FFF760FF304670BD06C9FFF7F8
S31508018CB8E5BF032970B505460C4602D88E18B44295
S31508018CC801D1284670BD224600212846FFF7D6FF5E
S31508018CD8202214212846FFF71CFF0134EFE7132940
S31508018CE8F8B505460E4617460DD8002422463146DC
S31508018CF82846FFF7C3FF0134202239462846FFF7DD
S31508018D0808FF042CF2D12846F8BD00002DE9F843DE
S31508018D1805461046884616460BF082FBA0B3A6F10F
S31508018D28300241462846BDE8F843D2B2FFF791BF5B
S31508018D383B78B34218D10024224641462846FFF714
S31508018D489DFF4FF0030904EB44063E44284616F8EE
S31508018D58011FFFF753FEB9F10109F7D10134042CB4
S31508018D68EAD12846BDE8F8830D37013CE0D1224609
S31508018D7841462846FFF782FF013420220321FFF7DF
S31508018D88C8FE042CF3D1ECE70C24014FEDE700BF2C
S31508018D98F38C0408013910B50446032909D8DFE814
S31508018DA801F0020A0F14FE21FFF728FE6821FFF7D2
S31508018DB8DBFE204610BDFE21FFF720FE7321F6E7EC
S31508018DC8FE21FFF71BFE6D21F1E7FE21FFF716FECF
S31508018DD86E21ECE710B50446FE21FFF70FFE362192
S31508018DE8FFF7C2FE204610BD0160704738B50A4D27
S31508018DF804462868F7F79BFB4EF6E0010CF0C0FA23
S31508018E0820602868F7F793FB4EF601010CF0B8FACB
S31508018E186060204638BD00BFC09E002070471FB558
S31508018E280168044611B9012004B010BD4368002B36
S31508018E38F9D0002268460CF009FA0022616802A8EE
S31508018E480CF004FA9DF80430002BECD09DF80C3090
S31508018E58002BE8D0009B002BE5DC029B002BD4BF36
S31508018E6800200320E0E710B50C4642B9FFF7D7FF03
S31508018E7802462046BDE810400021FFF777BE0022CA
S31508018E88F7E70000014B0361704700BF958F01089A
S31508018E9810B5036904469847206110BD436833F83D
S31508018EA81100704780687047436833F811007047A6
S31508018EB84368012023F81120704780687047838921
S31508018EC8934207D8C389934204D34368012023F8F8
S31508018ED8112070470020704770B504460E461022C7
S31508018EE8002118F0DBFF0A4B0A4DC4E904340823AC
S31508018EF805EB8605A361E56110200BF071FA294691
S31508018F08054B04F110020CF011FA204670BD00BF9A
S31508018F18948D0408D08D0408B839040814300EF065
S31508018F289DBB084682B08DE80C009DE8060002B094
S31508018F380EF0D0BBF0B51F4651230546164699B023
S31508018F4803AC08461A462146029301940EF0C2FB61
S31508018F583B463246214605F10C0000F01DFA19B0C8
S31508018F68F0BD000008B54FF49641C06806F00AF945
S31508018F78004808BDF58F0108C36893F829300BB175
S31508018F88FFF7F0BF00487047958F0108FFF7F4BF50
S31508018F9808B5C06806F039F9004808BD65900108A2
S31508018FA8C36893F829200AB90E4870471A7E1AB178
S31508018FB85969DA69914201D00B48704793F822201A
S31508018FC8002AF9D0198C9A8C9142F5D193F8272061
S31508018FD8002AF1D093F8262093F828309A42EBD143
S31508018FE8FFF7D6BF958F0108F58F0108FFF7D8BF98
S31508018FF838B50446C06890F829303BB3D0F84032F2
S31508019008D0F844229A4207D006F0FFF804F10C007A
S31508019018FFF7D6FD0E4838BD04F1E4000BF035F923
S3150801902890B1E268D2F8B831D2F8B4219B1A48BF90
S3150801903803F281131BB904F10C00FFF7CBFE0A21D1
S3150801904804F1E4000BF01AF90248E4E70248E2E7FA
S31508019058B590010865900108958F0108FFF7C8BF03
S3150801906810B50446C06806F0D0F804F1540000F0BB
S3150801907823FB014810BD00BFBD910108C26892F8DB
S3150801908829300BB907487047D2F8B831D2F8B42154
S315080190989B1A48BF03F281130BB9FFF7E1BF0248D0
S315080190A8704700BF958F0108B5900108FFF7E6BF1D
S315080190B870B5044690F8512000F10C0182F00102BE
S315080190C880F85120F030FFF7CEFE94F8503063BB94
S315080190D86426A18C04F10C00C1EB0121B1FBF6F160
S315080190E8C9B2FFF709FD218E04F10C00C1EB012174
S315080190F8B1FBF6F1C9B2FFF7F2FCA38F628F218F94
S31508019108C3EB0323C2EB0222C1EB0121B3FBF6F33E
S31508019118B2FBF6F2B1FBF6F1DBB2D2B2C9B204F18F
S315080191280C00BDE87040FFF79BBC94F8511004F198
S315080191380C004942C9B2FFF7DFFC7F2104F10C0094
S31508019148FFF7CDFC0023FF211A46E8E7C36870B587
S3150801915893F82920044632B3D3F8B851D3F8B43171
S31508019168ED1A48BF05F281150DB1104870BDE430F6
S315080191780BF08BF80028F8D094F8FC305BB104F1B1
S315080191880C00FFF7D5FC84F8FC500A2104F1E40029
S315080191980BF074F8E9E704F1540000F0E8FA204600
S315080191A8FFF786FFF1E70248E0E700BFBD9101082E
S315080191B8958F0108FFF7CABF2DE9F84304461746F4
S315080191C80D460AF0D9FE2046474B294640F80C3B7E
S315080191D8FFF70AFE454B04F114002361444B0025A9
S315080191E893E806000EF004FA424A64232262E26210
S315080191F8414AC4E9095522635022A3842385A387D2
S315080192083E4B6563236404F138034FF00309A286CC
S3150801921863644FF064124FF4C8032146C4E91293F4
S31508019228A263A4F850503A4604F1540000F0CCFA67
S3150801923804F1E4000BF012F804F1F000FFF7D6FD8B
S315080192482F4B2946C4F8F830C4F8FC5084F8005165
S31508019258C4F80251A4F8065104F58470FFF73CFED8
S31508019268012104F59470FFF737FE022104F5A4706D
S31508019278FFF732FE494604F5B470FFF72DFE1020B4
S315080192880BF0AEF81F4B204904F120020CF04EF8FA
S3150801929810200BF0A5F81B4B1C4904F12C020CF005
S315080192A845F810200BF09CF8194B1A4904F14002AD
S315080192B80CF03CF804F1F80710200BF091F8164B5E
S315080192C83A4616490CF032F8154BD3E9005605EB20
S315080192D88606B54202D12046BDE8F88355F8040B3F
S315080192E800F0DEFAF5E700BFBC8D0408958F010882
S315080192F8FCBB03084839040832001400A88D040881
S31508019308C8370408BC390408E88D0408E48D04083C
S31508019318B8390408E08D04082C380408CC8D0408EB
S3150801932880BE0308F0B585B007460E46CDE900129A
S315080193380BF058FF019C0025013C844228BF0446CE
S31508019348A54203D10023335505B0F0BD2A4639464F
S3150801935802A80BF07BFF9DF80C30002BF2D0029B7C
S315080193687355002BEED00135EAE700001FB5094B06
S3150801937803901868CDE90112F7F7D9F8BDF80C106A
S315080193880BF0FEFF20B1DDE90112FFF7CBFF012043
S3150801939804B010BDC09E00202DE9F04F814617463E
S315080193A80C460D4685B051312A7852B94FF0000A54
S315080193B8FB180193019B9F4208D1504605B0BDE8A9
S315080193C8F08F6A1C8A42F1D01546EDE73A46002124
S315080193D84846FFF753FCAC4226461CD12C46B046F4
S315080193E8A84523D0A5EB0802002A19DD2021404605
S315080193F818F062FD002814BF03462B469A1B142A47
S3150801940810DC1A46AA42904603D012F8011B2029F5
S31508019418F8D01C46E4E714F8013B202BDBD0DDE73E
S315080194282B46EBE7B04501D106F11404A4EB060B6C
S31508019438CBF1140808EBD87820224FEA6801484688
S31508019448FFF767FBCDE9026B4846DDE90212FFF72C
S31508019458EBFA0BEB680120224846C1F11401FFF724
S3150801946858FBB44207F1010788BF0AF1010AA1E7C7
S315080194782DE9F7438846064640460A9C114608EBF5
S3150801948804020578EDB9A0EB08051A4630469DF899
S315080194982C900027FFF7F2FB641BA144B7EB590F81
S315080194A813D1CDE900853046DDE90012FFF7BCFA8C
S315080194B84FF00008E41B44450DD8284603B0BDE81B
S315080194C8F0838242DFD00130DBE720213046FFF7FF
S315080194D895FA0137E2E720213046FFF78FFA08F1B6
S315080194E80108E8E710B5044603C9C4E90223029B43
S315080194F884E80300DDE904012361039BC4E9060145
S31508019508DDE9060163610023C4E90801C4E90A33F0
S31508019518204610BD90F82C3013B10023836270479A
S315080195288362012380F82C30704790F82C3013B1E8
S31508019538002380F82C30704790F82C0070472DE9E5
S31508019548F041044688B001F10C0502AE002128460F
S31508019558FFF7ADFA15220021304618F09FFCA068DE
S315080195683246036821461F6863690133CDE90063FA
S31508019578B847284604F10C01FFF798FB3346676993
S31508019588F2191978B1B99B1BFF1A202279082846BE
S31508019598FFF7BFFA31462846FFF757FA2022284629
S315080195A8A7EB5701FFF7B5FA94F82C3033B908B089
S315080195B8BDE8F0819A42E6D00133E2E7A068A66AD7
S315080195C803685B69984730B1A06803685B6998477F
S315080195D8B04298BF01366269E36828461344013BDD
S315080195E8991B2269FFF74AFB01212846FFF75FFA0B
S315080195F8DDE7FFF7A4BF90F8243013B5044673B125
S31508019608014668460DF056FF9DF8040028B10098F2
S31508019618236A9842ACBF0020012002B010BD012080
S31508019628FBE7037F13B5044673B1014668460DF097
S3150801963841FF9DF8040028B10098A3699842D4BF50
S315080196480020012002B010BD0120FBE770B590F893
S315080196582C5004467DB1013A032A2AD8DFE802F0DC
S31508019668020D1524FFF7C7FF28B1A06803685B68D0
S315080196782146A26A9847284670BDFFF7D2FF0028F7
S31508019688F9D0A06803689B68F2E7836A80685E1C5C
S3150801969803681B6998478642EDD2A36A0133A36218
S315080196A8012384F82C30E6E7836A002BE3D0013BD3
S315080196B8F5E70023F5E7704710B5044600680C304E
S315080196C8FFF7ECF9206800210C30FFF7F0F920685C
S315080196D800210C30FFF7F7F92046002350F80C1B38
S315080196E881F85030E368BDE810401B681847C3681D
S315080196F801689B680C3018470B460A68416012686E
S3150801970800F10C011846104738B50446406800F0C0
S315080197188BF8054680B1636883420DD02046FFF76A
S31508019728E6FF20462946FFF7E7FF63682046A36058
S31508019738BDE83840FFF7C0BF38BD38B5C3680A4623
S3150801974804460D46DB6801680C309847014628B976
S31508019758042D04D0072D03D0032D06D038BD0821C2
S315080197682046BDE83840FFF7CFBF0421F8E7D0E91E
S3150801977801329A4210B5044617D0FFF7B8FF2046BA
S31508019788A168FFF7B9FF63682046A360BDE81040E2
S31508019798FFF792BF20680C30FFF722F9014620B17E
S315080197A82046BDE81040FFF7C8BF20680C30FFF710
S315080197B80EF90028EED1E368216804F10C005B680C
S315080197C8BDE810401847000038B504461546C0E9F3
S315080197D800128260002180220C3018F05FFB064ACD
S315080197E80146E260054A2846C4F88C202A681268A8
S315080197F89047204638BD00BFF48D0408048E040836
S3150801980870B505460E460446236820465B689847A0
S3150801981830B9231D9B599C4201D09D4202D1044669
S31508019828204670BD1C46EFE7F8B505460E460446C0
S31508019838231D27469C59236820465B68984720B903
S31508019848A74201D0A542F3D104462046F8BD13B56F
S3150801985801F10C04204669468DE80C00FFF726FA43
S3150801986820220A212046FFF754F902B010BD01202B
S31508019878704700F0BBB9000038B5D1F88030054605
S315080198880C4613B108461B6898472946204600F036
S3150801989891F9024BC4F8803038BD00BF248E0408FC
S315080198A870B505460E4B1868F6F741FE2A6A0D4B40
S315080198B833F822100BF064FD064678B10024EB69EB
S315080198C82146A3428ABFAB694FF6FF7233F81420C3
S315080198D8304601340BF012FD082CF0D170BD00BFDB
S315080198E8C09E0020D08D0408002381F850307047A7
S315080198F838B5037C044623B1036AC361002323747C
S3150801990838BD143006490DF0BDF904F114000DF0FF
S31508019918D9F90028F4D0236AE3610123EFE700BFE8
S315080199287D6C020870B514300C460DF0CBF90D4D57
S31508019938018828460DF03CFAD5E9013203EBC20342
S315080199489842014604F10C0006D0BDE8704004238C
S3150801995800224968FFF720BD0422BDE870400021AE
S31508019968FFF7A7B9A8B103084FF6FF735AB19A4288
S315080199780BBF436802F1FF32988A90B204BF00F11F
S31508019988FF3080B270471846704743684FF6FF7034
S315080199985B699A4205D0824202D0013290B2704779
S315080199A8002070472DE9F04F0F4600248046002114
S315080199B887B007F10C00FFF77AF8A146A24607F522
S315080199C8847BD8F8043098F80C101A6A0BEB421203
S315080199D831B1D8F80810A14204BFA1464FF0010ACF
S315080199E832F8142059698A4226D31A4D2B6821461A
S315080199F81B6804A8019300F03DF9DDE904233946FB
S31508019A082846DDF804C0E0476B681C44072CD8D9FA
S31508019A18BAF1000F1AD0494602A800F02BF902A993
S31508019A2807F10C00FFF742F9012107F10C0007B00D
S31508019A38BDE8F04FFFF73BB81B69214653F822509A
S31508019A48284600F009F90028CFD0CFE707B0BDE8C6
S31508019A58F08F00BF2040002038B504461C300D465B
S31508019A680AF08DFCE36913B92046FFF741FF237B0A
S31508019A781BB1002385F8503038BD237C43B1012337
S31508019A882946204685F85030BDE83840FFF74ABFD1
S31508019A982946204685F85030BDE83840FFF782BF89
S31508019AA8FFF7DABFF8B504460D46072A0CD8DFE8EA
S31508019AB802F064041114222E3F548368073303F015
S31508019AC80703A3600123237320462946FFF76AFF84
S31508019AD8012053E083680133F1E7436887681B6A05
S31508019AE801F5847606EB431636F81720FFF74DFF7E
S31508019AF826F81700E8E7436887681B6A01F584763C
S31508019B0806EB431636F81720FFF72EFFF0E7037B17
S31508019B180BB1002303731A4B1868F6F708FD636837
S31508019B281B6A05EB4313D3F824110BF0A9FCCBE701
S31508019B38416805F584720B6ACE6902EB4312002364
S31508019B489E4292BF4FF6FF70886930F8130022F8D3
S31508019B5813000133082BF3D1B6E7037B0BB10023B6
S31508019B680373074B1868F6F7E2FC63681B6A05EB8B
S31508019B784313D3F824110BF025FC0020F8BD00BFC8
S31508019B88C09E0020052A08B50BD1037B2BB10023FB
S31508019B988360FFF707FF012008BD8360012303736C
S31508019BA8F7E70020F8E7037B0BB1FFF77BBFFFF761
S31508019BB8E9BF000038B500250A4B0446C0E900315B
S31508019BC8094BC0E9025505741868F6F7BAFC014647
S31508019BD804F114000DF083F80A232046E56123628F
S31508019BE838BD00BF308E0408C09E002070470000AB
S31508019BF82DE9F04306468DB001F10C040846316992
S31508019C08CDE90223FFF78AF94FF020330593ADF81A
S31508019C181830036805AFD3F80090F36807A90793C6
S31508019C280023CDE9083706230A93DDE90923C8473E
S31508019C3802A92046FFF73AF80097B368054A0B21A7
S31508019C4809A80BF0D5F9204609A9FEF7FEFE0DB0BD
S31508019C58BDE8F0835B9B0308426801F003031344DC
S31508019C68042B05D91144A1F10803584258417047F4
S31508019C780120704721F0030303EB91035B00DBB274
S31508019C8801F0030103604160704770B501F10C04E6
S31508019C9886B0064669462046CDE90023FFF706F849
S31508019CA842F22003ADF8083020238DF80A3002ABBA
S31508019CB8049303230593F068DDE90412009DFFF771
S31508019CC855FB08B304212046FFF764F80122294603
S31508019CD82046FFF704F89DF80820691C2046FFF777
S31508019CE815F80122291D2046FEF7F9FF9DF80920D6
S31508019CF8691D2046FFF70AF8022205F108012046E0
S31508019D08FEF7EDFF06B070BD0A222946F7E7F8B552
S31508019D1815460F462B4605321C781E461CB10133DB
S31508019D289342F9D10024002122463846FEF7A6FFB8
S31508019D382B199E428CBF295D202138460134FEF72E
S31508019D485DFE042CEFD1F8BD2DE9F0410E46174604
S31508019D58134606321D78984635B301339342F9D12D
S31508019D683C46002544450CD02078A0F12D03012B4B
S31508019D781CD823782E2B14BF032301231D44132D26
S31508019D881AD9142514F8013C2E2B08BF04F1FF34FF
S31508019D98013CBC4212D2012D3CDD30466A1E012126
S31508019DA8BDE8F041FEF79BBF3C46DBE70AF038FB06
S31508019DB80028DED10134D5E70135FBE720782E28BE
S31508019DC812D1022D05F1FF3122D003223046FEF7C2
S31508019DD855FF00213046FEF711FE023D01222946AC
S31508019DE83046FEF77CFF0BE02D2805D1042DA5F199
S31508019DF8030107D10425D0E70AF012FB0028F5D19B
S31508019E08013CC6E730462278FEF780FF043DE5E7C0
S31508019E180225C2E7BDE8F081F0B50E46044689B0C9
S31508019E2806F10C0569462846CDE90023FEF73EFFEB
S31508019E380421FEF7AFFFA26829462046FFF767FF08
S31508019E4830462169FFF76AF8036802AE1F68E368B6
S31508019E5806960493002305930623079304A9DDE9C7
S31508019E680623B84730B1324629462046FFF76CFF24
S31508019E7809B0F0BD132201212846FEF730FFF7E79E
S31508019E882DE9F0418AB0CDE90223062305AF0797E4
S31508019E98089380460C46DDE90712C068FFF766FA9B
S31508019EA818B94FF020330593BB800097D8F80830C6
S31508019EB8084A0B2107A80BF09BF802A904F10C0024
S31508019EC8FEF7F4FE07A904F10C00FEF7BEFD0AB079
S31508019ED8BDE8F0815B9B03087047000038B5D1F8E7
S31508019EE8803005460C4613B108461B689847044B4B
S31508019EF8C4E900350023A360024BC4F8803038BD95
S31508019F08888E0408988E040810B586B000F11C01DD
S31508019F18044668460DF0CEFA9DF8043013B918467A
S31508019F2806B010BD04F1240102A80DF0C3FA9DF884
S31508019F380C30002BF3D004A804F12C010DF0BAFA61
S31508019F489DF81400ECE707B500F12C0168460DF0F9
S31508019F58B1FA9DF804302BB10098003818BF0120D2
S31508019F6803B000BD0120F8E710B504464068FFF7BD
S31508019F78EAFF40B9606801211C300DF0B9FAC0F151
S31508019F880400A06010BD0120FBE7836810B5032B08
S31508019F98044616D004DC013B012B0CD9002010BD60
S31508019FA8043B012BFAD8406800211C300DF0A0FAB1
S31508019FB80123A360F2E7052AF0D1FFF7D5FF0120AF
S31508019FC8EDE74068072A037E06D1002BF7D0002162
S31508019FD81C300DF08DFAE1E7002BF0D000211C307A
S31508019FE80DF086FA0123A360E9E710B404460223B3
S31508019FF808460022216910BCFEF79CBF2DE9F043EB
S3150801A0084768064697F8503089B001F10C04002BC9
S3150801A01848D00525F86CCDF818D003680795D3F804
S3150801A028009007F13401DDE90623C847716802AFD4
S3150801A038C86CCDE9067503683C31D3F80090DDE9AB
S3150801A0480623C847716804AEC86CCDE90665036876
S3150801A0584431D3F80090DDE90623C84702220021D6
S3150801A0682046FEF70BFE20212046FEF7C7FC694667
S3150801A0782046FEF7EAFC20460E49FEF7E6FC31467D
S3150801A0882046FEF7E2FC20460A49FEF7DEFC394679
S3150801A0982046FEF7DAFC20212046FEF7AFFC09B078
S3150801A0A8BDE8F08301220221204609B0BDE8F04344
S3150801A0B8FEF7FFBD649B03088368F7B5013B0546B0
S3150801A0C80C46042B3BD8DFE803F003202E959C00A9
S3150801A0D84068FFF78AFF21462846FFF78FFF686819
S3150801A0E8FFF731FF034604F10C003BB101230322B4
S3150801A0F8494903B0BDE8F040FFF74EB901220321EB
S3150801A10803B0BDE8F040FEF7D4BD41680323002239
S3150801A118496904F10C00FFF73FF9012303223F4976
S3150801A12804F10C00E5E7416868461C310DF0C2F9EF
S3150801A1389DF804300BB1009B1BB90423AB6003B02F
S3150801A148F0BD6968684624310DF0B4F99DF8043004
S3150801A15853B1009B642B07D1314B1868F6F7E7F919
S3150801A1680BF09BF90523E9E768682146FFF73DFFE8
S3150801A17828462146FFF742FF6968684624310DF0EB
S3150801A18899F99DF8045005B1009D642DA8BF642569
S3150801A19825EAE5752B460521224A68460AF028FF6D
S3150801A1A814235D4364230C3403220021C0F10C07F0
S3150801A1B832352046B5FBF3F50026FEF75FFDB742B3
S3150801A1C80FD169462046FEF740FC0C26B54294BFD6
S3150801A1D82021A52120460136FEF710FC142EF5D1BB
S3150801A1E8ADE7B54294BF2021A5212046FEF706FC16
S3150801A1F80136E4E74068FFF7F8FE0123032206491A
S3150801A2088EE74068FFF7F1FE21462846FFF7F6FE76
S3150801A21801230322044983E7689B0308789B0308FB
S3150801A228C09E00208D9B0308929B03080123836027
S3150801A238FFF742BF7047000038B5D1F880300546A8
S3150801A2480C4613B108461B689847054BC4E90035FF
S3150801A2580023C4E90233034BC4F8803038BD00BF74
S3150801A268B48E0408C48E040870B50D4604464168C0
S3150801A2780223284609690022FEF75CFE2368294657
S3150801A2882046BDE870405B6818472DE9F0470F4638
S3150801A2980646A8B0002107F10C00FEF708FC73680A
S3150801A2A838469969FEF73AFE00238DF83430026874
S3150801A2B80DF13409D2F800A0726802AD5269CDF8D9
S3150801A2C80890CDE900236C23039395E80C006946A9
S3150801A2D8D047292300950193DDE9002349463846E5
S3150801A2E8FEF71FFE022329461A4607F10C00FFF757
S3150801A2F853F8337B53B11321022207F10C00FEF7F9
S3150801A308BDFC012107F10C00FEF7D1FB28B0BDE819
S3150801A318F08708B5037B0BB9FFF7B7FF08BD00003F
S3150801A328F7B50446124E0F463068F6F700F9636822
S3150801A338998A0BF025F863680146DA8A054668465C
S3150801A3480AF084FF9DF804301BB1A268009B9A4263
S3150801A35808D097F800312BB93068F6F7E8F8294696
S3150801A3680BF07CF8237B0BB10023237303B0F0BDF4
S3150801A378C09E0020F0B50446007B0D4685B0F0B9AD
S3150801A388052A2AD1234B1868F6F7D1F86368998AFA
S3150801A3980AF0F6FF07460AF088FFE8B163681A7FEC
S3150801A3A8D2B939466846DA8A0AF050FFDDE900016A
S3150801A3B8C4E9020129462046FFF767FF0CE0022A8D
S3150801A3C81CD006DC012A0AD029462046FFF7A8FF31
S3150801A3D802E0033A012AF7D8012005B0F0BD0026A4
S3150801A3E8636828465A69996902920396FEF796FDA3
S3150801A3F803685B68324602A99847DBE70026636863
S3150801A40828465A69996902920396FEF787FD0368F1
S3150801A4189B68EFE7C09E00207047000070B5154C91
S3150801A4282068F6F784F84EF604010AF0A9FF0646ED
S3150801A4382068F6F77CF84EF606010AF0A1FF0546EC
S3150801A4482068F6F774F84EF607010AF099FF0446EC
S3150801A45876B16DB160B130460AF0D8FE40B12846EA
S3150801A4680AF0D4FE20B12046BDE870400AF0CEBEF7
S3150801A478002070BDC09E002038B5D1F880300C4642
S3150801A48813B108461B6898471C220021204617F075
S3150801A49805FD134D134B28682360F6F748F84EF661
S3150801A4A804010AF06DFF60602868F6F740F84EF671
S3150801A4B806010AF065FFA0602868F6F738F84EF62F
S3150801A4C807010AF05DFFE060A06808B10AF08AFE94
S3150801A4D80023C4E90533044B2061C4F8803038BD2C
S3150801A4E8C09E0020E08E0408F08E040807B50A46C7
S3150801A4F8014668460AF0AAFE9DF8040000B10098CC
S3150801A508003818BF012003B000BD2DE9F041054602
S3150801A51888460269531A002B18DB93421E4617DA36
S3150801A5282B7E03B16E6937462B6908EB0704002CA5
S3150801A53810DB9C4227460FDA2146A868FFF7D6FFA3
S3150801A54860B101236C612B76BDE8F0811344E2E71B
S3150801A5589B1AE2E71C44EAE7E41AEAE7A642E3D1CA
S3150801A5682B7E002BF0D02876EEE70000022A13B5D9
S3150801A57809D0052A0AD0012A1FD11146FFF7C5FFB6
S3150801A588012002B010BD4FF0FF31F7E7027E002A1D
S3150801A598F6D04269416868460AF058FE9DF80430C3
S3150801A5A843B1009C064B1868F5F7CBFF21460BF01B
S3150801A5B85EFDE5E74FF6FF74F4E70020E1E700BF23
S3150801A5C8C09E00202DE9F04F037E04468A46A3B0B3
S3150801A5D8DBB901212046FFF798FF217E00297ED1A4
S3150801A5E801220AF10C00FEF764FB01233E491A46CB
S3150801A5F80AF10C00FEF7D0FE022211460AF10C00F8
S3150801A60823B0BDE8F04FFEF754BB41698068FFF7F0
S3150801A6186DFF0028DDD0E0E72946A068FFF766FF49
S3150801A62828B1636908F101089D4208BFC146013589
S3150801A63823699D42F0D3A38A0027ADF83230062351
S3150801A6484EF6040B06AD12AE1295139396E80C0056
S3150801A6580CA92648ADF830B00D970CF029FC304600
S3150801A6686269A1680AF0F2FD129B30466269E168DF
S3150801A67805930AF0EBFD129A059BBA420CBF2022F4
S3150801A6882A22CDE9015303924B461521184ACDF8DA
S3150801A69800800CA80AF0ACFC3A4639460AF10C00C7
S3150801A6A8FEF7ECFA0CA90AF10C00FEF7CEF9A38A13
S3150801A6B83246ADF822303D2308A90E480B93CDE959
S3150801A6C80976ADF820B00CF081FB03230122314647
S3150801A6D80AF10C00FEF760FE23B0BDE8F08F0025ED
S3150801A6E8A946A846A4E700BF9B9B030890B503089B
S3150801A6F8A79B0308A8B10308FFF764BF38B5054641
S3150801A7084469236820465B68984718B9E4686B6901
S3150801A718A342F6D138BD704738B5D1F88030054619
S3150801A7280C4613B108461B689847034BC4E900351C
S3150801A738024BC4F8803038BD0C8F04081C8F0408F6
S3150801A74810B50C4641680323012220460969FEF71C
S3150801A758F1FB94F8063113B1002384F8063110BDCC
S3150801A768052A10B50C4608D1436808215869FFF728
S3150801A77847F800B1E065012010BD0020FCE700009C
S3150801A78838B504460B4B1868F5F7D1FEA18A0AF0C5
S3150801A798F7FD054608B9002038BD0AF037FD002837
S3150801A7A8F9D028460AF01EFDE38A984294BF00208C
S3150801A7B80120F1E7C09E0020704700002DE9F34704
S3150801A7C84FF6FF7A8369DFF88890D3E9064704EBE1
S3150801A7D8C707BC4202D102B0BDE8F087D9F8000024
S3150801A7E8F5F7A5FE21880AF0CBFD0646D9F800003B
S3150801A7F8F5F79DFEA1880AF0C3FD8046C6B1B8B132
S3150801A8086288524516D100250DE02A463146684622
S3150801A8180AF01CFD9DF8043023B129464046009AE2
S3150801A8280AF06CFD013530460AF0DCFCA842ECD882
S3150801A8380834CEE7314668460AF008FD9DF8043023
S3150801A848002BF5D04046009AE1880AF057FDEFE754
S3150801A858C09E002038B5D1F8803005460C4613B19C
S3150801A86808461B6898472946204600F0ADFE034B63
S3150801A878A5612360024BC4F8803038BD388F0408B7
S3150801A8884C8F04080E4B70B505461868F5F74FFE48
S3150801A898D5E90645064604EBC505A54201D10020BA
S3150801A8A870BD304621880AF06BFD08B90834F4E70B
S3150801A8B83046A1880AF064FD0028F7D00120EFE7A1
S3150801A8C8C09E00207047000083692DE9F047D3E947
S3150801A8D806460C2303FB0646DFF844A0B44201D119
S3150801A8E8BDE8F087DAF80000F5F721FE21890AF0B4
S3150801A8F847FD814638B1D4E900534FF0000805EB06
S3150801A9088307BD4201D10C34E8E7618948464144C9
S3150801A91855F8042B0AF0F2FC08F10108F1E700BF23
S3150801A928C09E002038B5D1F8803005460C4613B1CB
S3150801A93808461B6898472946204600F045FE034BFA
S3150801A948A5612360024BC4F8803038BD688F0408B6
S3150801A9587C8F04080C2370B5D0E9064503FB054529
S3150801A968074EA54201D1002070BD3068F5F7DFFD15
S3150801A97821890AF005FD0C340028F2D00120F3E7F5
S3150801A988C09E002038B505464469236820465B6899
S3150801A998984718B9E4686B69A342F6D138BD704778
S3150801A9A838B5D1F8803005460C4613B108461B68F8
S3150801A9B89847044BC4E900350023A360024BC4F841
S3150801A9C8803038BD988F0408A88F040808B58368AD
S3150801A9D8032B0BD1064B1868F5F7A9FD0AF012FDEA
S3150801A9E820B9BDE80840062006F038BE08BD00BFF4
S3150801A9F8C09E00202DE9F04306460F464368DFF856
S3150801AA08B090D3E9065393B005EB4308A84508D196
S3150801AA1871680323012238460969FEF78BFA01236F
S3150801AA283DE02C88D9F80000F5F781FD21460AF0A2
S3150801AA38A7FC0446002839D00146002268460AF0D0
S3150801AA4805FC20460AF0D4FB0022214602A80AF092
S3150801AA58FDFB9DF804304BB39DF80C3033B3009ACF
S3150801AA68029B9A4222D0002120460AF047FCA38974
S3150801AA783D210133A38173680E4A1B6902A80AF0AE
S3150801AA88B7FA0323002202A93846FEF753FA012327
S3150801AA980322094907F10C00FEF77EFC0223B3607D
S3150801AAA8002387F8003113B0BDE8F0830235ADE716
S3150801AAB8C09E0020BD9B0308789B03082DE9F8432F
S3150801AAC884680546012C0E460DD1052A38D14368F6
S3150801AAD808215869FEF794FE10B186F80041F06519
S3150801AAE80120BDE8F883022C2AD1012A08D1154B81
S3150801AAF81868F5F71CFD0AF0D0FC0323AB60EFE7ED
S3150801AB084368DFF84080D3E9064704EB4707BC42A8
S3150801AB1808D106F10C00FDF7C1FF31462846FFF7B3
S3150801AB2869FFDDE734F8029BD8F80000F5F7FFFC62
S3150801AB3849460AF025FC0028E9D00AF059FBE6E758
S3150801AB480020CEE7C09E00207047000038B5D1F82E
S3150801AB58803005460C4613B108461B689847084BCA
S3150801AB683422C4E90035002104F1080017F096F9E2
S3150801AB780023C4E90F33034BC4F8803038BD00BF3E
S3150801AB88C48F0408D48F0408F7B5044608300F465D
S3150801AB981646FEF7D1FC08BB052E1DD1144B1868BD
S3150801ABA8F5F7C5FC6368998A0AF0EAFB06460AF0CE
S3150801ABB87CFB80B163681B7F6BB904F10800FEF75B
S3150801ABC8A9FC636831466846DA8A0AF03FFB9DE8BC
S3150801ABD80300C4E90F01012003B0F0BD3246394626
S3150801ABE804F1080003B0BDE8F040FEF72FBD00BF29
S3150801ABF8C09E00202DE9F04F0F4605464168002200
S3150801AC088DB0022309693846FEF794F96B68384608
S3150801AC189969FEF783F903688046DB68984714281B
S3150801AC2828BF1420D8F8003006469B69404698473D
S3150801AC388146024600F1150110781346002851D1BC
S3150801AC48B3EB090352D13344142B28BF1423A3EBBE
S3150801AC58060ABAF1010FC3F114034FEA530411D9CD
S3150801AC68711C0222214407F10C00FEF707F80AF1C4
S3150801AC78FF33CDF828900B9307F10C00DDE90A128A
S3150801AC88FDF7D2FE95F838206B6812B1002285F8CF
S3150801AC9838209A8ADB8AADF81820ADF81A300023CD
S3150801ACA8CDE90933CDE907330B930223DDE90A0117
S3150801ACB80093CDE90401DDE908012346CDE902013E
S3150801ACC8424606A9019605F10800FEF70BFC012381
S3150801ACD8394605F1080085F838300DB0BDE8F04F5A
S3150801ACE8FEF787BC01328A42A6D1A9E70133AAE74A
S3150801ACF890F84030F7B504460F4643B30830FEF7D7
S3150801AD081BFC20BB134E3068F5F711FC6368998A5A
S3150801AD180AF036FB63680146DA8A054668460AF088
S3150801AD2895FA9DF804301BB1E26B009B9A4208D04C
S3150801AD3897F800312BB93068F5F7F9FB29460AF077
S3150801AD488DFB94F8403013B1002384F8403003B0E2
S3150801AD58F0BD00BFC09E002038B504460D46083030
S3150801AD68FEF7EDFB29462046FFF7C2FF38BD01204D
S3150801AD787047704738B5D1F8803005460C4613B187
S3150801AD8808461B689847054B04F10800C4E90035CD
S3150801AD9809F064FA024BC4F8803038BDF08F04080C
S3150801ADA80090040838B5044608300D4609F06DFACE
S3150801ADB830B1636808215868FEF722FD00B1E865D5
S3150801ADC838BD000070B588B0064601A80C4602F0E1
S3150801ADD8CBFF029B0199132B1D4628BF1325012B6F
S3150801ADE81FD92A4603A817F040F805F120030DEBE9
S3150801ADF80305002306F10800C82105F8143C09F0E3
S3150801AE083DFA012309491A4604F10C00FEF7C4FA6A
S3150801AE180123022203A904F10C00FEF7BDFA08B0C2
S3150801AE2870BD04BF0B788DF80C30DEE7C89B0308A4
S3150801AE381FB5416904460B68684600229B6898470E
S3150801AE489DF8040038B1216A02A80B6800229B689C
S3150801AE5898479DF80C0004B010BD704738B5D1F86D
S3150801AE68803005460C4613B108461B6898470B4BB4
S3150801AE783422C4E90035002504F10C002946A560E9
S3150801AE8817F00CF83422294604F1400017F006F8A1
S3150801AE98034BC4E91D55C4F8803038BD1C90040815
S3150801AEA82C9004080346D0F8020193F8063182B0BB
S3150801AEB8009033B1BDF80200003818BF012002B06E
S3150801AEC870470120F8E70346D0F8020182B00090DE
S3150801AED893F8060108B1BDF8000002B07047F7B546
S3150801AEE806460846FFF7DEFF0D467468F8B12034B2
S3150801AEF806F1400096F87830EBB1FEF71DFBD0B99C
S3150801AF08216828460B689F68FFF7DDFF02466846F1
S3150801AF18B8479DF804301BB1726F009B9A420AD054
S3150801AF28206803685B6903B0BDE8F0401847143424
S3150801AF3806F10C00DEE703B0F0BD2DE9F04F8FB03E
S3150801AF4806938046FFF7BFFF91F830300C46154641
S3150801AF580646DDF860B09DF86470002B48D10023D9
S3150801AF68CDE90833CDE90A336B7A002B4CD1286829
S3150801AF785F4403681B69984701464046FDF7CEFFBB
S3150801AF880368DB689847584594BF0790CDF81CB005
S3150801AF9828680368CDE90C601B699847014640464D
S3150801AFA8FDF7BCFF079A069B94F83010BF1A0546A9
S3150801AFB803EB570311B1002184F8301001920322DB
S3150801AFC8DDE90A010092CDE90401DDE908012A460D
S3150801AFD8CDE902010CA92046FEF784FA0123414668
S3150801AFE8204684F830300FB0BDE8F04FFEF701BBB4
S3150801AFF808460CF09BFA8642B1D1414620460FB065
S3150801B008BDE8F04FFEF79BBA9EB9286803681B6826
S3150801B018984701388642AAD22968721C0B680CA877
S3150801B0289B6898470C9B013B0A9301238DF82C30A2
S3150801B0389DE72968721E0B680CA89B6898470C9BA4
S3150801B0480133089301238DF824306B7A002BDCD160
S3150801B0588DE72DE9F34104460846FFF723FFD4E9AE
S3150801B06801230D46064604F10C07C0B10021143226
S3150801B078CDE9003128460B463946FFF75EFFD4E984
S3150801B088012301210191C3F114010091203204F130
S3150801B09840012846FFF751FF02B0BDE8F0810121BA
S3150801B0A80191C3F114010091203204F140012846A7
S3150801B0B8FFF743FF62680196A3683946009314327D
S3150801B0C83346E6E70346D0F8020193F8062182B02B
S3150801B0D800900AB1BDF8002093F80601A3F80221E9
S3150801B0E8A3F8041108B102B07047012283F80621B2
S3150801B0F8F9E70346D0F8020193F8062182B00090D1
S3150801B10852B1BDF8022093F80601A3F80211A3F873
S3150801B118042118B102B070470122F4E7012283F825
S3150801B1280621F7E770B5054610680E460368144602
S3150801B1385B68984778B1237A6BB13046FFF7C3FE47
S3150801B148044640B16B68186A03681B689847013852
S3150801B158001B18BF012070BD70B506460846FFF7E3
S3150801B168A1FE0D4604467268C0B12032294630460A
S3150801B178FFF7D8FFA0B9726884F0010414F0FF0438
S3150801B18814BF2032143229463046FFF7CBFF38B1AF
S3150801B19821462846BDE87040FFF794BF1432E5E713
S3150801B1A870BD2DE9F34704460846FFF77BFE0D46B1
S3150801B1B8904681466768002842D0203704F1400A3C
S3150801B1C85046FEF7B9F9064600284FD0B8F1060FDA
S3150801B1D83AD1666889F0010919F0FF0914BF2036C2
S3150801B1E81436306818BF04F14007036808BF04F12C
S3150801B1F80C075B689847002856D0324629462046E8
S3150801B208FFF790FF00284FD05046FEF78EF92946DA
S3150801B2182046FFF764FE49462846FFF753FF384696
S3150801B228FEF778F931680B6828469E68FFF74BFEE2
S3150801B23802466846B0479DE80300C4E91D0133E0A4
S3150801B248143704F10C0ABBE7424629465046FEF76D
S3150801B258FDF906465046FEF76FF918B929462046FC
S3150801B268FFF73DFE304602B0BDE8F087294620467D
S3150801B278FFF735FEB8F1010F18D12846FFF723FE67
S3150801B28863680746186A03681B689847013887423E
S3150801B298E8D22846FFF717FE411C2846FFF729FF7B
S3150801B2A829462046FFF758FF0126DBE7B8F1020FC2
S3150801B2B806D12846FFF707FE0028D3D0411EECE73A
S3150801B2C8B8F1050FCED13A4629462046FFF72AFF97
S3150801B2D80028C7D0314605F10C00FDF7F4FB5046A6
S3150801B2E8FEF718F939689EE72DE9F3410E46054632
S3150801B2F841680123002209693046FDF71BFE6A6881
S3150801B3089469234604F1150118781F4610B10133CB
S3150801B3188B42F9D150693F1B03681B699847036833
S3150801B328DB6898476A688742D2F8248038BF074697
S3150801B338434608F1150118781C4610B101338B42AA
S3150801B348F9D1106AA4EB080403681B6998470368CE
S3150801B358DB689847A04238BF20460A2F64D90828CF
S3150801B3686DD8C0F11500B84228BF384600244FF0F9
S3150801B37801086968A860CDE9000406F10C072246A8
S3150801B388012338468969FEF773F8D5E90112C2F12E
S3150801B39814030093CDF804804346496A3846FEF7F4
S3150801B3A867F86B68586903681B6998470146304608
S3150801B3B8FDF7B4FD03689B6998470194AB68224673
S3150801B3C80146009338460223FEF752F86B68186A55
S3150801B3D803681B69984701463046FDF79FFD0368D0
S3150801B3E89B699847AA680146C2F11403009338462F
S3150801B3F80223CDF80480FEF73BF83046FFF763FDD4
S3150801B4086B680446586903681B689847411EA14238
S3150801B41828BF21463046FFF76CFE3146284602B05A
S3150801B428BDE8F041FFF715BE0A2808D9082F06D83E
S3150801B438C0F114000137B84238BF384696E70A20E2
S3150801B44894E7704738B5D1F8803005460C4613B1EC
S3150801B45808461B689847034BC4E90035024BC4F8EC
S3150801B468803038BD4890040858900408292230B518
S3150801B47843688FB003AC0D46586921460194029278
S3150801B488FDF774FF30B1022321461A4605F10C006F
S3150801B498FDF782FF0FB030BD38B50D460446416841
S3150801B4A80223284609690022FDF744FD2946204654
S3150801B4B8BDE83840FFF7DABF38B504460D4601F14D
S3150801B4C80C00FDF7EBFA616803230122284609698E
S3150801B4D8FDF730FD0123A36038BDFFF7EDBF38B589
S3150801B4E883680446032B0D4609D10C3008F0CDFEB6
S3150801B4F828B129462046BDE83840FFF7DDBF38BDE3
S3150801B50838B5054601F10C042046FDF7C7FA6968FE
S3150801B5180323002249692046FDF73EFF012303223A
S3150801B52820460349FDF738FF0223AB6038BD00BF43
S3150801B5388F90040870B504460D46164690B012B1A8
S3150801B54803681B69984705F10C00FDF7A7FA6368B4
S3150801B5580C490D4A6846002E08BF0A461B693D2153
S3150801B56809F046FD0323012269462846FDF7E2FC50
S3150801B578642104F10C0008F081FE0323A36010B0CE
S3150801B58870BD00BF789004088690040838B58468A9
S3150801B5980346012C0D460ED1052A12D14268526975
S3150801B5A81AB1FFF7ADFF012038BD01222946184611
S3150801B5B8FFF7C0FFF7E7022C03D1012AF5D00022CD
S3150801B5C8F6E70020F0E70000054B10B5C0E90031A1
S3150801B5D80023044683600C3008F040FE204610BD5F
S3150801B5E864900408007970470020704710B504462E
S3150801B5F8406805F07FFD237B5840C0B210BD10B5E1
S3150801B6080446406805F084FD237A5840C0B210BD47
S3150801B61808B5037A4068594005F074FD012008BD4C
S3150801B6281268F0B50468023A944200D3F0BD204680
S3150801B6381346B1F900E0054630F9027BBE45FADC46
S3150801B6481E46B6F900C03346E645A6F10206F8DBFA
S3150801B6589D4206D8864220F802CC05461F80334605
S3150801B668E9D2994288BF2C46A94238BF1A46DBE770
S3150801B67810B50446406908B108F0C0FEA06808B1CB
S3150801B68808F0BCFE204610BD2DE9F341456904467C
S3150801B69815F0010F05F1FF3600EB450721D126F014
S3150801B6A801010144CDE9000701AA6846FFF7B8FF79
S3150801B6B84FEA560825F0010134F9186068464FEA39
S3150801B6C8550801AA2144CDE90047FFF7A9FF34F92E
S3150801B6D81800304400EBD07040F34F0002B0BDE8C3
S3150801B6E8F081CDE90007811901AA6846FFF798FF95
S3150801B6F8A05FF3E70023F0B5D0E9064787B00593BD
S3150801B7083B1B5D10002BB8BF0B350A2D064601D920
S3150801B71816F08EFB25B1002168466A0016F0BEFBB5
S3150801B7286B4605951636BC4204D16846FFF7ACFF49
S3150801B73807B0F0BD34F9022B23F8022BB442F2D331
S3150801B748163CFBE70A2928BF0A21012938BF012126
S3150801B758F8B50446D0E90730C01A43100028B8BF1F
S3150801B7680B33CD1A2E4604F11A07002E0EDB002DCF
S3150801B778A3EB0103C8BF002304F11A062B4473B9C6
S3150801B7881DB1201DFFF7B6FF2085F8BDE069023017
S3150801B798B84202D2E0610136E7E71638F8E7206AC7
S3150801B7A8811CB14203D20280013B2162E7E71639BF
S3150801B7B8F7E700002DE9F04F044685B008F036FC96
S3150801B7C8B94B0126236005F05BFF0025B74BB84F37
S3150801B7D82077B848A3612762606284F8286005F073
S3150801B7E8D3FB002104F12000FFF712FFB248E762F4
S3150801B7F8206384F8346005F0C7FB002104F12C00A6
S3150801B808FFF706FFAD48A763E06384F8405005F0E3
S3150801B818BBFB314604F13800FFF7FAFEA84867640E
S3150801B828A06484F84C5005F0AFFB314604F1440096
S3150801B838FFF7EEFEA34FA448A44E27656065A665E3
S3150801B84884F85C5005F0A0FBA1482766C4E91906E7
S3150801B85884F86C5005F098FB9E4904F1700001F0D4
S3150801B868A1FB9D4A04F1700104F1FC0005F0C8F931
S3150801B8789A4A04F1700104F5847005F0C1F9162293
S3150801B888294604F58C7016F009FB954B42F6E062D9
S3150801B898C4F838310A21C4E94C00C4F83C5104F506
S3150801B8A88A70FFF74FFF8F4A04F1700104F5A070FB
S3150801B8B805F0A6F98C4A04F1700104F5A67005F09D
S3150801B8C89FF98A4A04F1700104F5AC7005F098F9F4
S3150801B8D8874A04F1700104F5B27005F091F98549B2
S3150801B8E804F5B87006F094F8834904F5CA7006F0A9
S3150801B8F88FF804F5E077814904F5DC7005F028FC32
S3150801B90838467F4905F024FC7E4904F5E47001F0C0
S3150801B9188BFD39467C4B7D4A04F5E67007F0A6F897
S3150801B92804F5146704F51A73794A019304F5DC7169
S3150801B93807F6D45304F51A7008F0A2F804F60C139E
S3150801B94818462A4604F5E471029304F5B9580CF029
S3150801B9582FFC04F1FC0104F6381001F095F908F1F9
S3150801B9681408384600F066FD6A49404605F0F6FAB5
S3150801B97804F5B9504146684A183005F031FA04F514
S3150801B988CA5704F5C250654A10374146043005F0CE
S3150801B99827FA6349384605F0E1FA04F5CA503946E3
S3150801B9A8604A143005F01CFA04F5D353394618468B
S3150801B9B85D4A039305F014FA04F5DB530C3304F5D1
S3150801B9C8B9511846594A1831009305F00DFE04F580
S3150801B9D8C25104F5DD50554A0431143005F004FE08
S3150801B9E804F5CA5104F5DF50514A14311C3005F0E3
S3150801B9F8FBFD04F5E2504D4A0399043005F0F4FDC0
S3150801BA0804F5E4504B490C3005F098FC04F5E5506B
S3150801BA1849491C3005F092FC04F5E75047490C30B2
S3150801BA2805F08CFC04F5E8511C310846039100F031
S3150801BA3827FA434B03993C2D2ED1204608F0D0FA14
S3150801BA482046019908F0CCFA2046009908F0C8FA68
S3150801BA5804F5DD512046143108F0C2FA04F5DF5120
S3150801BA6820461C3108F0BCFA04F5E2512046043197
S3150801BA7808F0B6FA0299204608F0B2FA04F17000FD
S3150801BA8801F040FA404605F063FA384605F060FACF
S3150801BA98204605B0BDE8F08F581903910C3505F015
S3150801BAA873FA0399264BC6E7DC900408CC90040878
S3150801BAB8BC900408789304086C930408489304080E
S3150801BAC83C930408AC90040830930408C837040862
S3150801BAD8249304082892040810920408F891040883
S3150801BAE8A0370408E0910408C8910408B09104082D
S3150801BAF898910408EC93040878910408309404088A
S3150801BB08A893040828910408549304086093040820
S3150801BB18449404080000004008930408EC920408B9
S3150801BB28000C0040D0920408B4920408A8920408AC
S3150801BB389C920408809204085892040830920408D2
S3150801BB48EC90040810B5044608F02CFA04F580535D
S3150801BB58B3F91027D4F8343104F58C70023B9842AE
S3150801BB6819D8C4F83431D4F83031023B984214D87C
S3150801BB781A80C4F83031FFF7BDFDB0F5165FA4F891
S3150801BB883C0102DA072005F069FD04F17000BDE8F9
S3150801BB98104001F095B91633E1E71633E6E70000D8
S3150801BBA870B504463F4B00F5805503603E4B00F5DA
S3150801BBB8EA50C5F81C3D3D4B3D4EC5F8403D08F0D9
S3150801BBC8D2F904F5E8501C3008F0CDF904F5E75028
S3150801BBD80C3005F06DFC04F5E5501C3005F068FCE1
S3150801BBE804F5E4500C3005F063FC04F5E250C5F899
S3150801BBF8446C043008F0B7F904F5DF50C5F8FC6B56
S3150801BC081C3008F0B0F904F5DD50C5F8B46B1430EA
S3150801BC1808F0A9F904F5DB50C5F86C6B0C3008F087
S3150801BC28A2F904F5CA50103005F0AAF904F5B95075
S3150801BC38143005F0A5F904F6381001F02BF81D4B58
S3150801BC4804F60C10C4F80C3908F08DF904F51A70C5
S3150801BC5807F0C8FD0022184B04F5CA701A60FFF7E9
S3150801BC6807FD04F5B870FFF703FD04F5B27004F093
S3150801BC78D5FF04F5AC7004F0D1FF04F5A67004F0FD
S3150801BC88CDFF04F5A07004F0C9FF04F5847004F02B
S3150801BC98C5FF04F1FC0004F0C1FF204608F0F8F9D5
S3150801BCA8204670BDDC90040870940408589404086A
S3150801BCB88C9A0408A4A50408C49E002010B5044655
S3150801BCC8FFF76EFF204641F6505108F095FB2046CE
S3150801BCD810BDC268D3680A331361704710B50446A4
S3150801BCE8024B036008F03FF9204610BD5894040832
S3150801BCF810B50446FFF7F2FF2046102108F07CFB31
S3150801BD08204610BD10B50446044B40F8243BFFF7FE
S3150801BD18E5FF204608F027F9204610BD7094040867
S3150801BD2810B50446FFF7EEFF2046342108F064FBF8
S3150801BD38204610BD0022014B9A607047002C00402E
S3150801BD482DE9FF41C36804460133C360C268036924
S3150801BD589B1A002B45DB454F3868F4F7E5FB00F5D8
S3150801BD688053D3F81C3700F5B8501B681C30984720
S3150801BD7880463868F4F7D8FBC36FD0F88020934219
S3150801BD88227E1ABFC0F880300126002601235ABB35
S3150801BD98237645F25553364AC4F814801360D36896
S3150801BDA813F00203FBD1F62191604CF6CC411160E0
S3150801BDB830490A6C42F400620A64BFF34F8F40F2B5
S3150801BDC8FF212D4AADF804305160EC21116040F28B
S3150801BDD8CF212A4B516002A801A9CDE9023401F005
S3150801BDE8FBFC04B0BDE8F081656923763868C4F8B8
S3150801BDF81480F4F799FB94F82020D0F84439A8EB75
S3150801BE08050582B3E269012141F28737E36184F8BE
S3150801BE18201041F288344FF47A7C03F5FA703B44D2
S3150801BE28B3FBF4F102F5FA733A44B0FBFCF0B3FB41
S3150801BE38FCF3B2FBF4F2471A9C1ABC4228BF3C46EB
S3150801BE48A542CED313440844834238BF03469D42CC
S3150801BE58C7D8002EC5D04AF6AA22054B1A60EC2285
S3150801BE68054B1A60BDE71A46CDE700BFC09E0020FC
S3150801BE780030004000380240002C00403DBD010852
S3150801BE8810B5044608F078F8084B04F12400236035
S3150801BE980023C4E90433C4E90633E360236208F0DE
S3150801BEA86BF8034B20466362246310BD709404083B
S3150801BEB858940408F8B504460E4600F1880500F6B4
S3150801BEC84857BD420ED16FF40F63F2180A4B9A42CE
S3150801BED810D8B4F8943D01200133C4F8986DA4F834
S3150801BEE8943D08E02B6828461B68984705F5887528
S3150801BEF80028E6D00020F8BDFF4002004068FFF799
S3150801BF08D9BF1268F0B50468023A944200D3F0BD65
S3150801BF1820461346B1F900E0054630F9027BBE45CD
S3150801BF28FADC1E46B6F900C03346E645A6F102060E
S3150801BF38F8DB9D4206D8864220F802CC05461F80C2
S3150801BF483346E9D2994288BF2C46A94238BF1A46D0
S3150801BF58DBE74368186870478268C368022A38BFEE
S3150801BF6802220133934228BF0023C36070470000A9
S3150801BF78394B984207D1394A536C43F00103536444
S3150801BF88BFF34F8F7047364B984205D1334A136C26
S3150801BF9843F001031364F3E7324B984204D12F4A5D
S3150801BFA8136C43F00203F5E72F4B984204D12B4A49
S3150801BFB8136C43F00403EDE72C4B984204D1274A46
S3150801BFC8136C43F00803E5E7294B984204D1234A41
S3150801BFD8136C43F01003DDE7264B984204D11F4A38
S3150801BFE8136C43F02003D5E7234B984204D11B4A27
S3150801BFF8536C43F00203C2E7204B984204D1174A0F
S3150801C008536C43F48033BAE71D4B984204D1134A5B
S3150801C018536C43F40033B2E71A4B984204D10F4ADA
S3150801C028536C43F48023AAE7174B984204D10B4A69
S3150801C038136C43F04003ADE7144B984204D1074A01
S3150801C048136C43F08003A5E7114B984298D1034A2C
S3150801C058136C43F480739DE70000014000380240E1
S3150801C068000000400004004000080040000C0040A1
S3150801C078001000400014004000040140004001403F
S3150801C088004401400048014000180040001C0040D7
S3150801C09800200040F0B5EFF31081C94301F0010112
S3150801C0A872B61F4BDA6822F00102DA601A6822F0C2
S3150801C0B801021A60DA6A013A5A621A6842F00102FA
S3150801C0C81A601A68D206FCD500242746154E043488
S3150801C0D80C2C0ED18268022A38BF0222023AC260A3
S3150801C0E800221A61DA6842F00102DA60A9B162B679
S3150801C0F8F0BD56F82420156825F001051560576224
S3150801C108156825F060051560156845F01005156070
S3150801C118156845F060051560D9E772B6E8E700BF06
S3150801C128000001409094040838B5194B04461A686A
S3150801C138C368C2F30012DB4303F001039A4201D133
S3150801C148FFF70AFF062308210C25124AE0685360FF
S3150801C158114B596004F6EC4105FB001104F63454F9
S3150801C16804EB00140D48D160DC60816841F4407124
S3150801C17881600B48816841F440718160116841F01A
S3150801C188010111601A6842F001021A6038BD00BF40
S3150801C1980000014058640240106402400022014030
S3150801C1A800210140104A08B55368062B0F4B02D1E6
S3150801C1B85968082909D0116821F0010111601A681E
S3150801C1C822F001021A60FFF7AFFF094A936843F0A4
S3150801C1D880439360074A936843F0804393606FF0FE
S3150801C1E80102054B1A6108BD5864024010640240F1
S3150801C1F80021014000220140000001404068FFF784
S3150801C208D1BF0000F8B5B0F8943DB0F8962D9BB2A9
S3150801C21892B2934204466DD0A0F8963D46F2A81309
S3150801C228D0F8982D344D9A4281BF4CF2503102F517
S3150801C23843434F33B3FBF1F394BF01235B0051002A
S3150801C248B1FBF3F10260836041604FF4FA7342F27D
S3150801C2580F7003FB0200A84284BF42F21073B0FBB9
S3150801C268F3F3E3614FF4FA03B3FBF1F3FA2123621B
S3150801C27842F20F7301FB023342F21072B3FBF2F377
S3150801C28800211E4E1E4FDFF87CC0C4F8E83D04F1B4
S3150801C2980C0023685B00B6FBF3F30A01BA5840F8A9
S3150801C2A8043F02F13405D36244325B08AA420AD133
S3150801C2B8013103290AD06FF40F62D0F88C3D9A1818
S3150801C2C86245E7D9E5E745F8043BEFE704F12C05AC
S3150801C2D804F6EC46AE4204D12046BDE8F840FFF71D
S3150801C2E8D9BE28460CF01EF828460CF033F805F591
S3150801C2F88875EFE7F8BD00BF3F4B4C0000A3E11175
S3150801C30890940408FF4002002DE9F3414569044663
S3150801C31815F0010F05F1FF3600EB450721D126F087
S3150801C32801010144CDE9000701AA6846FFF7E9FDBD
S3150801C3384FEA560825F0010134F9186068464FEAAC
S3150801C348550801AA2144CDE90047FFF7DAFD34F972
S3150801C3581800304400EBD07040F34F0002B0BDE836
S3150801C368F081CDE90007811901AA6846FFF7C9FDD9
S3150801C378A05FF3E70023F0B5D0E9054787B0059331
S3150801C3883B1B5D10002BB8BF0A35092D064601D996
S3150801C39815F04EFD25B1002168466A0015F07EFDA7
S3150801C3A86B4605951436BC4204D16846FFF7ACFFBF
S3150801C3B807B0F0BD34F9022B23F8022BB442F2D3A5
S3150801C3C8143CFBE7092928BF0921012938BF01219E
S3150801C3D8F8B50446D0E90630C01A43100028B8BF94
S3150801C3E80A33CD1A2E4604F11807002E0EDB002D46
S3150801C3F8A3EB0103C8BF002304F118062B4473B93C
S3150801C4081DB1201DFFF7B6FFA084F8BDA06902304B
S3150801C418B84202D2A0610136E7E71438F8E7E069BD
S3150801C428811CB14203D20280013BE161E7E7143975
S3150801C438F7E700002DE9F047002501264CF25037A9
S3150801C4480446AA4B86B00146C0E90075C0E9093019
S3150801C458C0E90255C0E90455C0E906550562A44B69
S3150801C468A44A00962C300CF073FB2146A24BA34A2A
S3150801C478009504F59E700CF06BFB2146A04BA14A6A
S3150801C488009604F513700CF063FB21469E4B9F4AF0
S3150801C498009504F557700CF05BFB21469C4B9D4AA9
S3150801C4A8009604F26C400CF053FB21469A4B9B4AC2
S3150801C4B8009504F27C500CF04BFB2146984B994A9F
S3150801C4C8009604F28C600CF043FB2146964B974A7A
S3150801C4D8009504F29C700CF03BFB2146944B954A57
S3150801C4E8009604F6AC000CF033FB2146924B934AAE
S3150801C4F8009504F6BC100CF02BFB2146904B914A8B
S3150801C508009604F6CC200CF023FB04F6EC488E4B77
S3150801C51821468E4A009504F6DC300CF019FB04F620
S3150801C528345648222946404615F0B8FC6022294661
S3150801C538304615F0B3FC14222946A4F8945DC4F8CC
S3150801C548987DA4F8965DC4F89C5DC4F8A05D04F6C8
S3150801C558A85015F0A3FC7E4F42F6E062C4F8BC0D5C
S3150801C568C4F8C00DC4F8C47D0921C4F8C85D04F629
S3150801C578A450FFF727FF42F6E063C4F8D05DA4F894
S3150801C588D03D744BFA22C4F8DC3D42F20F73C4F865
S3150801C598CC7DC4F8D47D2768C4F8D85D02FB073377
S3150801C5A842F21072B3FBF2F3C4F8E43DC4F8E83D6D
S3150801C5B8694BC4F8E05DC4F8EC3D04F6E453C4F8E5
S3150801C5C8F03DA6EB0803AB4278DC60220021304631
S3150801C5D815F064FC04F1100204F11C037D009B1A92
S3150801C5E85E4F002BB7FBF5F571DC4FF00009DFF854
S3150801C5F870A1B9F59C7F71D14FF4A0034FF4E001FE
S3150801C608584A5948D362594B5363594BD9628F21B2
S3150801C6181963584959634FF480715160596001216A
S3150801C62891609960016B41F480010163BFF34F8FF3
S3150801C638514952484C3208608A60C1F80C80504A00
S3150801C64850494C33116093604F4B504904A8D66042
S3150801C658CDE9043401F0C0F84D4B03A91B8804A899
S3150801C668ADF80C304B4B0426CDE9043401F0B4F887
S3150801C678DFF82481DFF82491DFF824A1013E40F090
S3150801C6889580484B21689E609A68204642F00602C2
S3150801C6989A60454B9E609A6842F006029A60FFF7CF
S3150801C6A809FC2046FFF7AEFD2046FFF755FC204654
S3150801C6B8FFF73AFD204606B0BDE8F087424603F67D
S3150801C6C8EC432344934280D022F8025BFAE71033FD
S3150801C6D82344934289D042F8045BFAE70AEB090036
S3150801C6E804F052FC09F10C0983E700BF8894040891
S3150801C6F834000140F89504083800014004960408F6
S3150801C7083C00014010960408400001401C960408A4
S3150801C718340400402896040838040040349604086E
S3150801C7283C04004040960408400400404C9604081E
S3150801C73834080040589604083808004064960408E6
S3150801C7483C08004070960408400800407C96040896
S3150801C758A0370408843A04085C38040800A3E111E0
S3150801C768C0940408002101400038024020A0D40ED4
S3150801C77800220140C51C941C58640240102C010271
S3150801C78810640240102C010405C201089494040897
S3150801C79888960408F1C90108A09404080000014014
S3150801C7A800040140000400400008004058F8100C35
S3150801C7B8FFF7DEFB602258F8103C15491A6020225B
S3150801C7C84B455A6022D0534520D0124A93421DD070
S3150801C7D8114A93421AD01148114A834208BF0A4698
S3150801C7E80A204243B2FBF7F2013A9A620122DD6254
S3150801C7F85A6146F678029A61DA6141F211121A62A9
S3150801C8084FF4004208F110085A6437E7004AE7E787
S3150801C818000E270700400140004401400048014036
S3150801C828008793036C4B2DE9F74F19686B4A044641
S3150801C83801EA020032EA010140F0CA8068494968FA
S3150801C848002940F0C58067494968002940F0C08039
S3150801C858A5689860E368013D9D4228BF1D4604F610
S3150801C868425301930D2D08D92046FFF775FB20463B
S3150801C87803B0BDE8F04FFFF757BC0B2D52D84FF45C
S3150801C888887707FB0547EB0707F12C07384625D5AF
S3150801C8980BF09AFDC0F57A700021A66804EB450CE1
S3150801C8A8022E38BF0226E1468B468A460122013600
S3150801C8B8C0F57A7376088E4213D10BFB03F10AFB8E
S3150801C8C800114FF47A73B1FBF6F1B1FBF3F138466F
S3150801C8D889B20CF07FF8A3681D44C3E70BF074FD11
S3150801C8E8DAE7042D99BFBCF8EC8CBCF8F8ECB9F872
S3150801C8F82A8DB9F83AEDC244F3445AB1A8F58078B5
S3150801C908B8F5606F0CD8AEF5807EBEF5606F8CBF42
S3150801C9180022012201310CF1180C09F12009CAE794
S3150801C9280022F7E70023A1681A46022938BF02211F
S3150801C9380C2D35D12F4604F6F64607FB02F00132CF
S3150801C948305A8A420344F8D148F6CC514B431B0B5B
S3150801C958B3FBF2F3D4F8C02DA4F8D03D04F6A850D9
S3150801C968023A904218D8C4F8C02DD4F8BC2D023A18
S3150801C978904213D81380C4F8BC2DFFF7FBFC42F28A
S3150801C9881B518842A4F8C80DD4BF0021012104F619
S3150801C998E45007F05CFC9EE71432E2E71432E7E755
S3150801C9A8019E1001305A01328A420344F8D141F2F4
S3150801C9B856314B431B0BB3FBF2F3A4F8D83DD4F815
S3150801C9C8E03D20460133C4F8E03DFFF71BFC82E74A
S3150801C9D89A6003B0BDE8F08F0064024020000008A1
S3150801C9E858640240106402404068FFF71BBF13B53C
S3150801C9F80C4672B91A680DF10701184692689047EC
S3150801CA08204623689DF807105B6802B0BDE8104008
S3150801CA181847002002B010BD10B51C4652B90B685C
S3150801CA2808461B689847236801469B682046984725
S3150801CA38012010BD0020FCE770B50D4616460446D0
S3150801CA48102007F0CDFC33462A462146BDE870403A
S3150801CA5808F06CBC70B50D4616460446102007F05A
S3150801CA68BFFC33462A462146BDE8704008F05EBC3D
S3150801CA7870B50D4616460446102007F0B1FC334634
S3150801CA882A462146BDE8704008F050BC70B50D46E7
S3150801CA9816460446102007F0A3FC33462A462146C3
S3150801CAA8BDE8704008F042BCF8B50C46074604F5DF
S3150801CAB8146501F51A7107F0CDF8294607F13C0006
S3150801CAC80CF03AFA04F5A0714D4A4E48FFF7DEFF15
S3150801CAD804F5B2714A4A4C48FFF7D8FF04F1FC013C
S3150801CAE8474A4A48FFF7D2FF04F63811444A4848E4
S3150801CAF8FFF7CCFF04F5A671414A4648FFF7C6FF7A
S3150801CB0804F5AC713E4A4448FFF7C0FF05F6D4510F
S3150801CB183B4A4248FFF7BAFF04F58471384A404848
S3150801CB28FFF7B4FF05F6CC51354A3E48FFF7AEFF85
S3150801CB3804F59C71324A3C48FFF7A8FF04F624110C
S3150801CB483A4A3B48FFF794FF04F5E051394A3A480F
S3150801CB581C31FFF77FFF04F5DC51364A37480C319B
S3150801CB68FFF778FF04F5DE51324A35481431FFF7E5
S3150801CB7871FF04F5E35104F5E4562E4A31480431A8
S3150801CB88FFF768FF04F5E55506F11C01294A2E4801
S3150801CB98FFF760FF05F12C01264A2C48FFF75AFFD3
S3150801CBA806F13401214A2A48FFF762FF05F14401D3
S3150801CBB81E4A2848FFF75CFF04F12C01264A274834
S3150801CBC8FFF73AFF04F12001234A2548FFF734FF06
S3150801CBD804F14401204A2348FFF72EFF04F13801DE
S3150801CBE81D4A2148FFF728FF102007F0F9FB1F4BBC
S3150801CBF81F4904F1180208F099FB3846F8BD00BF29
S3150801CC0828380408EC960408E8960408E496040803
S3150801CC18E0960408DC960408D8960408D49604080D
S3150801CC28D0960408CC960408C8960408B4390408AA
S3150801CC38C4960408A03A0408FC960408F896040859
S3150801CC48F4960408F0960408C0960408BC960408E5
S3150801CC58B8960408B49604082C380408B09604084B
S3150801CC68AC960408A8960408A4960408A09604088D
S3150801CC780097040810B504463C300CF04DFA2046D6
S3150801CC8807F03AF8204610BD014BC0E90031704754
S3150801CC980C9704087047000007B5406803681B68C5
S3150801CCA89847054B0246009323230193DDE90001C2
S3150801CCB8F4F7EEF903B000BD149704080923064AE8
S3150801CCC8013B01D118467047B2F90010814201D1DA
S3150801CCD8907870470432F3E7A4970408002310B53F
S3150801CCE80B728B7390F82440D1E9023264F300037E
S3150801CCF88B6090F8264064F341038B6090F82540D1
S3150801CD0864F3C7138B6090F8204064F30B238B6098
S3150801CD1890F8214064F30F338B60448C83EA0464EA
S3150801CD2804F07F4463408B6090F82A3063F3D74256
S3150801CD38CA60038D82EA036303F07F435A40CA60D7
S3150801CD4890F82A30013303F00F0380F82A3010BD12
S3150801CD5810B50446024B03600BF0DCF8204610BDFB
S3150801CD68CC97040810B50446FFF7F2FF20462C2194
S3150801CD7807F042FB204610BD0A2313B50446009363
S3150801CD884FF4886208230BF0B1F8064B4FF4C062DA
S3150801CD98204623600023C4E90823238584F82A301A
S3150801CDA802B010BDCC9704080023FF220B724B7200
S3150801CDB88A720B734A738B73CB73704710B5044623
S3150801CDC8024B03600BF0A6F8204610BDE897040845
S3150801CDD810B50446FFF7F2FF2046202107F00CFBA1
S3150801CDE8204610BD0A2313B5044600934FF4A862DA
S3150801CDF808230BF07BF82046014B236002B010BDCF
S3150801CE08E897040800210D4B1A6842F001021A60D6
S3150801CE1899601A6822F0847222F480321A60084AE4
S3150801CE285A601A6822F480221A60D960054A064BA4
S3150801CE389A6062B6054ADA60704700BF0038024050
S3150801CE48103000240000010800ED00E00003FA058F
S3150801CE58F0B512680C68121B002A0D6801DC05601A
S3150801CE68F0BD54102F5D05EB62061D78AF423EBF33
S3150801CE78141B013604F1FF34224638BF0E60EBE76E
S3150801CE88094B984202D3094B984209D9084B98424B
S3150801CE9808D3084A084B904288BF002318467047AA
S3150801CEA8064BFBE70023F9E710600240B860024029
S3150801CEB810640240B86402400064024000600240FF
S3150801CEC810B5446CBCB101684B685A68A2B9C26806
S3150801CED80132C2608268406810600A685C609168BD
S3150801CEE841F440719160196841F00101196093682C
S3150801CEF843F08043936010BD1A6802F001021A6074
S3150801CF08E8E700000B4A10B4136B43F48003136374
S3150801CF18BFF34F8F03464FF40B3453F8141B4A6873
S3150801CF280968146000244C315460916010BCD360C0
S3150801CF38FFF7C6BF00380240F0B5456C87B0202D0B
S3150801CF4807468DF8071000F1340617D83346C9B2D3
S3150801CF587419A3421A460AD173199C4207F148075C
S3150801CF6818BFA51B57F82530188807B0F0BD13F860
S3150801CF78010B8842ECD3EFD11446EDE774190DF18C
S3150801CF88070305AA04A903A8CDE90464FFF760FF06
S3150801CF98039B9C42E0D019789DF80720914208BF67
S3150801CFA81C46D9E738B50546254C01604868A042AC
S3150801CFB83DD3244B98423AD8234B041BE4105C43CF
S3150801CFC8062304F003025A433D2393406B60FFF797
S3150801CFD857FF032C4FF000048CBF0C30083021464C
S3150801CFE8A860EC6020222C6105F1140014F056FFA4
S3150801CFF85822214605F1340014F050FF134A536CA0
S3150801D00843F4E0635364BFF34F8F4FF40002104BA8
S3150801D01828465A6001222B681B689A604FF4807269
S3150801D0285A600C4ADA6002F100621A6138BD0A4C84
S3150801D038A04202D3094B9842BED94FF0FF34BFE745
S3150801D04810600240B8600240ABAAAAAA003802409A
S3150801D058002301404992240110640240B864024041
S3150801D0682DE9F04FD0F810900446B9F1200F8B46F8
S3150801D07885B000EB09061CD80346B3421D4605D000
S3150801D08829789BF8002001339142F6D3A5EB0408C9
S3150801D098AE4204F114074FEA880A30D02A789BF879
S3150801D0A800309A423BD107EB0A05284605B0BDE888
S3150801D0B8F08F0B46CDE9020603AA02A901A8FFF7D4
S3150801D0C8C7FE019DE2E7BAEB830F07EB830003F17D
S3150801D0D8010104D1002247F823206165E5E70246E4
S3150801D0E852F8046D521B47F82360616503D0294637
S3150801D0F8801A14F0BAFE002347F82830D5E7B9F1A3
S3150801D108100F0AD09BF80030337023690133236165
S3150801D118636D07EB0A05102BD5D114F089FEB9F111
S3150801D128100FFAD0324612F8013D04F8093023697E
S3150801D138521B03F10103236103D02946B01A14F0DF
S3150801D14894FE9BF800302B70E2E7062273B5446C0F
S3150801D1580546B4FBF2F302FB134303EB83020368A8
S3150801D168052C1B688DF807101BD834339DF8071052
S3150801D178186801FA02F202431A600DF1070105F16E
S3150801D1883400FFF76DFF2B6805EB44061A68143659
S3150801D198D36A066023F4700343EA0453D36202B0E0
S3150801D1A870BD0B2C94BF30332C33DFE7034ABFF32A
S3150801D1B85F8FD368DB03FAD4704700BF003C02408F
S3150801D1C80C4B1A69D10F002A017012DA0A4A5A60F9
S3150801D1D802F188325A60BFF34F8F1A69002AFADBBF
S3150801D1E84FF0E02291699369CB1A23F07F434C2BC0
S3150801D1F8F9D97047003C02402301674503781BB1FA
S3150801D2084FF00342014B1A61704700BF003C0240C8
S3150801D2181046F8B50BB90120F8BD5D18F3231B4C68
S3150801D2281B4FE3608B0710D04E1CAE42F3D827611B
S3150801D23810F8013B0B70FFF7B9FFE36813F0F20F1B
S3150801D24801D00020E8E73146ECE7124B25F0030642
S3150801D2582361B1420ED30E4EA942DCD0266110F8DD
S3150801D268013B01F8013BFFF7A1FFE36813F0F20F51
S3150801D278F2D0E6E750F8043B41F8043BFFF796FF7E
S3150801D288E36813F0F20FE4D0DBE700BF003C024085
S3150801D29801000003010200034FF0E023B0F1113F3A
S3150801D2A810B59C690FD24FF47A73C0EB0010B0FB26
S3150801D2B8F3F04FF0E02202309369E31A23F07F4333
S3150801D2C89842F9D810BD0F214FF47A720023A0FBB2
S3150801D2D8010114F0E1F8ECE7016810B50A68486835
S3150801D2E81368410023F4004313601E2353600D4B52
S3150801D2F898420D4B0AD81F20B3FBF1F31062D3618C
S3150801D308012313604FF48043936010BD0144994289
S3150801D3184FF00A0494BFB3FBF1F30123146243F4F3
S3150801D3280043ECE7A086010080C3C90103681B68AE
S3150801D3381A6842F400421A601A6822F001021A6051
S3150801D348BFF34F8F704700002DE9F0410446006886
S3150801D3581025083003F018FE2068154F143003F01D
S3150801D36813FE144E20680021083003F0CBFED4F8CA
S3150801D3780080D8F80400B7FBF0F0FFF78DFF08F135
S3150801D3880800012103F0BEFED4F80080D8F804008D
S3150801D398B6FBF0F0FFF780FF013DE3D108F1200065
S3150801D3A803F0F2FD2068BDE8F0412C3003F0ECBD2E
S3150801D3B800A02526002A75152DE9F04104460068BE
S3150801D3C80425083003F0E0FD2068154F143003F0F2
S3150801D3D8DBFD144E20680021143003F093FED4F8BF
S3150801D3E80080D8F80400B7FBF0F0FFF755FF08F1FD
S3150801D3F81400012103F086FED4F80080D8F8040049
S3150801D408B6FBF0F0FFF748FF013DE3D108F120002C
S3150801D41803F0BAFD2068BDE8F0412C3003F0B4BD2D
S3150801D42800A02526002A751538B504460D4601605B
S3150801D438FFF77CFFFFF788FF2046FFF7BDFF2B683C
S3150801D4480F4A93420BD10F4A136C43F40013136422
S3150801D458BFF34F8F2046FFF73FFF204638BD0A4ADC
S3150801D468934204D1074A136C43F48003EFE7074A4A
S3150801D4789342EDD1034A136C43F40003E7E700BF6F
S3150801D488005400400038024000580040005C004043
S3150801D49838B5044600682C3003F02CFE054620688A
S3150801D4A8203003F027FE55B980B12046FFF73EFF25
S3150801D4B8FFF74AFF2046BDE83840FFF70DBF28B9F0
S3150801D4C82046FFF733FFFFF777FFF3E738BD00007C
S3150801D4D84FF0E022F8B54FF47A74036896691D6827
S3150801D4E80A4F0B49AB699B070ED59369F31A23F0C3
S3150801D4F87F43BB4202D863438B42F3D9FFF716FF32
S3150801D508FFF7EAFE0020F8BD0120FCE7368941004D
S3150801D5186EE3160003681A68136843F40073136008
S3150801D528FFF7D6BFF8B504464FF0E0204FF47A76F0
S3150801D538236887691B68DFF84CC0134D5A690A4284
S3150801D5481ED112F4E06F11D05A69204622F4E0621E
S3150801D5585A611A6822F480621A60FFF7DBFF2046CF
S3150801D568FFF7E4FEFFF7B8FE0020F8BD8269BA1A8C
S3150801D57822F07F426245E7D87243AA42DED9E3E739
S3150801D5880120F2E7368941006EE3160038B50368CB
S3150801D5980D461A6801211368044643F4807313601B
S3150801D5A8FFF7C0FF80B1236802211B6820461D6169
S3150801D5B8FFF7B8FF40B1236820461B6884219B6999
S3150801D5C8BDE83840FFF7AEBF38BD2DE9F34104463B
S3150801D5D80F4616461D46CDE90023FFF759FF39467A
S3150801D5E82046FFF7D3FF20B31DB33746013D06EBA7
S3150801D5F80508236847451B6812D1725D84212046B0
S3150801D6081A61FFF78FFFA0B1204623681A681368C5
S3150801D61843F40073136002B0BDE8F041FFF758BF41
S3150801D62817F8012B802120461A61FFF77BFF00288E
S3150801D638DFD1002002B0BDE8F0812DE9F3411E468D
S3150801D648CDE900230368012E1B68154604461A68A6
S3150801D65841F0010122D122F480621A60196102217E
S3150801D668FFF760FF18B9002002B0BDE8F08123680A
S3150801D67840211B6820469B69FFF754FF0028F2D012
S3150801D68823681B681A6842F400721A601B692B70B2
S3150801D698204602B0BDE8F041FFF71ABF42F480629E
S3150801D6A8022E1A60196129D13146FFF73BFF002876
S3150801D6B8D9D0236804211A682046136823F44063DD
S3150801D6C843F4006313609369FFF72CFF0028CAD057
S3150801D6D8236820461B681A6842F400721A601B6997
S3150801D6E82B7023681B681B696B70FFF7F1FE2368AB
S3150801D6F81A68136823F400631360B5E70221FFF774
S3150801D70811FF0028AFD000272368A6F103081B6874
S3150801D7189B69B84524D804212046FFF703FF00284A
S3150801D728A1D0236804211B6820461A6822F480625E
S3150801D7381A601B6905F80830FFF7F4FE002892D02D
S3150801D748236835441B681A6842F400721A601B6913
S3150801D75805F8023C23681B681B6905F8013C97E72D
S3150801D76840212046FFF7DEFE00283FF47CAF2368F8
S3150801D7781B681B69EB550137CBE782B070B50446C0
S3150801D7880E4615460593FFF783FE31462046FFF7F1
S3150801D798FDFED8B1236884211B6820461D61FFF761
S3150801D7A8C1FE98B1236801211A682046136843F413
S3150801D7B880731360FFF7B6FE40B1DDE905233146EC
S3150801D7C82046BDE8704002B0FFF737BFBDE8704094
S3150801D7D802B070474368184730B5012591F90030FA
S3150801D7E80A46174C590903F01F039D4001F1200306
S3150801D7F844F82350BFF34F8FBFF36F8F114D92F93A
S3150801D808003003C805EBC30585E80300002B5178EA
S3150801D818B8BF0D484FEA0111B5BF03F00F03E41865
S3150801D828C15484F8001392F900300122590903F00A
S3150801D8381F0302FA03F3024A42F8213030BD00BF3A
S3150801D84800E100E02840002014ED00E0012190F9EC
S3150801D85800305A0903F01F03994002F12003094AC7
S3150801D86842F82310BFF34F8FBFF36F8F064B90F91A
S3150801D8780010064A03EBC10392E8030083E8030094
S3150801D888704700BF00E100E028400020FC97040823
S3150801D8980368184708B50248FFF7FAFF08BD00BF2D
S3150801D8A82840002008B50248FFF7F2FF08BD00BF67
S3150801D8B83040002008B50248FFF7EAFF08BD00BF57
S3150801D8C83840002008B50248FFF7E2FF08BD00BF47
S3150801D8D84040002008B50248FFF7DAFF08BD00BF37
S3150801D8E84840002008B50248FFF7D2FF08BD00BF27
S3150801D8F85040002008B50248FFF7CAFF08BD00BF17
S3150801D9085840002008B50248FFF7C2FF08BD00BF06
S3150801D9186040002008B50248FFF7BAFF08BD00BFF6
S3150801D9286840002008B50248FFF7B2FF08BD00BFE6
S3150801D9387040002008B50248FFF7AAFF08BD00BFD6
S3150801D9487840002008B50248FFF7A2FF08BD00BFC6
S3150801D9588040002008B50248FFF79AFF08BD00BFB6
S3150801D9688840002008B50248FFF792FF08BD00BFA6
S3150801D9789040002008B50248FFF78AFF08BD00BF96
S3150801D9889840002008B50248FFF782FF08BD00BF86
S3150801D998A040002008B50248FFF77AFF08BD00BF76
S3150801D9A8A840002008B50248FFF772FF08BD00BF66
S3150801D9B8B040002008B50248FFF76AFF08BD00BF56
S3150801D9C8B840002008B50248FFF762FF08BD00BF46
S3150801D9D8C040002008B50248FFF75AFF08BD00BF36
S3150801D9E8C840002008B50248FFF752FF08BD00BF26
S3150801D9F8D040002008B50248FFF74AFF08BD00BF16
S3150801DA08D840002008B50248FFF742FF08BD00BF05
S3150801DA18E040002008B50248FFF73AFF08BD00BFF5
S3150801DA28E840002008B50248FFF732FF08BD00BFE5
S3150801DA38F040002008B50248FFF72AFF08BD00BFD5
S3150801DA48F840002008B50248FFF722FF08BD00BFC5
S3150801DA580041002008B50248FFF71AFF08BD00BFB4
S3150801DA680841002008B50248FFF712FF08BD00BFA4
S3150801DA781041002008B50248FFF70AFF08BD00BF94
S3150801DA881841002008B50248FFF702FF08BD00BF84
S3150801DA982041002008B50248FFF7FAFE08BD00BF75
S3150801DAA82841002008B50248FFF7F2FE08BD00BF65
S3150801DAB83041002008B50248FFF7EAFE08BD00BF55
S3150801DAC83841002008B50248FFF7E2FE08BD00BF45
S3150801DAD84041002008B50248FFF7DAFE08BD00BF35
S3150801DAE84841002008B50248FFF7D2FE08BD00BF25
S3150801DAF85041002008B50248FFF7CAFE08BD00BF15
S3150801DB085841002008B50248FFF7C2FE08BD00BF04
S3150801DB186041002008B50248FFF7BAFE08BD00BFF4
S3150801DB286841002008B50248FFF7B2FE08BD00BFE4
S3150801DB387041002008B50248FFF7AAFE08BD00BFD4
S3150801DB487841002008B50248FFF7A2FE08BD00BFC4
S3150801DB588041002008B50248FFF79AFE08BD00BFB4
S3150801DB688841002008B50248FFF792FE08BD00BFA4
S3150801DB789041002008B50248FFF78AFE08BD00BF94
S3150801DB889841002008B50248FFF782FE08BD00BF84
S3150801DB98A041002008B50248FFF77AFE08BD00BF74
S3150801DBA8A841002008B50248FFF772FE08BD00BF64
S3150801DBB8B041002008B50248FFF76AFE08BD00BF54
S3150801DBC8B841002008B50248FFF762FE08BD00BF44
S3150801DBD8C041002008B50248FFF75AFE08BD00BF34
S3150801DBE8C841002008B50248FFF752FE08BD00BF24
S3150801DBF8D041002008B50248FFF74AFE08BD00BF14
S3150801DC08D841002008B50248FFF742FE08BD00BF03
S3150801DC18E041002008B50248FFF73AFE08BD00BFF3
S3150801DC28E841002008B50248FFF732FE08BD00BFE3
S3150801DC38F041002008B50248FFF72AFE08BD00BFD3
S3150801DC48F841002008B50248FFF722FE08BD00BFC3
S3150801DC580042002008B50248FFF71AFE08BD00BFB2
S3150801DC680842002008B50248FFF712FE08BD00BFA2
S3150801DC782042002008B50248FFF70AFE08BD00BF82
S3150801DC882842002008B50248FFF702FE08BD00BF72
S3150801DC983042002008B50248FFF7FAFD08BD00BF63
S3150801DCA83842002008B50248FFF7F2FD08BD00BF53
S3150801DCB84042002008B50248FFF7EAFD08BD00BF43
S3150801DCC84842002008B50248FFF7E2FD08BD00BF33
S3150801DCD85042002008B50248FFF7DAFD08BD00BF23
S3150801DCE85842002008B50248FFF7D2FD08BD00BF13
S3150801DCF86042002008B50248FFF7CAFD08BD00BF03
S3150801DD086842002008B50248FFF7C2FD08BD00BFF2
S3150801DD187042002008B50248FFF7BAFD08BD00BFE2
S3150801DD287842002008B50248FFF7B2FD08BD00BFD2
S3150801DD388042002008B50248FFF7AAFD08BD00BFC2
S3150801DD488842002008B50248FFF7A2FD08BD00BFB2
S3150801DD589042002008B50248FFF79AFD08BD00BFA2
S3150801DD68A842002020207047F8B5204E0446357889
S3150801DD78FF2D05D11E4B0360072363602046F8BDB6
S3150801DD886B1E1E2B03D91B4B03600923F5E7731C6E
S3150801DD981F4658198342194605D00A780133613A4C
S3150801DDA8D2B2192AF6D8884202D1C4E90075E5E73C
S3150801DDB8114F7A682AB9284606F014FB2A46C7E994
S3150801DDC8000539680846571816F8013FA3F12005D2
S3150801DDD8A3F1610CEDB2BCF1190F98BF2B4600F8F7
S3150801DDE8013B8742F0D1C4E90012C7E70078FF1F53
S3150801DDF80E98040805980408C89E00200023064AB8
S3150801DE081178FF2906D10133202B02F10102F7D136
S3150801DE1801207047002070470078FF1F7FB5CDE9BC
S3150801DE280001FFF7EBFF18B90024204604B070BDBE
S3150801DE38009D29784B1E1E2BF6D80122AB5C203B88
S3150801DE48DBB25E2BF0D801329142F7D202A8FFF76E
S3150801DE58B7F920232A46104902A8FFF7D9F9044633
S3150801DE6830B101230D4A0E4902A8FFF7D1F9044634
S3150801DE7802A8FFF7C3F902A8FFF776FF2A78039BDA
S3150801DE889A42D1D1002302999A42CED9C85C013364
S3150801DE98EE5C8642F8D0C7E70078FF1F04980408A5
S3150801DEA8007AFF1F044BD3F8400400F4C020A0F5FC
S3150801DEB8802358425841704700000050F0B585B094
S3150801DEC8CDE9001201300E4E8D180703A94201D17A
S3150801DED805B0F0BD00230C1DAC42039301D088BFE1
S3150801DEE82C46621A012A06DD03A813F0F3FF039BE1
S3150801DEF82146F351EAE704BF0B788DF80C30F6E7AB
S3150801DF08000000500B46F0B585B0CDE90012013086
S3150801DF180C4F8E180403F11A04290D46A8BF0425C7
S3150801DF2875B13A590129039207DD18462A4603A904
S3150801DF3813F09BFF03462B44EDE708BF1A70FAE76F
S3150801DF4805B0F0BD00000050036843F08043036044
S3150801DF58036813F4802F134B0CBFDB6AD3F810340C
S3150801DF689BB243B1036843F000430360C36843F0B7
S3150801DF780203C3607047036823F0404242F08041B8
S3150801DF88016043F0404122F4004343F040430160F5
S3150801DF98036040F2E9330168002901DA013BFAD145
S3150801DFA80260E3E70000005082B090B1B1F5006F56
S3150801DFB816D20123ADF804108DF806300020BDF8F5
S3150801DFC8043063F30F00BDF8063063F31F4002B04F
S3150801DFD8704720290CD005D808290ED010290AD04F
S3150801DFE8002303E04029FBD14FF480330193E5E789
S3150801DFF84FF00113FAE7024BF8E7024BF6E700BFC1
S3150801E008020001000300010082B0C1F30A0378B1D6
S3150801E018ADF8043001238DF806300020BDF8043028
S3150801E02863F30F00BDF8063063F31F4002B070476B
S3150801E03840F2FC72114205D10822C3F1030302FA20
S3150801E04803F3E5E70190E8E710B503798B4213D99D
S3150801E058002400F10902203002F1090398420BD382
S3150801E0681379C3EBC30309331344984204D38C4287
S3150801E07803D01A460134EFE70022104610BD10B541
S3150801E0881446FFF7E1FF38B10379A34291BF00208F
S3150801E098C4EBC4040934001910BD002170B500F198
S3150801E0A80902057920308D4201D8012070BD02F197
S3150801E0B8090383421CD81478092C19D15478042CDD
S3150801E0C816D11279022A13D8C2EBC2041C44A042FB
S3150801E0D80ED30024A24202D81A460131E3E71E7874
S3150801E0E8072E05D15E78052E02D107330134F1E7EB
S3150801E0F80020DBE782B0CDE900230023C0E900331D
S3150801E108836002B07047704743680846184738B5B0
S3150801E1180D46044611460CCB6D68A847204638BDFE
S3150801E12810B5044640220021006800F033FE6068F5
S3150801E1384222BDE81040002100F054BC10B504463F
S3150801E148006800F0F9FD606800F01FFC206800F01F
S3150801E158EDFD606800F013FC0023A36010BD10B53F
S3150801E1680446C36D00F10C015C309847206800F03D
S3150801E178DDFD606800F003FC0023A36010BD836819
S3150801E18882B0022B02D102B0FFF7E9BF032B0CD1EB
S3150801E19804238360034653F8140B00930023019361
S3150801E1A8DDE9001202B000F08FBD02B07047406881
S3150801E1B8FFF7E5BFF0B5012A89B00446CDE9001293
S3150801E1C800F10C0617DD304613F04FFE94F90C30B2
S3150801E1D8002B14DB638A93B1402B36D80122A2603F
S3150801E1E854F8140B1A462146CDE9054309B0BDE88A
S3150801E1F8F04000F069BD04BF0B780373E6E7002316
S3150801E2083246CDE90333676D03AB04F1540105A81A
S3150801E218B847059BCBB9069B60687BB10323628A1D
S3150801E228A360079B9A4298BF0023DDE9061288BFB7
S3150801E238012309B0BDE8F04000F09BBC0222CDE9F4
S3150801E2480333A260DDE90312F3E7204609B0BDE806
S3150801E258F040FFF773BF70B588B0CDE90012816841
S3150801E268044601291FD1DDE9000103ABCDE9030203
S3150801E278666D04F10C0204F1540105A8B047059B23
S3150801E2885BB90222CDE903336068A260DDE90312AE
S3150801E29808B0BDE8704000F06CBC204608B0BDE87F
S3150801E2A87040FFF74BBF0429F8D108B0BDE87040A4
S3150801E2B8FFF755BF82B003298DE80C000FD801294D
S3150801E2C80AD821B99DE8060002B0FFF773BF9DE891
S3150801E2D8060002B0FFF7BFBF02B0FFF72FBF02B0B3
S3150801E2E87047097840680CCAFFF7E4BF70B5C0E9FA
S3150801E2F800120E46002104461546C0E902110161BD
S3150801E3084022143013F0CAFD084B93E80300C4E908
S3150801E3181501D3E90201064BC4E91701C6E9073411
S3150801E328044B2046C5E9023470BD00BF1898040895
S3150801E338EBE20108B7E1010837B5CDE90023CD8835
S3150801E3481C465119D318994228BF1946A54218BF20
S3150801E3580B4600219B1AC0E90012836003B030BD41
S3150801E3682DE9F0473B4C0546636900F1980713F414
S3150801E378805F2AD0D4F800383E4623F4FE63C4F8F1
S3150801E38800380923C4F814380123C4F8103880233F
S3150801E398636203F54013A3623033C4F8043130339A
S3150801E3A8C4F808313033C4F80C3100F59C78464571
S3150801E3B844D105F10806BE4245D14046FFF7B0FEED
S3150801E3C801232B604FF480536361636900269A041D
S3150801E3D848BF4FF400534FF480394FF0010AB84645
S3150801E3E848BF636105F10807D4F8183809FA06F22F
S3150801E3F81A4202D0384600F0F1FCD4F818380AFA5D
S3150801E40806F21A4202D0404600F026FB0136042ECF
S3150801E41808F1280807F12407E6D16369DB0617D549
S3150801E428216A11F00C0F13D1242201F00F0302FB04
S3150801E4380350BDE8F047083000F006BD304600F045
S3150801E448B7FA2836B3E7304600F088FC2436B2E72F
S3150801E458BDE8F087000000504068FFF781BF00005B
S3150801E46882B02DE9F04188B00F931378064613F068
S3150801E478600F0F46144640F0038113F01F0240F05F
S3150801E4889D80627872B9002B00F0FA806388002BA8
S3150801E49840F0F680A388002B40F0F2809D4B069346
S3150801E4A802233CE0052A29D1002B40F0E98063883C
S3150801E4B87F2B00F2E580A388002B40F0E180964A7D
S3150801E4C8D2F8003823F4FE63C2F800386388D2F814
S3150801E4D800181B0103F4FE630B43C2F800383B68B6
S3150801E4E8012B04BF02233B600023C0E90033836084
S3150801E4F8304608B0BDE8F04102B07047062A40F038
S3150801E508BF80002B00F0BC806388B3F5807F0DD1EE
S3150801E518A388002B40F0B480804B0693122321462A
S3150801E5280793DDE90623FFF707FFE1E71A0A032A36
S3150801E53840F0A680DBB2032B00F2A280DFE803F0E5
S3150801E54802091117764B069304230793DDE9062377
S3150801E55804E0744B734A02934023039321463046D9
S3150801E568E1E7714B704A049316230593F6E76F4F53
S3150801E5783868C0B906A8FFF7F7FB079B1F2B28BF02
S3150801E5881F235D1C6D002846984605F02BFF0323BB
S3150801E5980246057002F8013F0023C7E900051D4632
S3150801E5A80699984502D17B680690CEE711F803C00B
S3150801E5B8013300F813C002F81350F2E7012A0CD107
S3150801E5C86278002A5CD11D065AD56388002B57D173
S3150801E5D8A388002B54D1564B61E7022A50D1627899
S3150801E5E832BB18064CD56388002B49D1A28802F09C
S3150801E5F87F03042B44D8FF2A42D811064BBF282289
S3150801E608242202FB037302FB03734CBFD3F89C3025
S3150801E6189B681A68120433D500228DF811201B68E5
S3150801E628C3F340538DF8103004AB069302238CE7E5
S3150801E638012A49D11D0623D463880BBBA38803F095
S3150801E6487F05042D1CD8FF2B1AD8180622D528238E
S3150801E65803FB0515D5F89C3098351A6811040FD5AA
S3150801E6681A68C2F38142022A04D01B68C3F381439C
S3150801E678032B05D1284600F08EF9284600F091F9B2
S3150801E688109B2246009330460F9B07F5CE7101F081
S3150801E69815F82DE724235D4308354B5901EB050881
S3150801E6A81A681204ECD51A68C2F38142022A04D000
S3150801E6B81B68C3F38143032BE2D1404600F042FBB2
S3150801E6C8404600F045FBDBE7032AD9D11B06D7D418
S3150801E6D86388002BD4D1A38803F07F000428CFD8F8
S3150801E6E8FF2BCDD81D0625D5282303FB0010D0F806
S3150801E6F89C3098301A681104C2D51A68C2F3814247
S3150801E708022A04D01B68C3F38143032BB8D100F04E
S3150801E7183CF9B5E72A9804080000005086980408C9
S3150801E72882980408429804082C980408D09E002068
S3150801E738289804082423584300F10803C818CB5815
S3150801E7481A6812049CD51A68C2F38142022A04D0AF
S3150801E7581B68C3F38143032B92D100F0EDFA8FE7C7
S3150801E76837B504465D6800951B684968FFF778FE62
S3150801E778204603B030BD0068031F58425841704708
S3150801E78813B5174C4FF0FF32D4F8003815496FF313
S3150801E7980C0343F00303C4F800380023C4F81038FF
S3150801E7A8C4F81438C4F81C38C4F8182862610E4A23
S3150801E7B8A2614FF41022A26303604FF0E0239B691C
S3150801E7C8C0F8EC31094BCDE900306846FFF704F883
S3150801E7D8D4F8043823F00203C4F8043802B010BD8B
S3150801E7E8000000509898040810300C0061E40108EC
S3150801E7F838B51B4B04461B681B0342BF4FF0E02381
S3150801E8089B69C0F8EC310368022B06D100F5CE7076
S3150801E81800F0E0FF0323236038BD032B0BD100F575
S3150801E828CE7000F0F1FF04F5CE7000F0EFFF002876
S3150801E838F2D00423EFE7042BEED04FF0E0239A69D0
S3150801E848D0F8EC319B1A074A23F07F439342F0D854
S3150801E8584FF47A725343044A9342DDD9E9E700BF74
S3150801E86800000050368941008E17B42C10B50446AD
S3150801E8780B48FEF7EBFF04F5CE7000F0C6FF002340
S3150801E8884FF0FF31074AC2F81038C2F81438C2F8EF
S3150801E8981C38C2F8181893619363236010BD00BF2A
S3150801E8A89898040800000050436813B9416001208C
S3150801E8B8704700207047002370B50546436000F18C
S3150801E8C8980400F59C76B44200D170BD204600F044
S3150801E8D8A3F96B68002BF8D12834F4E7F8B50026B4
S3150801E8E8044600F108073146C0E90066384600F0D3
S3150801E8F8DDFA012104F12C0000F0D8FA022104F10D
S3150801E908500000F0D3FA04F19805032104F17400C4
S3150801E91800F0CCFA3146284600F0FEF8012104F148
S3150801E928C00000F0F9F8022104F1E80000F0F4F853
S3150801E93804F59C76032104F5887000F0EDF82A465B
S3150801E94839463046FFF7D2FC214604F5CE7000F069
S3150801E9585FFF4FF0E0239B69C4F8EC31AE4204D15E
S3150801E968054B2046C4E96334F8BD2846214600F01C
S3150801E97871F82835F2E700BF69E701087047426868
S3150801E988136843F00063136070474268136843F4D9
S3150801E9980013136070474268136823F40013136061
S3150801E9A870474268136843F0805313607047000044
S3150801E9B8426801200A4910B501F51063D31AD1F83E
S3150801E9C81C485B1100FA03F324EA0304C1F81C483E
S3150801E9D81368002BB4BF4FF090430023136010BD92
S3150801E9E800000050F7B51A4E044640680F46801BCA
S3150801E9F8402140111546FFF7D7FA0122019080B246
S3150801EA08636840EA874040F4004018609B1B56F843
S3150801EA18E40C5B1102FA03F394F82070034346F8F1
S3150801EA28E43C87B9AE18304605F0DCFC03460544D4
S3150801EA38EA1A002A09DA01230644C4E905602061AD
S3150801EA48E06184F8203003B0F0BD03F8017BEFE7F5
S3150801EA580009005001607047416870B58B68044623
S3150801EA68DB070ED501238B6090F8243053B10023B8
S3150801EA7880F824304FF400230B610B6843F00443F4
S3150801EA880B6070BD054655F8080BFFF714FF2846B5
S3150801EA98A368BDE8704018472DE9FF410746406855
S3150801EAA81C460368CDE90012002B30DBDFF86480C9
S3150801EAB80168A0EB080040111546FFF7A5FA03906F
S3150801EAC815B3BDF80C206B1E1344B3FBF2F334B12E
S3150801EAD8B5FBF2F402FB1454B4FA84F464097868B1
S3150801EAE845EAC34587F8244005610368DDE900124C
S3150801EAF843F004430360A0EB08004011FFF7DEF971
S3150801EB08012004B0BDE8F08101232C46E7E700207F
S3150801EB18F7E700BF0009005038B5044600250A4B37
S3150801EB280A4A483103EB41130560436092E803003A
S3150801EB381422C4E90201294604F1100013F0AEF9BA
S3150801EB48204684F8245038BD000000509C980408D3
S3150801EB584A68904200D270470B68D31AC01AF8E778
S3150801EB6810B50446806821460130FFF7F1FFA06019
S3150801EB7810BD2DE9F3471E4615468DE80600D0E96E
S3150801EB8806329A4204460F4612D103C8FFF78CFE8D
S3150801EB9870B19DE8060033462046FFF77DFF18B198
S3150801EBA8012002B0BDE8F087D4E90001FFF783FE2A
S3150801EBB8D4E90432D21AD4E90639B9EB030348BFB2
S3150801EBC89B18511ECB1AAA1C934223D304F1100190
S3150801EBD809F10100FFF7BCFF89F800508246E06198
S3150801EBE804F110010130FFF7B3FFF60146EA1529CA
S3150801EBF806468AF800903D44AF42E661D0D0701CBB
S3150801EC0804F11001FFF7A4FF17F8019B86F8009095
S3150801EC180646F1E70020C4E72DE9F04790F82030C9
S3150801EC28044692B0CBB3D0E906329A4235D003C826
S3150801EC38FFF73AFE88B3A56904F11007394628464D
S3150801EC48FFF786FF39460646681CFFF781FF3578C0
S3150801EC580378384645EA032502AEFFF781FF3846A9
S3150801EC68FFF77EFF40220021304613F017F9B04618
S3150801EC784FEAD539C5F30E0506EB050AD0450FD374
S3150801EC884B462A4631462046CDE90065FFF704FF7B
S3150801EC9818B9D4E90001FFF70EFE12B0BDE8F087EE
S3150801ECA8A36938461B7808F8013BFFF759FFE5E7DA
S3150801ECB882B0CDE9001202B0704710B40C4606CAF4
S3150801ECC84368207810BC18477FB50368CDE9001258
S3150801ECD819680546002924DBDDE900011446C5E95A
S3150801ECE801020022E86010481968181A2A764011A4
S3150801ECF8FFF78AF9039094B1BDF80C20631E1344F3
S3150801ED08B3FBF2F301202A6844EAC34444F00054E9
S3150801ED181461136843F00443136004B070BD0123FA
S3150801ED28F0E70020F9E700BF000B005002681368F6
S3150801ED3843F00063136070470268136843F40013CD
S3150801ED48136070470268136823F400131360704749
S3150801ED580268136843F080531360704702680120FC
S3150801ED680B4910B501F53063D31A5B11D1F81C4864
S3150801ED78103300FA03F324EA0304C1F81C4813689C
S3150801ED88002BB4BF4FF090430023136010BD00BF9A
S3150801ED980000005073B5104C054600680E46001B66
S3150801EDA811464011FFF700F90122019080B22B683C
S3150801EDB840EA864040F4004018601B1BA4F5306100
S3150801EDC85B11D1F81C08103302FA03F30343C1F89F
S3150801EDD81C3802B070BD00BF000B00501FB5036890
S3150801EDE804469A68120717D5037E02AA83F0010317
S3150801EDF85B008DF8073000F11003029308230DF123
S3150801EE08070103931C3003689847002309222376D0
S3150801EE1823689A6004B010BD9B68DB07F5D5037EA5
S3150801EE284268002B0CBF03210121C3688DF807101E
S3150801EE389B1ACDE902230DF10701C36902AA1C3001
S3150801EE4898476368E360E0E737B5C1F30A13C1F386
S3150801EE5843410629044613D1082B0CD100F11002A7
S3150801EE68CDE900230020DDE90012FFF74BF801235D
S3150801EE78237603B030BD03B0BDE83040FFF75CBF69
S3150801EE880229F6D1D0E90151C2680D44AD1A9D424D
S3150801EE9828BF1D46CDE900250020DDE90012FFF748
S3150801EEA831F8E3682B44E360E1E70000094A583181
S3150801EEB802EB41120346026000220749C0E9012212
S3150801EEC8C0E903224261027603C9C3E90701184664
S3150801EED8704700BF00000050A4980408090116D01D
S3150801EEE84B0803F1B75303F55833B3FBF1F30A4A51
S3150801EEF8A3F1100191420AD8084903F007028A5C6E
S3150801EF08DB0843EA82330360012303717047002350
S3150801EF18C0E90033704700BFEFFF0100AC98040849
S3150801EF280048704729EF01080048704731EF010882
S3150801EF3800F0AEBD002310B586B0CDE90433846868
S3150801EF481A46DDE904010393CDE90101009340213D
S3150801EF58204600F0ADFD014806B010BDDDF30108F5
S3150801EF68002310B586B0CDE9043384680922DDE9A2
S3150801EF7804010393CDE901010093402101232046A9
S3150801EF8800F096FD014806B010BD00BFF9F3010867
S3150801EF987FB500F522730293402303930023009358
S3150801EFA840220299006901F0A1FA044B044A002893
S3150801EFB80CBF1046184607B000BD00BF35F5010855
S3150801EFC8CDEF0108FFF7E4BF10B5037E0446C16912
S3150801EFD888B03BB143698B4204D108B0BDE81040FB
S3150801EFE8FFF7D6BF04A8FFF779FF0022CDE9062265
S3150801EFF8049BDDE90601CDE901010392C3F3004249
S3150801F008009240210322A0689BB200F051FDE369F2
S3150801F018024863610123237608B010BD31F401085B
S3150801F02830B590F822200446838C87B03AB1028C11
S3150801F0389A4204D107B0BDE83040FFF7C5BF0022A0
S3150801F048CDE90422DDE90401CDE901010392009223
S3150801F05840210422A06800F02BFDA38C03482384D1
S3150801F068012384F8223007B030BD00BF15F4010822
S3150801F07830B590F82730044690F8282087B043B170
S3150801F08890F82630934204D107B0BDE83040FFF71F
S3150801F098C7BF0023CDE90433DDE90401CDE9010140
S3150801F0A812020393009240210222A06800F000FD93
S3150801F0B894F82830034884F82630012384F8273041
S3150801F0C807B030BD15F40108026893891B0A062B97
S3150801F0D801D00F2B16D940F20343108998420BD158
S3150801F0E8508946F2010346F21502984218BF904222
S3150801F0F80CBF01200020704741F63D33C31A584218
S3150801F10858417047002070472DE9F0418046002193
S3150801F1184068FEF799FFD8F8043004465A88202A29
S3150801F1282ED11B79012B2BD150B30379022B27D169
S3150801F1384379FF2B24D18379FF2B21D1C379FF2B5F
S3150801F1481ED100252F462E462379AB4203D83E40C9
S3150801F158F0B2BDE8F0812A460021D8F80400FEF786
S3150801F1688EFF58B1C378022B08D18388402B05D165
S3150801F17890F90230002BB4BF012601270135E3E7D0
S3150801F1880020E6E737B5044668460D46FFF7A6FEAA
S3150801F1989DF8040000B1E56103B030BD10B500F271
S3150801F1A8B112D0F8B8310133934210D2D0F8B4412C
S3150801F1B8A342F6D0D0F8B83101339A420BD9D0F820
S3150801F1C8B421D0F8B8211170C0F8B83110BD6FF460
S3150801F1D8C07C6344E8E76FF4C0742344EDE703464B
S3150801F1E8D3F84012D3F844229142F9D0D3F84022F1
S3150801F1F803F23D211078D3F8402201328A4202D21D
S3150801F208C3F840227047813AF8E7D0F84432C0F883
S3150801F2184032704710B5C36A04469847E06210BD84
S3150801F2280023027E80F8293002B1037690F822304D
S3150801F23813B1002380F8223090F8273013B1002340
S3150801F24880F827307047000008B5FFF7E9FF014B3A
S3150801F258C36208BD31EF010813B5CDE9001282680A
S3150801F2680D49946803468C4201D1526A12B9D86A83
S3150801F27802B010BD012A0AD1DDE900214C1000EBC4
S3150801F2886100C90744BF1B599A589047F0E7FFF729
S3150801F298C7FF0248ECE700BF39EF010829EF010863
S3150801F2A830B50024054687B0CDE904444368DDE94D
S3150801F2B804015B79CDE90101039400940922A86840
S3150801F2C800F0F6FB014807B030BD00BFC1F30108DD
S3150801F2D82DE9F341002504462F462E46002160688C
S3150801F2E8FEF7B2FE0379AB4209D806B1E7B920465B
S3150801F2F8FFF796FF294BE36202B0BDE8F0812A467B
S3150801F30800216068FEF7BBFE60B1C378022B09D1FC
S3150801F3188388402B06D190F902208378002AB4BF46
S3150801F3281E461F460135D9E7D4F8B831C4F8B431B1
S3150801F338D4F84432C4F84032237E3BB300236361D0
S3150801F3484FF6FF7394F8222023841AB301254FF048
S3150801F358400894F8273084F8275083F0010384F885
S3150801F3682630CDF800802B463A460221E06801F09E
S3150801F37871F8CDF800802B4632460221206901F042
S3150801F38869F82046FFF78CFFE062B5E76361012358
S3150801F3982376D5E7012384F82230D7E729EF010830
S3150801F3A8044B82B0009300230193DDE9001202B0F1
S3150801F3B8FFF752BF3DEF0108FFF7F2BF044B82B0D2
S3150801F3C8009300230193DDE9001202B0FFF744BF59
S3150801F3D869EF0108FFF7F2BF044B82B000930023D7
S3150801F3E80193DDE9001202B0FFF736BF79F001088B
S3150801F3F8FFF7F2BF044B82B0009300230193DDE9BE
S3150801F408001202B0FFF728BF29F00108FFF7F2BF7B
S3150801F418044B82B0009300230193DDE9001202B080
S3150801F428FFF71ABF99EF0108FFF7F2BF70B5D0F8D1
S3150801F438B441D0F8B831D0F8B41100F512725B1A94
S3150801F44848BF03F28113402B94BFD51802F1400532
S3150801F458134686B000F2B116AB4209D19A4213D1C6
S3150801F468012380F8293006B0BDE87040FFF700BED1
S3150801F478611CB14204D2247803F8014B0C46EBE728
S3150801F4886FF4C07C6144F4E79B1A03930023029244
S3150801F4980093DDE90212C06801F028F8034B044A13
S3150801F4A800280CBF1846104606B070BDBDF4010801
S3150801F4B875F50108FFF7BABF036970B4DA697ABB4B
S3150801F4C81A6A6AB35969DB68C91A012902D870BC6C
S3150801F4D8FFF7ACBFD0F84432D0F8402200F28A24AC
S3150801F4E89B1A48BF813300F52272C3F180038B4208
S3150801F4F894BFD218521800F23D219442E7D2D0F8A7
S3150801F508443214F8016B01338B4207D2D0F84052C2
S3150801F518D0F844522E70C0F84432EEE7813BF3E73F
S3150801F528014870BC704700BF35F50108FFF7C4BF2D
S3150801F538C268D369B3B9136AA3B15169D268D0F855
S3150801F548B4318A1A134400F2B112934206D2C0F8AA
S3150801F558B431012380F82930FFF78ABD6FF4C071E9
S3150801F5680B44F2E70048704775F50108FFF7E0BF55
S3150801F57838B5044604980025C4E902304FF41653F1
S3150801F588C4E90735082324306362C4E900122061F7
S3150801F598294640F28112C4E9055584F8285004F130
S3150801F5A8300012F07BFC2946C4F8B4018122C4F85C
S3150801F5B8B80104F5DE7012F071FC2946C4F8400258
S3150801F5C84022C4F8440204F5127012F067FC40227E
S3150801F5D8294604F5227012F061FC2046FFF720FE41
S3150801F5E8014BE36238BD00BF31EF01087FB5CDE9AC
S3150801F5F800230346044653F80E0B0E46029340238E
S3150801F6080393DDE90212FFF75FFB012E01D1A46816
S3150801F6180CB904B070BDDDE900016368CDE90201E2
S3150801F628201D02A998472468F2E7097840680CCA98
S3150801F638FFF7DCBF002243681A737047F0B5037BEE
S3150801F64895B00546CDE90012FBB9012304AA0F4670
S3150801F65816460373104B03F1400C1446186859688B
S3150801F668083303C463452246F7D1019A012A0EDDF8
S3150801F6783946304612F02EFC402340220393314680
S3150801F688002368680296FFF774FA15B0F0BD04BF3F
S3150801F6983B788DF81030EFE70099040838B5044629
S3150801F6A80C200D4604F09CFE034695E80300A26863
S3150801F6B8C3E901011A60A36038BD000082B073B5B9
S3150801F6C853780E46062B04461146157820D12A0684
S3150801F6D81ED54B88B3F5007F10D18B88002B6DD1C9
S3150801F6E8394B009329230193DDE90023FEF724FE0C
S3150801F6F8204602B0BDE8704002B07047B3F5085F0E
S3150801F7085CD18B88002B59D1304B00932223EAE729
S3150801F71815F0600F47D115F01F022AD1082B0FD112
S3150801F728002D4BD04B88002B48D18B88002B45D10F
S3150801F73801230D36009601932046DDE90023D5E716
S3150801F748092B3BD1002D39D18B88BBBBCB88ABBBE9
S3150801F7584B8823B97573C4E90055A560C8E7012B19
S3150801F7682CD130687373FFF7F3FA7068FFF719F944
S3150801F778F1E7012A22D10A2B09D128061ED54B8879
S3150801F788E3B98B88D3B9124BCDE90032D4E70B2BF1
S3150801F79814D12B0612D44B8883B98B8873B9C4E95B
S3150801F7A80033A360A4E705F0E005A02D06D1012BD7
S3150801F7B804D10023C4F804D02360F2E70023C4E97E
S3150801F7C801330123236093E7D6980408B4980408FB
S3150801F7D8FF98040813B50446402203210068FFF779
S3150801F7E8D9FA606842220321FFF7FCF80023A381AE
S3150801F7F8402354F80E0B01930094DDE9001202B078
S3150801F808BDE81040FFF760BA704770470020704797
S3150801F81838B501F12C030D46036001F1C003002137
S3150801F8280446436081600173417340220E3012F029
S3150801F83835FB044B2046C5E91234034BC5E9323476
S3150801F84838BD00BF33F601083DF601080048704780
S3150801F85839EF01087FB500230022CDE902330123D8
S3150801F868114600680093022300F040FE07B000BD68
S3150801F87808B54FF0E0239B69C360FFF7EBFF014822
S3150801F88808BD00BF39FC01087FB500230022CDE970
S3150801F89802330123114640680093022300F026FE2D
S3150801F8A807B000BD08B54FF0E0239B69C360FFF7B1
S3150801F8B8EBFF014808BD00BF81FC01087FB5034677
S3150801F8C853F8100B0822029308230393012302997C
S3150801F8D80093032300F00AFE07B000BD1FB50246D0
S3150801F8E8012352F81C0B009306CA022300F0FEFDF9
S3150801F8F805B000BD7FB5826A22B907B05DF804EB89
S3150801F908FFF7ECBFD0E907139B1A0393002300936B
S3150801F91811440068039A029100F0E8FD07B000BD9A
S3150801F9281FB501230093D0E907120223406800F0A6
S3150801F938DDFD05B000BD7FB5826A22B907B05DF85D
S3150801F94804EBFFF7EDBFD0E907139B1A03930023CE
S3150801F958009311444068039A029100F0C7FD07B065
S3150801F96800BD000008B54FF0E0239B69C36000237A
S3150801F9788362FFF7B3FF014808BD00BFA1FB010871
S3150801F98808B54FF0E0239B69C36000238362FFF73C
S3150801F998C7FF014808BD00BFF1FB010873B5164644
S3150801F9A80092002204460D460B460068114600F0EF
S3150801F9B851FD00962B4680220021606800F04AFD19
S3150801F9C801220023C4E9092302B070BD38B50446EB
S3150801F9D80D46006800F07AFD29466068BDE838409A
S3150801F9E800F074BD38B504460D46006800F076FD8A
S3150801F9F829466068BDE8384000F070BD10B58368CF
S3150801FA0804469847A06010BD13B5CDE90023CB6914
S3150801FA180446002B33D10B6A042B24D8DFE803F0FC
S3150801FA282F030F231300DDE90032511000EB6200A2
S3150801FA38D20744BF6258D358984702B010BD03236A
S3150801FA4810486362F9E74FF0E0239A69C3689B1A7D
S3150801FA580D4A23F07F43934205D84FF47A725343EC
S3150801FA680A4A934201D90223EAE7DDE90432511029
S3150801FA7800EB6200D20744BF6258D3589847A0687A
S3150801FA88DBE700BF39EF010836894100FFA2E1111A
S3150801FA980048704739EF010808B54FF0E0239B691C
S3150801FAA8C360FFF70BFF014808BD00BF51FB0108FA
S3150801FAB870B504460E4680680E49884218D19DF8E5
S3150801FAC81C1063822176DDE90501C4E907010021D5
S3150801FAD8BDF81030C4E90911BDF818102046267476
S3150801FAE86274A382E182FFF7D7FFA060012070BD87
S3150801FAF80020FCE739EF010810B5036A044686B009
S3150801FB08BBB1017E0C4B0D4A002908BF1346029367
S3150801FB1800230B4A0393CDE90423DDE904018DE8A3
S3150801FB2803000B462046029A2168FFF76DFF06B0C7
S3150801FB3810BD044BEBE700BF89F901086DF9010807
S3150801FB48C5F80108ADF80108FFF7D6BF30B504684E
S3150801FB580546E36987B03BB9236A2BB16369E2684D
S3150801FB689A1A836A13448362094B0A4A0293002341
S3150801FB78CDE904230393DDE90401054A8DE8030069
S3150801FB880B4628462146FFF73FFF07B030BD00BFA1
S3150801FB98ADF80108FDF80108FFF7D8BF30B5446884
S3150801FBA80546E36987B03BB9236A2BB16369E268FD
S3150801FBB89A1A836A13448362094B0A4A02930023F1
S3150801FBC8CDE904230393DDE90401054A8DE8030019
S3150801FBD80B4628462146FFF717FF07B030BD00BF79
S3150801FBE879F801083FF90108FFF7D8BF10B50D4B99
S3150801FBF886B00293002304460B4A0393CDE90423EE
S3150801FC08DDE904018DE803000B462046054A21680B
S3150801FC18FFF7FAFE054B984204BF0123636206B053
S3150801FC2810BD00BF55F801085DF8010839EF01084C
S3150801FC38FFF7DCBF10B50D4B86B0029300230446C7
S3150801FC480B4A0393CDE90423DDE904018DE8030092
S3150801FC580B462046054A6168FFF7D6FE054B9842CA
S3150801FC6804BF0123636206B010BD00BF55F8010839
S3150801FC7891F8010839EF0108FFF7DCBF084BC0E91D
S3150801FC88001283604FF0E0239B690122C3600023B9
S3150801FC98C0E90433C0E90733C0E909230376704785
S3150801FCA839EF010800487047ADFC010808B54FF05F
S3150801FCB8E0239969094B411A21F07F4199424FF48A
S3150801FCC87A7004D80F234843B0FBF3F008BD0F2216
S3150801FCD80023A1FB000111F0DFFBF7E73689410094
S3150801FCE84FF0E0232DE9F04704469F69264DDFF8D2
S3150801FCF89C906B699A011FD500264FF0010A04F1F9
S3150801FD084008D5F814340AFA06F21A4202D04046CF
S3150801FD1800F0AEFC0136042E08F12408F1D1384664
S3150801FD28A668FFF7C3FF06444E45E2D90023AB612F
S3150801FD38C5F84034164B23604FF02408DFF84C9079
S3150801FD486B69DB0617D5296A11F00C0F06D101F084
S3150801FD580F0008FB0040403000F060FC3846A668F2
S3150801FD68FFF7A4FF06444E45EAD90023AB61C5F857
S3150801FD784034074B23603846FFF798FFA3680344C6
S3150801FD88A360BDE8F08700BF0000005040787D01F8
S3150801FD98ADFC01084068FFF7A3BF00008022164B97
S3150801FDA813B55A624FF080129A62144A0446C3F888
S3150801FDB80021134A13499A610022C3F818244FF4FB
S3150801FDC8A0229A634FF48052C3F840240122C3F84B
S3150801FDD800244BF68032C3F804240B4BCDE90030D6
S3150801FDE86846FDF7F9FC4FF0E0239B696360074B0A
S3150801FDF8236002B010BD00BF00000050000140009A
S3150801FE0810000002409904089DFD010865FE0108D5
S3150801FE18002310B58360036804469847206010BD1F
S3150801FE2841F20212044BC3F840244FF0E0239B69C0
S3150801FE3843600248704700BF00000050B1FE010840
S3150801FE48044BD3F840349B0701D5FFF7E9BF0248AD
S3150801FE58704700BF0000005065FE0108FFF7F0BFB4
S3150801FE6841F20402044BC3F840244FF0E0239B698E
S3150801FE7843600248704700BF000000502903020882
S3150801FE8810B504464068FFF711FF054B984204D997
S3150801FE982046BDE81040FFF7E3BF024810BD00BF82
S3150801FEA880969800B1FE0108FFF7EABF70B500F120
S3150801FEB80C0586B000F1D0061222002100F11404BF
S3150801FEC8284611F0EBFF304608220021FFF766FDA8
S3150801FED8012303930023641B04950594DDE90401B2
S3150801FEE80093CDE901014FF480730622802130463B
S3150801FEF8FFF7DEFD014806B070BD00BF35020208EE
S3150801FF0830B500F1D00587B00446082228460021F5
S3150801FF18FFF744FD122305930123039300230C34A9
S3150801FF280494DDE904010093CDE901014FF48073D6
S3150801FF38062280212846FFF7BBFD014807B030BDD8
S3150801FF48F500020830B50024054687B0CDE9044412
S3150801FF580123DDE904010522CDE901010394009491
S3150801FF6805F1D000FFF7A4FD014807B030BD00BF71
S3150801FF788103020810B5202286B0044600211E30E6
S3150801FF8811F08CFF09230593012303930023049099
S3150801FF98DDE904010093CDE901014FF40073062256
S3150801FFA8802104F1D000FFF783FD014806B010BD92
S3150801FFB8A902020810B5038C86B000F11E02CDE924
S3150801FFC8042301230446DDE9040103930023CDE94B
S3150801FFD80101009306224FF40073802104F1D00031
S3150801FFE8FFF766FD014806B010BD00BF7501020896
S3150801FFF808B54068FFF75AFE054B984283BF0022A9
S31508020008044B0548054888BFC3F8402408BD00BF05
S315080200188096980000000050ADFC010829000208E5
S31508020028FFF7E6BF38B500F1D00500F140042846C7
S31508020038FFF7E4FCA54200D138BD204600F0A0FA35
S315080200482434F7E738B500F1400500F1D004A54293
S3150802005800D138BD284600F0C7FA2435F7E700006C
S3150802006810B50446FFF7EEFF4FF48852044B0548CD
S31508020078C3F840244FF0E0239B69636010BD00BFB4
S31508020088000000502900020810B50446FFF7CAFF07
S31508020098134BD3F84034DB0704D42046BDE8104096
S315080200A8FFF7DEBFD4F8D8200E4B9A4216D1D4F8F9
S315080200B8F4309BB1012B03D1D4F8F830122B03D0B4
S315080200C82046FFF7CDFF10BD04F1FC00FEF7FCFF42
S315080200D80028F5D02046FFF735FFF4E70248F2E78D
S315080200E80000005039EF0108F5000208FFF7CCBFF7
S315080200F838B50446FFF796FF184BD3F84034DB07A2
S3150802010804D42046BDE83840FFF7AABFD4F8D82059
S31508020118134B9A421FD1D4F8F430E3B1012B04D118
S31508020128238CD4F8F8209A4203D02046FFF798FF82
S3150802013838BD04F11E00FDF7B0FF0028F5D004F11A
S31508020148FC00FEF7E1FF0028EFD004F1FC00FFF7F8
S31508020158BFF80448ECE70448EAE700BF0000005085
S3150802016839EF0108C101020875010208FFF7C0BF85
S3150802017838B50E4B0446D3F84034DB0704D5D0F815
S3150802018828210B4B9A4208D104F1FC00FFF75CF8C8
S315080201982046BDE83840FFF763BFFFF743FF04F17F
S315080201A8FC00FFF737F8034838BD00BF00000050C7
S315080201B829EF0108C1010208FFF7DABF10B504469C
S315080201C8FFF730FF164BD3F84034DB0704D4204632
S315080201D8BDE81040FFF744BFD4F8D820114B9A421D
S315080201E81BD1D4F8F430C3B1012B03D1D4F8F830B3
S315080201F8082B03D02046FFF733FF10BD237B122BAB
S31508020208F8D1637B012BF5D104F1D000E17CFFF725
S31508020218E9FB2046FFF774FEEFE70348EDE700BF60
S315080202280000005039EF010835020208FFF7C6BF79
S3150802023810B50446FFF7F6FE164BD3F84034DB072B
S3150802024804D42046BDE81040FFF70ABFD4F8D820E0
S31508020258114B9A421BD1D4F8F430C3B1012B03D1FE
S31508020268D4F8F830092B03D02046FFF7F9FE10BD5B
S31508020278A37F092BF8D1E37F022BF5D1238C093BFF
S315080202889BB2172BF0D82046FFF794FEEFE70348F0
S31508020298EDE700BF0000005039EF0108A90202087D
S315080202A8FFF7C6BF70B51A4D0446D5F840344668F6
S315080202B85B071FD53046FFF7F9FC164B984219D942
S315080202C8FDF7F0FD28B1D5F8003403F00303022B35
S315080202D804D12046BDE87040FFF7E8BD0223C5F8F9
S315080202E8003441F270732046C5F80434BDE87040FC
S315080202F8FFF796BD3046FFF7D9FC074B984204D953
S315080203082046BDE87040FFF7ABBE044870BD00BF83
S3150802031800000050809698000065CD1D2903020842
S31508020328FFF7C0BF10B50446FFF77CFE0F4BD3F89C
S315080203384034DB0704D42046BDE81040FFF790BED8
S31508020348D4F8D8200A4B9A420DD1D4F8F41051B1F0
S315080203580129F0D104F1D000FFF738FB2046BDE8A1
S315080203681040FFF707BE034810BD00BF0000005043
S3150802037839EF010881030208FFF7D4BF38B50446E6
S31508020388FC30FEF761FF2046FFF75CFE40F2D173A8
S315080203980A4C6269D20603D5013B01D0226AF8E7FC
S315080203A800250748C4F81854A561FDF74FFA4FF413
S315080203B8A023A363C4F8405438BD00BF0000005008
S315080203C8409904082DE9FF474FF0E0230446002523
S315080203D89B692946C0E90135056004F11E07122200
S315080203E80C3011F05BFD20222946384611F056FDDD
S315080203F8294604F1400000F099F904F18808012118
S3150802040804F1640000F092F90221404600F08EF9E0
S31508020418032104F1AC0000F089F904F1640204F13D
S31508020428400104F1D000FFF729FC0223CDF8088021
S315080204380393DDE902013A468DE8030004F1D00385
S3150802044804F10C0104F1FC00FFF792F8204604B007
S31508020458BDE8F0872DE9F843002701250172884689
S315080204684FF0FF31064640F29954C0E9077500680D
S3150802047812F0800F8160C2F3C0113176894640F2C4
S31508020488994118BF2146D402089AC16042EA8352A2
S3150802049804F47E341443FDF705FD44EA88440A4AFF
S315080204A8336844EAC93444EA404402F5A0601C6049
S315080204B81F611B1AD2F818145B119D400D43C2F826
S315080204C81854BDE8F88300BF000000500268136894
S315080204D823F0FE5343EA8153136070470268136890
S315080204E86FF30A030B4313607047000082B030B5F6
S315080204F885B0CDE90012C1690446099300293BD1A2
S31508020508DDE900019DF82810C4E903026061206844
S31508020518026909B9C2F34173002222624FF0E02246
S315080205289269216962604FF0FF3282600568B1B14B
S31508020538C5F30A058A182A44B2FBF5F241EA437357
S3150802054843EAC2430361036843F000430360237E18
S315080205583BB1012005B0BDE8304002B07047012220
S31508020568ECE7E368CDE90231044BDDE90212C01A69
S315080205784011FDF7A3FCECE70020EBE70005005065
S315080205884FF0E0239A69436830B49B1A134A23F05A
S315080205987F43934205D84FF47A725343104A9342DB
S315080205A81AD9036AC3B901230E4A056802F5A06176
S315080205B8691A49118B400521D2F8184424EA03041A
S315080205C8C2F81844C161D2F81814284630BC0B433D
S315080205D8C2F81834FDF7B8BC30BC704736894100F2
S315080205E87FD1F0080000005038B501250A4A0446AA
S315080205F8006802F5A063C31AD2F818145B1105FA43
S3150802060803F321EA0303C2F81834FDF79DFC002315
S31508020618C4E9073538BD00BF0000005037B505469E
S31508020628006A08BB01F4F013B3F5802F1CD16B6975
S31508020638C1F30A141C44D5E903210A44944228BF83
S3150802064814460093E31A0193DDE90012FDF75AFCF2
S315080206582A68064B11696C610B402BB1136823F0A3
S31508020668404343F00043136003B030BD0000F81F4F
S31508020678034600688268920602D52023836070477B
S315080206888268110705D5182282600322DA61FDF706
S315080206985BBC826812F4F26F04D04FF4F26282608D
S315080206A80422F3E78268D2071BD511228260016900
S315080206B81D4A0A401AB11A7A12F0FD0F0AD00268C0
S315080206C8002142F0005202600122C3E907121A7E8B
S315080206D812B170470122D9E7D3E903210A445A61BC
S315080206E870478268920712D512228260C26822F07F
S315080206F80202C260DA69013A042A08D8DFE802F077
S31508020708030708100C000022DA6101221A627047F0
S315080207180022DA610222F9E70022DA610322F5E702
S315080207280022DA610422F1E70000F81F094B283192
S3150802073803EB411303604FF0E0239B6943600023F0
S31508020748C0E90333037243610376C3610123036273
S31508020758704700BF0000005010B5C36804469847A2
S31508020768E06010BD004870476D07020808B50348DF
S3150802077800F0C0FC80F00100C0B208BDC4990408A4
S31508020788C268054B9A4202D0044800F0C1BC044B21
S315080207981868C0F3C0407047DD090208D0990408F2
S315080207A8000000504068FFF7EBBF000008B54FF09D
S315080207B8E0239969094B411A21F07F4199424FF47E
S315080207C87A7004D80F234843B0FBF3F008BD0F220A
S315080207D80023A1FB000110F05FFEF7E73689410006
S315080207E8034B1B6813F4402F14BF012000207047DF
S315080207F80000005010B52D482D4A1369002B17DB47
S315080208080138FAD1012313611AE0012018E0274BAF
S315080208181169CC063DD5013BFAD139E04FF480334C
S315080208289363D2F8043843F00203C2F804383CE06A
S3150802083801231E4813611369DB07E6D50138FAD185
S315080208484FF0E0218C698B69E31A23F07F43022B68
S31508020858F9D9936843F001039360D36823F0C04338
S3150802086823F47D5343F4A253D36030B10F4B116975
S315080208788C0602D5013BFAD11846136943F48463F8
S31508020888136130B1094B11698906C0D5013BFAD102
S315080208981846136943F01003136130B1034B116903
S315080208A8C906BBD5013BFAD1184610BD400D03004F
S315080208B80000005010B504460069FFF777FF054B9C
S315080208C8984205D904F11400FDF75AFF024810BDEB
S315080208D80248FCE700E1F505DD090208E90802080D
S315080208E8FFF7E8BF10B501210446044800F00AFCE0
S315080208F84FF0E0239B690248236110BDD09904088A
S31508020908210A020810B500210446044800F0FAFB39
S315080209184FF0E0239B690248236110BDD099040869
S31508020928090B020808B50021034800F0EBFB002270
S31508020938024B03489A6108BDD09904080000005082
S315080209486D07020810B500210446084800F0DAFBCC
S31508020958FFF750FF4FF0E0239B69236120B9204631
S31508020968BDE81040FFF7DEBF014810BDD09904085C
S31508020978E908020838B50546FFF7F8FE40B105F159
S315080209881400FDF773FF2846BDE83840FFF7BABFDB
S315080209980E4B05F114005B69DB0706D5FDF766FF02
S315080209A82846BDE83840FFF79DBFFDF7E4FE38B193
S315080209B805F11400FDF75AFF2846FFF7C3FF38BDAD
S315080209C805F11400FDF714FF0148F8E70000005086
S315080209D8DD090208FFF7CEBF0B4B10B55B69044663
S315080209E8DB0703D4BDE81040FFF7ACBF0069FFF781
S315080209F8DDFE064B984283BF4FF0E0239B69044805
S31508020A08044888BF236110BD0000005080F0FA022E
S31508020A18790A0208210A0208FFF7DEBF10B504465A
S31508020A28FFF7A4FE20B12046BDE81040FFF76ABFCB
S31508020A380B4B5B69DB0704D42046BDE81040FFF779
S31508020A4881BF2069FFF7B2FE064B984205D904F51D
S31508020A580170FFF7A3F9044810BD0448FCE700BF74
S31508020A680000005000C2EB0BD10A0208790A0208F4
S31508020A78FFF7D4BF10B50446FFF778FE034604F518
S31508020A88017033B1FFF77AFC2046BDE81040FFF73C
S31508020A9839BF0A4B5B69DB0704D5D4F80422084B2D
S31508020AA89A4206D1FFF76AFC2046BDE81040FFF7CE
S31508020AB849BFFFF7ADF9034810BD00BF0000005053
S31508020AC8ADFC0108D10A0208FFF7D4BF10B50446DF
S31508020AD8FFF74CFE28B14FF0E0239B6923610648CD
S31508020AE808E02069FFF762FE044B9842F7D92046C8
S31508020AF8FFF728FF10BD00BF090B02080065CD1DC8
S31508020B08FFF7E4BF70B5044603F036FA204B002512
S31508020B1823604FF0E0239B69E560236104F1140022
S31508020B28FDF7DCFE04F50170FFF74CFC194BC4F817
S31508020B38CC45C4F8C835184BC4F8D445C4F8D035DA
S31508020B48102003F04DFC04F5BA62144B144904F05C
S31508020B58EDFB102003F044FC04F5B9620F4B11496A
S31508020B6804F0E4FB104A536B43F080035363BFF364
S31508020B784F8F0E4E482D05D12046FFF7E3FEE0605B
S31508020B88204670BD701900F0FFF90C35F2E700BF70
S31508020B986C9904084C9904085C9904082C380408CA
S31508020BA8DC990408E0990408003802407C9904088C
S31508020BB838B505460C4600F0E7F92046297BBDE814
S31508020BC83840FCF7C2BA08B50B46017B1846FCF74B
S31508020BD8B3F908BD38B5D0E90454FFF7F4FF641B26
S31508020BE805D0604348BF00F6FF7005EB203505F3CC
S31508020BF80F0000B238BDD0E90110FFF7EBBF0000BD
S31508020C0810B50446044B8260C0E900311046FFF766
S31508020C18CFFF204610BD00BFEC990408704700F5BF
S31508020C28807340F8041B8342FBD17047037823B1CB
S31508020C3843781B0183F31188704743780BB162B670
S31508020C48704772B67047000008B580680023034AE1
S31508020C58A0FB010110F020FC08BD00BF40420F00AE
S31508020C684A1C08B50346084606D004499A68A0FBF2
S31508020C780101002310F010FC08BD00BF40420F0016
S31508020C8803685B685B68C3F13F0303F03F0203F03E
S31508020C98010399420CBF134602F1FF3300EB8202A5
S31508020CA8D16818BF03F03F0300EB83000131C2681D
S31508020CB804D0013208BF4023184670474023FBE791
S31508020CC82DE9F04F85B0CDE90023002304460E46E8
S31508020CD89046ADF80C30EFF31083DB4303F00103BB
S31508020CE88DF80D3072B630469DF83810FFF7C8FFF2
S31508020CF840280DD14FF0FF3323600021C4F8048041
S31508020D08A16003A8FFF792FF204605B0BDE8F08F59
S31508020D1806EB8003D3F80CB073685D6AA5EB0B057E
S31508020D2815F0804207D04FF0FF3106F10C00FFF7A5
S31508020D3876FF2160E1E71146A0F13E09DDF804A035
S31508020D4825F0004509F03F09484519D0514517D2FB
S31508020D5800F1FF3C0CF03F0C0CF1FF3000F03F00AD
S31508020D6806EB800706EB8C03DB68D7F80CE03768D6
S31508020D787F687F68C7F13F0707F03F07B84202D185
S31508020D88C4E90058BCE7BC45FAD05F1CF8D0BEF1E6
S31508020D98FF3FF5D0A3EB0E07ABEB0303DDF840B034
S31508020DA823F000439B456FEA020C27F0004711D847
S31508020DB8DDF83CB0BB450DD8BC4594BF6244D21990
S31508020DC848F83120002208EBC10BCBF80430013170
S31508020DD8F346B9E73B44634594BFD2186244F7E73A
S31508020DE82DE9F7434E4B0E6805469E4214460260A5
S31508020DF846607CD04B4B9E4279D04B4B9E4276D06E
S31508020E084A4B9E4273D04A494A4B4B4A8E4218BFAE
S31508020E18134605F10C074FF480720021AB60384679
S31508020E2811F03CF80B232278316A920093400B435F
S31508020E38424A3362636893425BD3414A934258D81B
S31508020E48404A136B43F400131363BFF34F8FD4E975
S31508020E58013242F4153242F480721A6040225A600C
S31508020E6820786A6800F10D0102EB81019960DF605A
S31508020E78196841F0010119604FF40073D16883407B
S31508020E880B43D360237B1BB904F1100000F07CF8EE
S31508020E980023ADF80430EFF31083DB4303F00103B4
S31508020EA88DF8053072B64FF0020822786B680C3254
S31508020EB803EB820304F11000D3F8049000F01AF940
S31508020EC82278D5F804C0636802F10C010CEB81019B
S31508020ED85B6849688945E8D1C3F13F0303F0010312
S31508020EE8984211D008FA02F2CCF81420DDE7114B21
S31508020EF88FE7154A9342A8D3144A9342A5D8114AAA
S31508020F08136B43F480039FE74FF0FF313846FFF728
S31508020F1886FE01A8FFF78AFE284603B0BDE8F083D5
S31508020F28000001400004014000400140004401401D
S31508020F3800480140000E2707008793031060024005
S31508020F48B86002400038024010640240B8640240A1
S31508020F580268136843F001031360704738B50546FB
S31508020F68016008460C46FBF703F86FF00043E36294
S31508020F780123636147F271132846A361E36138BD09
S31508020F88002203681A61704703682DE9F041002BAD
S31508020F9858D04E4A934257D14D4A136B43F0010330
S31508020FA81363BFF34F8F002203260F27858845FA56
S31508020FB802F3DB0743D5036890F806E0196854007C
S31508020FC806FA04FC0EFA04F821EA0C010EF1FF3EB1
S31508020FD841EA0801BEF1010F196011D8D3F804E0F5
S31508020FE8417A2EEA0C0EA14041EA0E015960D3F85D
S31508020FF808E0817A2EEA0C0EA14041EA0E019960B0
S31508021008D3F80CE0017AA1402EEA0C042143D960F0
S31508021018C179A1B14FEAD20C03EB8C039400D3F839
S3150802102820C004F01C0407FA04FE2CEA0E0CC3F8C6
S3150802103820C0D3F820C0A14041EA0C011962013246
S31508021048102AB4D1BDE8F081224A934204D1204A33
S31508021058136B43F00203A3E71F4A934204D11C4ABF
S31508021068136B43F004039BE71C4A934204D1184ABC
S31508021078136B43F0080393E7194A934204D1144AB7
S31508021088136B43F010038BE7164A934204D1104AAE
S31508021098136B43F0200383E7134A934204D10C4A9D
S315080210A8136B43F040037BE7104A934204D1084A7C
S315080210B8136B43F0800373E70D4A93427FF471AFCB
S315080210C8034A136B43F480736AE700BF00000240C1
S315080210D8003802400004024000080240000C0240A0
S315080210E8001002400014024000180240001C024088
S315080210F800200240036882881B691A4214BF01202D
S3150802110800207047838801B91B04026893617047F7
S31508021118036882885B691A4214BF01200020704757
S3150802112873B500249C4201D102B070BD71B10E5D3F
S315080211384568EE60AE68F607FCD5ED688DF8075087
S3150802114812B19DF8075015550134EBE70E46EFE73D
S315080211580C22F8B506460D46284B03600B68436011
S31508021168D1E9034302FB0347A7422ED17368244AEF
S3150802117893422FD1234A536C43F480535364224A29
S31508021188BFF34F8F002368681946013300FA03F440
S31508021198944202D8082BF7D119462B7A687A002B7B
S315080211A80CBF04230623034343EAC103726843F4C4
S315080211B840739BB213601368304643F040031360CA
S315080211C8536843F004035360F8BD2046FFF7DCFE74
S315080211D80C34C9E70D4A934206D10A4A136C43F4FA
S315080211E8804313640A4ACBE70A4A934204D1054A5A
S315080211F8136C43F40043F4E70022C1E7FC99040898
S315080212080030014000380240008793030038004046
S3150802121880C3C901003C004003681B68D86A20B12C
S31508021228DB6A02480133B0FBF3F07047A0252600B3
S31508021238036800EB4100B3F91A30828902FB03F00E
S3150802124840F30F30704703681203B3F91A3000EBFC
S315080212584101B2FBF3F282F30C0201208A8170473C
S3150802126821B903681B68D962012070470E4A0368C8
S31508021278B2FBF1F21B680D49013A8B4202D10C49BD
S315080212888B4205D0B2F5803F02D30022DA62EBE739
S31508021298D96A8A42E8D0D96ADA6211B1596A8A429F
S315080212A8E2D201225A61DFE7A025260000000040A3
S315080212B8000C00404068FFF7AFBF4068FFF7D0BF91
S315080212C84068FFF7C0BF4068FFF7B2BF0346002170
S315080212D853F8042B12681161426818461047406889
S315080212E8FFF7F4BF0220704743681B681B68586AF1
S315080212F8704743681B681B68D86A704773B5054602
S3150802130804460E4655F8040B0430FCF79FFA96E88D
S31508021318030085E803002168074B68460431CDE9CE
S315080213280034FCF759FA23681A68D36843F00103AC
S31508021338D36002B070BD00BFE71202080C22F8B5E6
S3150802134804460D46454B01604360454B8360454B51
S31508021358C360454BC0E90430444BC0E90630444BE8
S31508021368C0E90830434BC0E90A30D1E9026302FBF7
S315080213780367B74260D12868FAF7FAFD2B683E4A2E
S3150802138893425ED03D4A93425BD03D4A934258D037
S315080213983C4A934255D03C483C4A3D49834218BF89
S315080213A80A463C49B2FBF1F28021013A19609A626F
S315080213B801225A612A69002A38D03748036C43F051
S315080213C800530364BFF34F8F0322344B2E7E1968EA
S315080213D8B2400A431946143341F8082B002E18BF9F
S315080213E8194600232E4A0B602B6993422BD32D4AA2
S315080213F8934228D8036B43F400130363BFF34F8F52
S31508021408D5E9043242F44B3242F4A0721A60022237
S315080214185A6004F10C029960DA601A6842F001020D
S315080214281A602B68DA6842F48072DA601A6820460B
S3150802143842F001021A60F8BD3046FFF7A5FD0C36E0
S3150802144897E7124AADE7184A9342D7D3174A9342FF
S31508021458D4D8036B43F48003CFE700BFDDD701086E
S31508021468A14102080000FF0F089A0408189A0408FE
S31508021478289A0408389A0408000001400004014022
S31508021488004001400044014000480140000E270779
S315080214980087930390D00300003802400074004086
S315080214A810600240B860024010640240B864024004
S315080214B810B5044600680430FCF7C8F9204610BD82
S315080214C80A22C368006C9B685343B3FBF0F0704763
S315080214D8416CC068FFF7C4BB016CC068FFF7C0BBA4
S315080214E810B50446024B036002F03DFD204610BDC6
S315080214F88C9A040810B50446FFF7F2FF20464821DD
S3150802150802F07AFF204610BD4068FFF7E1BFF0B542
S315080215180446427CC9B001320AA9CDE90512826994
S31508021528029242690192027C0092C168DDE90523AA
S3150802153807A8FFF7C5FBE669079BB34206D34FF030
S31508021548FF3300202364606449B0F0BDDDE9083042
S315080215581D46194603EBC000814204D00A4652F8D2
S31508021568087BBE4219D8CA1A082A4FEAE2001CD9C9
S315080215784FF0000C5A68A1F1080E083373450ED1CC
S3150802158802EB0C0351F8082C1344421EB3FBF2F380
S3150802159823640028D7D000230DE01146DCE7D3E9F7
S315080215A800673E44B4440833E8E74FF0FF33EFE7F1
S315080215B86A68083513448D42FAD1B3FBF0F0C2E7DC
S315080215C808B543684FF47A70596C1A6CA1FB000186
S315080215D800230FF061FF80B208BD4068FFF770BFAD
S315080215E84068FFF779BF000070B5044616460D46EF
S315080215F802F0C2FC134B716823603388284623829B
S31508021608E560FFF721FBB16860612846FFF71CFB16
S315080216180D49A0612846FFF717FB0C4B4FF0FF321E
S31508021628C4E908340A4BE061C4E90A34094B20467E
S31508021638C4E90C34084BC4E90E340023C4E9102360
S3150802164870BD00BF8C9A040890D003004C9A04080F
S315080216585C9A04086C9A04087C9A0408054B186074
S31508021668C0435860BFF35F8FBFF34F8F024B034ADD
S31508021678DA60704700FF012000ED00E00400FA0571
S3150802168830B5194C236813F00100184B15D11849BF
S315080216984A680D68D243954218BF09221A70154A34
S315080216A8556FAD010BD5187018780860C0434860A5
S315080216B84FF08071516701222260187830BD506F49
S315080216C8000101D50220EEE7506F850001D50320F7
S315080216D8E9E7506F400001D50420E4E7506F002877
S315080216E8E2DA0520DFE700BFD89E0020DC9E00204C
S315080216F800FF0120003802404368585C7047436877
S3150802170801205A5470478068704707B56846FCF73F
S315080217182BFB019803B000BD13B50C466846FCF7C7
S3150802172823FB009B185D02B010BD82B049B1D0E90F
S3150802173800239B1ACDE90023DDE9000102B0FCF774
S315080217486DBB012002B070474068FFF7EEBF4068DC
S31508021758FFF7DBBF4068FFF7DFBF002070470000CE
S31508021768F8B50646224BC0E90030102002F038FECA
S315080217783246204B204903F0D9FDFCF73FFB90B3CC
S31508021788202002F02DFE0446FCF7ECFA051E02DAC2
S315080217981A480FF0EDFA28D002F022FE47192060FF
S315080217A8A76025B12A46FF2110F078FB3846236838
S315080217B8134A6060C4E90323C01A124B6061C4E97C
S315080217C80634102002F00CFE0A4B0F4904F10C02EB
S315080217D803F0ACFD102002F003FE0C4B0C4904F191
S315080217E8180203F0A3FD3046F8BD2846D6E700BF1F
S315080217F8A49A0408CC3A0408DC9A0408D99B030874
S31508021808B89A0408CC9A0408D89A04082C38040802
S31508021818D49A040803681A68120615D5C169026AB1
S3150802182891420DD0C269816912785A60C369013337
S31508021838994201D9C361704742698A1A9B1AF7E71E
S31508021848DA6822F08002DA6070474068FFF7E2BF7A
S3150802185810B5D0E90532D21A036AC169541E5B1A51
S3150802186848BF9B18E01A10BD10B58269036A01338E
S315080218789A4210D9C4699C42F8D0036A01339A423B
S315080218880DD9C269026A117002680362D36843F005
S315080218988003D36010BD4469141B1B1BE8E744691F
S315080218A8141B1B1BEBE70246416810B5D0E9034334
S315080218B86068081A9842FBD09068C05C0133B3FB8B
S315080218C8F1F401FB1433136110BDF7B58D18CDE990
S315080218D800120A46C3685C6843681C1B0369A3426C
S315080218E80ED095420CD08668F35C02F8013B036970
S315080218F846680133B3FBF6F706FB17330361EDE7D0
S31508021908501A03B0F0BDF7B5CDE90012D0E90323A2
S3150802191854684268141B019A8D180A46A3420CD0C9
S3150802192895420AD08668F65C013302F8016B466866
S31508021938B3FBF6F706FB1733F0E7501A03B0F0BD08
S31508021948C3685A6843689B1A03617047C368426842
S3150802195859680369D31A5B1AB3FBF2F002FB103013
S315080219687047F7B51546CDE900120446FFF770FF2A
S31508021978A84228BF2846009A1618964206D122680F
S31508021988D36843F08003D36003B0F0BD236A12F824
S31508021998017BA56901339D4204D9E169216A0F7061
S315080219A82362EAE76169691A5B1AF4E7026810B5FD
S315080219B8D36823F40053D360094B9A420ED0094CD4
S315080219C8094B0A48A24218BF0346B3FBF1F39BB276
S315080219D89360D36843F40053D36010BD024BF4E70F
S315080219E800100140001401400087930380C3C9010F
S315080219F80268536923F4807343EA012353617047E3
S31508021A080268536923F4007343EA41235361704712
S31508021A18F7B50B688E6903604660044630460D467C
S31508021A2802F0E0FC00230246013E002E2ADAEF699C
S31508021A386A687E1CC4E90323A060304602F0D2FC19
S31508021A48002103460744FA1A002A1FDA0021A36866
S31508021A58AA690644E0616061A66120621A449A424C
S31508021A6817D1D5E904630C2202FB0367B74213D1DF
S31508021A78236847498B4214D1464A536C43F01003EC
S31508021A88536416E002F8013B013ECEE703F8011B50
S31508021A98D9E703F8011BE2E73046FFF775FA0C3671
S31508021AA8E4E73D4A934246D13A4A136C43F4003373
S31508021AB81364BFF34F8F22688A425CD03748384B83
S31508021AC83849824218BF0B464FF49641B3FBF1F3E5
S31508021AD893600C23D360402353616B68324A93425E
S31508021AE84BD3324A934248D82A4A136B43F4001313
S31508021AF81363BFF34F8F2946D5E9013242F4A06230
S31508021B081A60AA6968465A6051F80C2B04329A6018
S31508021B18A268DA601A6842F001021A60244BCDE913
S31508021B280034FBF759FE20462268D36843F400536B
S31508021B38D36003B0F0BD1F4A934204D1154A136C09
S31508021B4843F48023B4E71C4A934204D1114A136C1E
S31508021B5843F40023ACE7194A934204D10D4A136C9D
S31508021B6843F48013A4E70D4A9342A2D1094A536C57
S31508021B7843F0200384E70A4BA6E7114A9342B8D3EF
S31508021B88104A9342B5D8034A136B43F48003AFE766
S31508021B980010014000380240004400400014014089
S31508021BA80087930380C3C90110600240B8600240E7
S31508021BB85318020800480040004C004000500040F4
S31508021BC810640240B8640240C0EBC003B0EBD3030A
S31508021BD807D00238834204D8082B28BF0823184698
S31508021BE870470120704703695B689869000E704759
S31508021BF803695B689869C0F3074070470020704715
S31508021C0838B5154B044603600069144D4268144BEF
S31508021C18AA4214BF4FF080624FF00072196A083060
S31508021C2811431962196A21EA02021A62FBF70EFEC1
S31508021C3820690A30FBF70AFE20690C30FBF706FE14
S31508021C4804F58763C4F848382046C4F84C3802F0C5
S31508021C588AF9204638BD00BF089B0408006400407C
S31508021C680038024010B50446FFF7CAFF20464FF46B
S31508021C78086102F0C1FB204610BD0000037F10B5BB
S31508021C88044693B903695B685B68DB070DD4C068C9
S31508021C9800F0B6FD032221694B6809695A61034AAD
S31508021CA813680B4313600123237710BD003C0140D8
S31508021CB84068FFF79DBF4068FFF795BF0A6810B5E9
S31508021CC8C2F380735B00C2F31C04920046BF43EA60
S31508021CD8C40343F0040343EA445303600B7943609D
S31508021CE88B688360CB68C36010BD1FB50469C0687A
S31508021CF82468CDE901239DF80C300A4664F30203E9
S31508021D0801A98DF80C3000F0BBFD04B010BD38B53A
S31508021D18B0F854380446590801F5EA413031B1FB9E
S31508021D28F3F11922B1FBF2F302FB1313551EA3B9F9
S31508021D381046FFF749FF04280FD8C2EBC203B2EBD5
S31508021D48D30306D0901E834203D8082B02D92A4603
S31508021D58E8E70123EB1A102B20D9022D2A46E1D1EE
S31508021D681922B1FBF2F302FB1313BBB1013A022A99
S31508021D78F7D119220D46104601EB5003B3FBF0F3CF
S31508021D884343994234BF5B1ACB1AAB4238BF024661
S31508021D980138AB4238BF1D460228EDD11046FFF777
S31508021DA813FF236904285C68034628BF042301EB4A
S31508021DB85201B1FBF2F1023A121A013B120442EA43
S31508021DC80362013842EA005201390A43E26138BD20
S31508021DD800F5876337B5C0F84838C0F84C38002389
S31508021DE804460169A0F86838A0F86038184B083123
S31508021DF8CDE900306846FBF7EFFC2169154B6846C2
S31508021E080A31CDE90034FBF7E7FC2169124B68462B
S31508021E180C31CDE90034FBF7DFFC23695D682B68D2
S31508021E2823F002032B602B6843F001032B606B68CF
S31508021E38DB07FCD52B68204643F040032B60FFF7E7
S31508021E4866FF2B6823F001032B6003B030BD00BF81
S31508021E58092102085F20020865210208F0B503462F
S31508021E6800224FF0080CFF27002400251601815985
S31508021E78013201F00041412A815103F1100303F8A6
S31508021E880CCC03F80B7C43E90245EFD1C0F81004E1
S31508021E98C0F81404F0BD000070B5044616460D468F
S31508021EA802F06AF8C4E9035600252B4B04F1200010
S31508021EB82360736825775B0103F1844303F520736E
S31508021EC863610433A361FFF7C9FF04F58760FFF767
S31508021ED8C5FF224B7268C4F85038214B2148C4F80A
S31508021EE854384FF47A73824214BF4FF080624FF027
S31508021EF80072C4F85858A4F858381B4BC4F86058E6
S31508021F08C4F85C38C4F86438184BC4F86858C4F876
S31508021F186C38174BC4F87048C4F87438154BC4F8AB
S31508021F287848196A11431962196A21EA020119627B
S31508021F38196C0A431A64BFF34F8F2369D3E9055606
S31508021F480C2303FB0656AE4201D1204670BD28462D
S31508021F58FFF71AF80C35F6E7089B04086C490408D3
S31508021F68F4010A0000640040583E0408E89A040886
S31508021F78F89A0408003802400B6800F582621033A2
S31508021F8893420CBF08600B6070470000F8B5044618
S31508021F98EFF31187802383F31188D0F84828D0F8FD
S31508021FA84C389B1A1D11002BB8BF41353F2D11D845
S31508021FB8D0F84C680FC986E80F0004F64C0104F5F8
S31508021FC88760FFF7D9FF2DB9236993F90A20044BCD
S31508021FD8C3F8002E07F0F00787F31188F8BD00BF8B
S31508021FE800E100E02DE9F041044600254FF080673C
S31508021FF84FF00108236907FA05F25E68B3681A42C0
S3150802200824D0EB0008FA03F3B360D4F84828D4F8C6
S315080220184C389A421AD006F5C070D4F8481800EB1C
S315080220280510FFF74BFE06EB051604F6480104F5FC
S315080220388760FFF7A1FFD6F8803143F00103C6F897
S315080220488031B4F868380133A4F868380135032DA5
S31508022058D0D1BDE8F0814068FFF7C4BF2DE9F04149
S315080220680446264D00F2344723695A68D3689B0703
S3150802207801D1BDE8F081D4F83014D4F834345B1AA7
S315080220881911002BB8BF41313F292DD8D2F8B031E2
S3150802209813F0040118BF0121C3F3400014BFDB087B
S315080220A85B0D43EA417343EA8073D2F8B40163F3DA
S315080220B81E08D2F8B411D4F83434D2F8B8E1D2F8F2
S315080220C8BCC100F00F021A710A0AC3E902ECC3F886
S315080220D800805A71394604F12000FFF74DFFB4F81B
S315080220E860380133A4F860382021226953681269D6
S315080220F8D9602B6913432B61B6E700BF003C014040
S315080221084068FFF7ABBF000070B50446D4F8301430
S31508022118D4F834242369914210D11A690E4B1969E5
S3150802212821EA020119615A61D4F83004D4F8341440
S3150802213888421EBF19690A431A6170BD1968E068A0
S31508022148D4F8302400F0C2F904F5866104F12000B7
S31508022158FFF712FFDAE700BF003C01404068FFF7C5
S31508022168D3BF80EA010333F0604309D1C1F307619B
S3150802217881EA106111F0600F0CBF01200020704738
S315080221880020704710B50A46044609680068FFF732
S31508022198E8FF60B151686068FFF7E3FF38B1237A50
S315080221A8127A534013F0070F0CBF0120002010BD06
S315080221B8C2780368C2F3801040009206C3F31C0370
S315080221C846BF40EAC30040F0040040EA435070475D
S315080221D8C2780368C2F380119206C3F31C030BD5AF
S315080221E84FF6E07202EA5332C3F3C233134343EAA1
S315080221F8011343F008007047580180B240EA0110FB
S315080222087047C2780368C2F38010C2F34012D2003C
S31508022218C3F31C0342EA001249B14FF6E07101EA18
S3150802222853310A43C3F3C2301043C04370475801B7
S3150802223880B2104340F00700F7E74268C37832F0E5
S315080222486042C3F3401302D1C279520601D5D81C9B
S315080222587047C3F10200704770B50B7A047A43F3E4
S31508022268020244F302069642054624DB5C4014F051
S3150802227807041ED1FFF7E1FF06460846FFF7DDFF0A
S31508022288864218DB19D1EB78CA78C3F38016C2F3EB
S31508022298801086420FD353405B060ED428680B6813
S315080222A8C0F31C00C3F31C0398422CBF002001206C
S315080222B870BD0020FCE70120FAE72046F8E700008F
S315080222C82DE9F84F012615460A68013B074688464E
S315080222D87C4C9640032B27D8DFE803F002387BB8F4
S315080222E8D4F804323343C4F80432D4F80C323343EC
S315080222F8C4F80C322868431C2B6007EB0010D1F887
S315080223080090FFF755FF09F1480944F8390028688B
S31508022318431C2B6007EB0010FFF74AFFD8F800505A
S31508022328483504EBC5056860D4F8143223EA06036F
S31508022338C4F81432D4F81C321E43C4F81C62D8F8FE
S3150802234800300133C8F80030BDE8F88FD4F80432F3
S315080223583343C4F80432D4F80C3223EA0603C4F821
S315080223680C32D5F8009009F101032B6000EB09102D
S31508022378FFF72EFF4FEA091B09F1020382460BF102
S3150802238810002B603844FFF723FFD8F800304AEAD2
S315080223980040483344F83300D5F8009009F10103A0
S315080223A82B6007EB0910FFF713FF4FEA091B09F120
S315080223B8020382460BF110002B603844FFF708FF28
S315080223C8D8F800304AEA0040483304EBC303586099
S315080223D8AAE7D4F8043223EA0603C4F80432D4F87E
S315080223E80C3223EA0603C4F80C322B6800EB0319ED
S315080223F84846FFF7EDFE99F803108246C1F34011E5
S3150802240809F10400FFF7FDFED8F800304AEA004051
S31508022418483344F833002B68013307EB03172B605C
S315080224283846FFF7D5FEF9788146C1F34011381DBB
S31508022438FFF7E7FED8F8003049EA0040483304EBCC
S31508022448C30358602B6801332B606DE7D4F804324E
S3150802245823EA0603C4F80432D4F80C323343C4F820
S315080224680C322868D1F8009007EB0010FFF7A0FE97
S3150802247809F1480944F839002B68D8F8001007EB1F
S315080224880317FA797868FF78C2F340139B00BF06E8
S31508022498C0F31C00C2F380125BBF43EA405343EA07
S315080224A8420343EAC003084A46BF43EA420343F0E3
S315080224B801021A43D24301F1480304EBC3035A60E3
S315080224C8C0E700BF00640040F9FF1F0038B50129BC
S315080224D85379154614BF002290F80427134400EBD3
S315080224E80310C46804B938BD6368201D294698478D
S315080224F82468F7E70023064AC0F8003780F8053744
S31508022508D2F8003243F00103C2F80032704700BF1E
S315080225180064004038B50446006808B9204638BD44
S3150802252805680C2101F068FF2846F6E737B5002248
S31508022538034618461B6863B15D680C68A542F8D15C
S315080225489D684C68A542F4D11C6804601A601A464C
S31508022558EEE701A80192FFF7DDFF03B030BD70B5BB
S315080225680E460446D0F8003700EB0315A54200D1FB
S3150802257870BD04F10C003146FFF7D8FF1034F5E7B1
S3150802258838B50446006808B9206038BD05680C21C4
S3150802259801F032FF2846F6E7F8B506460C46002744
S315080225A8151FA64200D1F8BD54F8103C284645F82E
S315080225B80C3C54F80C3C103C45F8083C237A05F8C0
S315080225C8043CFFF7DDFFE36845F81039E760E8E7FA
S315080225D82DE9FF41D0F8006700EB0114702E074673
S315080225E804F110053AD000EB06139D4206F10106DE
S315080225F80AD194E80700002385E80700EB60C7F8C4
S31508022608006704B0BDE8F0814FF00008A3F1100C8A
S315080226189CE8070083E8070053F8042C6146DA6049
S3150802262843F8048C1A462846C7F80067FFF7B4FF2A
S3150802263894E807006B468DE8070003CB1B782061F0
S3150802264804F11C0069602B72FFF79AFFC4F81C8014
S3150802265803A8CDF80C80FFF75DFFD2E70FF0E8FB79
S315080226682DE9F04F1D461B68044617469B4685B05A
S31508022678D0F800870193C34528D204EB0B10027AD7
S3150802268842F302028A4206D1FFF7D7FD012802D190
S315080226980BF1010BEFE75E46464506D204EB061038
S315080226A8027A42F302028A4212D0B146C14567D279
S315080226B804EB0910027A42F302028A420ED1FFF7A4
S315080226C8BCFD03280AD109F10109EFE75E46ECE7E2
S315080226D8FFF7B3FD0228E8D10136DDE7CA46C24547
S315080226E850D3019BABEB0308AAEB09034FF0000A88
S315080226F8A6EB0B0B0393A9EB060628F00103019335
S3150802270826F001030BF003090293BAEB580F47D1D7
S31508022718019B984509D020462968FFF759FF0123E6
S315080227282A4639462046FFF7CBFD4FF00008B8EB94
S315080227389B0F3ED1B9F1010F44D120462968FFF70C
S3150802274847FF01232A4639462046FFF7B9FD4FF0C7
S315080227580008B8EB560F42D1029B9E4209D0204682
S315080227682968FFF735FF03232A4639462046FFF725
S31508022778A7FD0026039B9E423AD105B0BDE8F08F15
S31508022788CA46AEE704EB0A10027A42F302028A4202
S31508022798A7D1FFF752FD0428A3D10AF1010A9EE739
S315080227A801232A4639462046FFF78AFD0AF1010A15
S315080227B8ABE702232A4639462046FFF781FD08F188
S315080227C80108B4E7B9F1020FBBD0B9F1030FBED1BC
S315080227D8296820460131FFF7FBFE0223B2E70323E5
S315080227E82A4639462046FFF76BFD08F10108B0E785
S315080227F804232A4639462046FFF762FD0136B9E719
S3150802280873B5164D0646D5F80042002114F00104A0
S3150802281820D001246A4601ABCDE90011FFF720FF53
S31508022828D5F80032009A23F47C5343EA0223C5F802
S315080228380032019B6A4686F80437214601AB3046C0
S3150802284886F80547FFF70CFFD5F8003223F001038F
S31508022858C5F80032204602B070BD00BF00640040C9
S3150802286810B50C200C4601F0BBFD002103460246B2
S3150802287843F8041B94E8030083E80300104610BDD6
S315080228882DE9F04F80460F4691460446D0F8005780
S3150802289885B045F31B0ABAF1000F19DC08EB0516D1
S315080228A8A6423FD039462046FFF76CFC82460028E6
S315080228B83CD0E5682B466BB35968D9F80020914293
S315080228C804D19968D9F80420914220D01B68F2E706
S315080228D84FEA6A0604EB061B39465846FFF7BCFC5C
S315080228E820B1AAEB06060BF11004013EB246D2E75E
S315080228F897E80700002384E807002046494640F877
S315080229080C3FFFF7ADFF0135E060C8F8005705B080
S31508022918BDE8F08F494604F10C00FFF7A1FF0560F0
S31508022928E060F4E7702DE3D10FF082FA702DFBD040
S31508022938A6F1100393E8070086E8070056F8042C60
S3150802294801351946F26046F804AC32462046C8F8FC
S315080229580057FFF721FE97E807008DE80700494662
S3150802296803A8CDF80CA0FFF77BFF6B46064603CBF8
S315080229781B782060616004F10C002372FFF700FEE1
S31508022988E66003A8CDF80CA0FFF7C4FDBFE7000070
S31508022998F8B50446254601F049FB0F4B04F5E467EA
S315080229A845F8183B2846FFF7A5FD294638460B4A37
S315080229B8FFF772FA0A4A294604F57A60FFF76CFAAB
S315080229C83946204601F00CFB204604F57A6101F0E7
S315080229D807FB2046F8BD00BF209B04087C9B040819
S315080229E8489B0408F8B50446174B04F11806036011
S315080229F8164B00F57A601A6A42F000721A621A6A67
S31508022A0822F000721A621A6A42F080621A621A6A16
S31508022A1822F080621A62FFF7F3F804F5E460FFF71A
S31508022A28EFF8D4F8185725B9204601F031FB2046A5
S31508022A38F8BDF068013D08B91036F4E707680C21B5
S31508022A4801F0DAFC3846F6E7209B0408003802400B
S31508022A5810B50446FFF7C6FF20464FF4C15101F0E8
S31508022A68CBFC204610BD00BEFEE7000070B51E4628
S31508022A780E4B044618600546002344F8041B07CA89
S31508022A8884E80700204685F89830FEF77DFA012182
S31508022A982046FEF737FB36B13046FEF775FA0121AE
S31508022AA83046FEF72FFB284670BD00BFC49E00209D
S31508022AB873B50446051D28460021FEF723FB206840
S31508022AC8002203680A491E680123B047206801AA3A
S31508022AD8036800211C680123A04728460121FEF73E
S31508022AE811FB9DF8040000F0010002B070BD00BF9A
S31508022AF8999B04082DE9F047A6B080460F46154665
S31508022B081C46CDE90023FFF7D3FF8146002850D19A
S31508022B18014608F10400FEF7F5FA0323D8F800007F
S31508022B283A0A8DF80D2002688DF80C30D2F800A002
S31508022B3803A94A468DF80E70D047D8F800002A46E7
S31508022B4803684946D3F800A02346D047012108F16D
S31508022B580400FEF7D7FA98F898301BB9012026B070
S31508022B68BDE8F08704AE8822304608F110010FF056
S31508022B78B1F9259B249A3C44BB4238BF3B4694424A
S31508022B8828BF1446A342E9D203F07F0C04F07F0259
S31508022B98A2EB0C02DB1B012A06EB0C0105EB030070
S31508022BA802DD0FF097F9D9E7D8D116F80C20EA54BE
S31508022BB8D4E70020D3E7000073B50446051D284666
S31508022BC80021FEF79FFA2068002203680A491E6850
S31508022BD80123B047206801AA036800211C6801235B
S31508022BE8A04728460121FEF78DFA9DF80400C0F38E
S31508022BF8400002B070BD00BF989B04082DE9FF414A
S31508022C0806468846CDE90023FFF752FF044620B157
S31508022C180025284604B0BDE8F081371D0146384626
S31508022C28FEF770FA30682246036817491D680123B9
S31508022C38A84701213846FEF765FA3046FFF7BCFF72
S31508022C4805460028E4D021463846FEF75BFA0223F1
S31508022C5830688DF80C304FEA18238DF80D30036862
S31508022C6822468DF80E8003A9D3F800800323C047AD
S31508022C7830680099036822461E68019BB0470121FD
S31508022C883846FEF73FFAC4E79A9B040837B54368FD
S31508022C9805461344B3F5803F14468DE806000ED25E
S31508022CA87AB1D5E9000101949DE80C00FFF722FFE5
S31508022CB80028F6D06B6823446B6003B030BD002049
S31508022CC8FBE71046F9E737B504680546D4E924212F
S31508022CD8914214D204F1100301F07F000344521AF8
S31508022CE800930192D4F8941028689DE80C00FFF71F
S31508022CF885FF0028F6D0D4F89030C4F8943003B08B
S31508022D0830BDF7B5074610463D68CDE90012D5F835
S31508022D1890200244B2F5803F1CD820B10E460C1802
S31508022D28A64202D1012003B0F0BDD5F8903016F8B4
S31508022D38011B03F07F022A441174B5F89420013363
S31508022D48C5F8903053409BB27F2BE9D93846FFF72E
S31508022D58BAFFE5E70020E6E738B504680D46D4F871
S31508022D6890308B4203D0FFF7AEFFC4E9245538BD2D
S31508022D780068FFF79DBE0000094B70B51C6805463A
S31508022D880E4604608822002104F110000FF086F826
S31508022D9801232846C4E9246684F8983070BD00BF22
S31508022DA8C49E002010B50446FFF78DFF236893F8E2
S31508022DB8982012B1002283F89820204610BD0000F8
S31508022DC8024B1B68C0E90031704700BFC49E002049
S31508022DD87047000000487047DD2D020810B5D0F884
S31508022DE8183C04469847C4F8180C10BD10B5044692
S31508022DF8054B036000F61440FFF7D4FF204601F09E
S31508022E08B2F8204610BD00BFA49B040810B50446B4
S31508022E18FFF7ECFF204640F6244101F0EDFA20467A
S31508022E2810BD82B00422009008460192DDE900121C
S31508022E3802B0FFF72BBF70B512680C68121B521046
S31508022E48002A0E6801DC066070BD541022F00105DE
S31508022E58354436F814609E423EBF141B023504F107
S31508022E68FF34224638BF0D60EAE782B00422009092
S31508022E7808460192DDE9001202B0FFF742BF0000D8
S31508022E882DE9F04310258FB006462A460F4605A8AF
S31508022E9800210FF003F840F2D24300240D931A4B8F
S31508022EA8CDE909050193304609AB0293CDE90B45ED
S31508022EB802F0E0F90A9BA146984228BF18460B9BDE
S31508022EC80C90834294BF0B930B90304602F08AF912
S31508022ED88046A04502D10FB0BDE8F08322463046A7
S31508022EE801A902F09FF90028F5D0099B38460393F1
S31508022EF80C9BCDF82C900493DDE90312FFF701FF2A
S31508022F080028E8D00134E4E7009D040873B50426CE
S31508022F180546002100F61440FFF71EFF0F4B0196DF
S31508022F280093DDE9001205F61440FFF7EAFE31467A
S31508022F3805F61440FFF710FF05F614410848FFF78F
S31508022F4894FF05F61440FFF7BEFE0023C5F80C34B5
S31508022F58C5F8103CC5F8203C02B070BDB89B0408F9
S31508022F68B49B040830B587B00021054602A8FFF7C6
S31508022F7827FF01AB0493042300240593DDE9041211
S31508022F8802A80194FFF782FE074B019A9A4208D0D3
S31508022F982846FFF7BBFF02A8FFF71AFF204607B025
S31508022FA830BD0124F7E700BF0300EFBE38B5044673
S31508022FB808460D4602F099F950B1064BD4F8182C72
S31508022FC89A4211BF0020044BC4F81C5CC4F8183C8A
S31508022FD838BD00BFDD2D0208D1320208D0F8182CF8
S31508022FE8044B9A4203BF044BC0F8183C0120002040
S31508022FF8704700BFDD2D020881300208D0F8182C68
S31508023008044B9A4203BF044BC0F8183C012000201F
S31508023018704700BFDD2D02084930020810B504467C
S3150802302800F61440FFF7A4FE20B92046FFF76EFF04
S31508023038014810BD0148FCE7DD2D0208493002089F
S31508023048FFF7ECBF10B500F614442046FFF790FECA
S3150802305860B92046FFF737FE2046FFF789FE014684
S31508023068034B0448002908BF184610BD0148FCE767
S31508023078DD2D020881300208FFF7E4BF2DE9FF417A
S31508023088D1F80084064601EB4807B8F1200F0D4629
S315080230983C461CD80B46BB42194610D13046BC42A0
S315080230A818BF641B05F2044318BF641035607360C1
S315080230B814BFB460C6F8088004B0BDE8F08133F8D6
S315080230C802CB10888445E6D3E8D10C46E6E7CDE973
S315080230D80217138802A903AA01A8FFF7ACFE019AE8
S315080230E89742DBD01188994214BF3C461446D5E765
S315080230F82DE9F043054695B008460C4602F0F5F860
S31508023108064620B90026304615B0BDE8F08323687E
S315080231182046B3F80080ADF8028002F0BCF80DF13B
S315080231280202074605F10C0108A8FFF7A7FF0A9B42
S31508023138D5F80C249342E5D00025099A02A852F834
S315080231482310FFF73DFE02A901A80195FFF769FEBC
S31508023158BDF80430434504D0002602A8FFF738FE16
S31508023168D1E7BDF80630BFB2BB42F5D110272946CA
S315080231783A460BA80EF092FE40F2D24313931F4B1F
S31508023188CDE90F07049320460FABCDE911570593EE
S3150802319802F070F8109BA946984228BF1846119B58
S315080231A81290834294BF11931190204602F01AF89E
S315080231B8804606AFA84507D1A389E2899BB292B28F
S315080231C8934218BFE381C8E7119A0F9B02A81344D2
S315080231D80693129B9B1A079397E80600FFF756FD74
S315080231E80028B9D02A46204604A902F06AF8002817
S315080231F8B2D0CDF844900135DCE700BFDC9C040860
S315080232082DE9F04300F6144504468BB02846FFF725
S31508023218AFFD814620B1284C20460BB0BDE8F083A5
S31508023228D4F81C3C0DF106021B6804F10C011F8830
S3150802323807A8ADF80670FFF721FF099ED4F80C34E3
S31508023248B34201D11D4CE7E7DDF8208003A858F8F8
S315080232582610FFF7B5FD03A902A8CDF80890FFF7CF
S31508023268E0FDD4F81C0C02F016F8BDF8083058F838
S315080232782610BB4212D1BDF80A3080B283420DD15C
S3150802328828460431FFF768FDD4F81C0C2946FFF7CF
S31508023298F7FD0B4C03A8FFF79BFDBDE72846FFF78A
S315080232A85BFD084B28460593022306491A460693E8
S315080232B8024CFFF726FDEDE7D1320208CD340208A3
S315080232C8DD2D0208BC9B0408FFF79ABF2DE9F04FCB
S315080232D8D0F800540446202D8A4685B000EB4507E7
S315080232E81CD803469F421E4605D03188BAF80020E4
S315080232F802339142F6D3A6EB0409B74204F204480C
S315080233084FEA490B32D03288BAF800309A423FD18E
S3150802331808EB0B05284605B0BDE8F08FCDE902078C
S315080233280B8803AA02A901A8FFF785FD019EE2E711
S31508023338BBEB830F08EB830003F1010105D10022D9
S3150802334848F82320C4F8041CE4E7024652F8046D38
S31508023358521B48F82360C4F8041C03D02946801A6D
S315080233680EF083FD002348F81930D3E7B5F5007F38
S315080233780CD0BAF8003001353B80C4F80054D4F8AA
S31508023388043C08EB0B05B3F5007FD1D10EF050FDCE
S31508023398B5F5007FFAD03A4632F8023D24F81530D8
S315080233A8921B05F10105C4F8005403D03146B81A30
S315080233B80EF05BFDBAF800303380E0E72DE9F047F6
S315080233C80546D0F81C0C86B0036804241F884FF0FB
S315080233D80009ADF8027001F05EFF06461FFA80F88A
S315080233E8214604A8FFF7ECFC04A901A8CDF8049025
S315080233F8FFF717FD4FF6FE73BDF804A0ADF808707F
S315080234089A45ADF80A8022D1BDF8063043454AD115
S31508023418214605F61440FFF79FFC05F6144102A853
S31508023428FFF723FDD5F81C0C05F61441FFF728FD0E
S315080234380DF1020105F10C00FFF748FF046004A824
S315080234481F4CFFF7C5FC204606B0BDE8F0874FF6C5
S31508023458FF739A4527D105F6144721463846FFF7DA
S315080234687BFC394602A8FFF700FD3946D5F81C0C3D
S31508023478FFF706FDBDF806303946043BA3EB0803F9
S3150802348803A8ADF80E30ADF80CA0FFF7EEFC0DF167
S31508023498020105F10C00FFF719FFB6B226440460CB
S315080234A8C5F8206CCBE7BDF8063004A804331C44DB
S315080234B8FFF78EFCB4F5803F92D3014CC3E700BFF1
S315080234C8DD2D0208FFF77ABFF0B500260424054663
S315080234D887B00DEB0407C0F80C64C0F8106C2146D7
S315080234E802A8FFF76DFC042304970593DDE9041285
S315080234F802A80196FFF7CAFB4FF6FF73BDF8042028
S315080235089A4214D0394605F10C00FFF7DFFEBDF8DA
S315080235180630046004331C4402A8FFF759FCB4F5C4
S31508023528803FDCD3043CC5F8204C07B0F0BD02A89E
S31508023538FFF74EFCF6E7000038B5044600F01CFD16
S31508023548204600250C4B40F6084240F80C3B002161
S315080235580EF0A4FC294604F61440FFF70DFC074BA7
S315080235682046C4F8183CC4F81C5CC4F8205CFFF76B
S31508023578ABFF204638BD00BFA49B0408DD2D020810
S315080235880368027903EB4203B3F978067047012206
S315080235984368006803F01F039A40036811B113438E
S315080235A80360704723EA0203FAE707B50379026854
S315080235B803F01F03684602F5CB6200920193FFF7F0
S315080235C8E6FF012003B000BD4068FFF7EEBF07B566
S315080235D80379026803F01F03684602F5CC62009273
S315080235E80193FFF7D4FF012003B000BD07B503799D
S315080235F8026803F01F03684602F2546281F0010169
S3150802360800920193FFF7C3FF012003B000BD07B577
S315080236180379026803F01F03684602F25C620092A5
S315080236280193FFF7B4FF012003B000BD426813688F
S31508023638127903EB4203B3F9780670474068FFF735
S31508023648C6BF4068FFF7E3BF4068FFF7CFBF000071
S315080236580D4B0160C0E902300C4B0271C0E9043017
S315080236680B4BC0E906300B4BC0E908300A4BC0E9D8
S315080236780A300A4BC0E90C30094BC0E90E30094B2F
S31508023688C0E91030704700BFC89B0408D89B0408D5
S31508023698E89B0408F89B0408089C0408189C040874
S315080236A8289C0408389C0408436803F01F0201236F
S315080236B8934002681268134214BF0120002070471B
S315080236C807B50379026803F01F0302F25C626846CB
S315080236D800920193FFF7E8FF03B000BD4068FFF7C1
S315080236E8EFBF07B50379026803F01F0302F25462B3
S315080236F8684600920193FFF7D7FF80F00100C0B22F
S3150802370803B000BD4068FFF7ECBF30B50568047919
S3150802371885B005F2646304F01F04684600930194B1
S31508023728FFF7C2FF48B105F5CD6502A8CDE90254EF
S31508023738FFF7BAFF80F00100C0B205B030BD406895
S31508023748FFF7E3BF30B50568047985B005F2646307
S3150802375804F01F04684600930194FFF7A5FF40B9D1
S3150802376805F5CD6502A8CDE90254FFF79DFF05B018
S3150802377830BD0020FBE74068FFF7E4BF07B50379C9
S31508023788026803F01F0302F2646268460092019314
S31508023798FFF78AFF03B000BD4068FFF7EFBF07B51A
S315080237A80379026803F01F0302F5CC6268460092A1
S315080237B80193FFF779FF03B000BD4068FFF7EFBF33
S315080237C807B50379026803F01F0302F5CB62684658
S315080237D800920193FFF768FF03B000BD4068FFF740
S315080237E8EFBF000010B50446024B036000F0BBFBAE
S315080237F8204610BD489C040810B50446FFF7F2FF98
S31508023808204640F2A46100F0F7FD204610BD70B5C7
S315080238181622054601240846431CB3FBF2F002FBAE
S31508023828103030B1D5F85C66431E04FA03F3334206
S3150802383802D18142F0D1002070BDD0F8481610B5E1
S31508023848044649B1406903681B689847D4F848167C
S3150802385804EB4103A3F876062046FFF7D8FF884209
S3150802386818BFC4F8480610BD2DE9F8434FF0E024FE
S3150802387805460F460069002190469946FDF742FC1F
S31508023888A2690D4BA169511A1942FBD0E86842464A
S31508023898036839461E684B46B04701212869FDF771
S315080238A831FC4FF0E020A169044A8369CB1A134216
S315080238B8FBD0BDE8F88300BFFCFFFF00FEFFFF0050
S315080238C8032300220149FFF7CFBF00BF589C04080B
S315080238D8092337B5D0F85446ADF80430A30B8DF84A
S315080238E8063001A9032300220546FFF7BDFF0A236E
S315080238F88DF80430230A8DF805300022032328465A
S3150802390801A98DF80640FFF7AFFF03B030BD07B52A
S315080239180122D0F85836ADF804209B0B8DF80630EC
S315080239280022032301A9FFF79FFF03B000BD042362
S3150802393837B5D0F85046ADF80430A30B8DF80630E3
S3150802394801A9032300220546FFF78EFF05238DF8F2
S315080239580430230A8DF8053000220323284601A9D4
S315080239688DF80640FFF780FF03B030BD072337B549
S31508023978D0F84C46ADF80430A30B8DF8063001A9E9
S31508023988032300220546FFF76FFF08238DF8043044
S3150802399824FA03F38DF8053000220323284601A9E1
S315080239A88DF80640FFF760FF03B030BD002337B530
S315080239B8ADF800308DF8023006230446ADF8043017
S315080239C890F848366A4603F01F038DF8063001A9AF
S315080239D80323FFF749FF9DF801309DF800201B02D3
S315080239E843EA02439DF80220D4F87016D4F86C0606
S315080239F81343D4F86026C3F315035340D4F8645620
S31508023A0841EA0002C4F874161A4301402A401940CA
S31508023A180A43C4F87006C4F86C36C4F86856C4F87B
S31508023A28642603B030BD10B50446FFF749FF2046A1
S31508023A38FFF74EFF2046FFF77AFF2046FFF796FF65
S31508023A482046FFF764FF00232046C4F84836BDE837
S31508023A581040FFF7ABBF10B50446FFF739FF2046FB
S31508023A68FFF765FF2046FFF781FF2046FFF74FFF5E
S31508023A782046FFF7E2FE2046BDE81040FFF796BF4C
S31508023A88F8B504460F4616461D4600F075FA584B11
S31508023A98214623600022C4E90376656104F1180009
S31508023AA8FFF7D6FD2146012204F16000FFF7D0FD93
S31508023AB82146022204F1A800FFF7CAFD214603227D
S31508023AC804F1F000FFF7C4FD2146042204F59C70B0
S31508023AD8FFF7BEFD2146052204F5C070FFF7B8FDBB
S31508023AE82146062204F5E470FFF7B2FD21460722AD
S31508023AF804F50470FFF7ACFD2146082204F5167092
S31508023B08FFF7A6FD2146092204F52870FFF7A0FD4E
S31508023B1821460A2204F53A70FFF79AFD21460B2236
S31508023B2804F54C70FFF794FD21460C2204F55E70E5
S31508023B38FFF78EFD21460D2204F57070FFF788FD02
S31508023B4821460E2204F58160FFF782FD21460F22DF
S31508023B5804F58A60FFF77CFD2146102204F5936076
S31508023B68FFF776FD2146112204F59C60FFF770FDE2
S31508023B782146122204F5A560FFF76AFD214613229B
S31508023B8804F5AE60FFF764FD2146142204F5B76012
S31508023B98FFF75EFD2146152204F5C060FFF758FDBA
S31508023BA800212C22C4F84816C4F84C16C4F8501634
S31508023BB8C4F85416C4F85816C4F85C16C4F860163D
S31508023BC8C4F86416C4F86816C4F86C16C4F87016ED
S31508023BD8C4F8741604F5CF600EF060F92069FDF78B
S31508023BE8D3F920690121FDF78DFA2046F8BD00BFF1
S31508023BF8489C040828307047383070474030704768
S31508023C088068704780687047806870478068704720
S31508023C18002070478068704770B50D4616460446F8
S31508023C28102000F0DDFB33462A462146BDE87040DF
S31508023C3801F07CBB4823406803FB0100036B303064
S31508023C481B6818474823406803FB01008368083045
S31508023C581B6818471C4B183110B5C0E900311623E2
S31508023C6804461A4A8360C0E90321194A4361C0E92E
S31508023C780621184A0362C0E90921174AC3628363FF
S31508023C88C0E90C210146154A1548FFF7C5FF04F194
S31508023C980C01124A1348FFF7BFFF04F118010F4A2D
S31508023CA81148FFF7B9FF04F124010C4A0F48FFF738
S31508023CB8B3FF102000F094FB0D4B0E4904F13002B5
S31508023CC801F034FB204610BD649C0408789C04085D
S31508023CD88C9C0408A09C0408B49C04081C7104085B
S31508023CE8D09C0408CC9C0408C89C0408C49C0408F4
S31508023CF8B4390408C09C04087047D0E9003201EBBD
S31508023D086200184713B5094B144600930023482244
S31508023D1801934368684602FB0131FFF7EEFF214625
S31508023D2803685B6802B0BDE810401847FD3B020805
S31508023D3813B5094B14460093002348220193436896
S31508023D48684602FB0131FFF7D8FF214603685B681C
S31508023D5802B0BDE810401847053C020813B5094BDE
S31508023D68144600930023482201934368684602FBD7
S31508023D780131FFF7C2FF214603685B6802B0BDE856
S31508023D8810401847013C020807B5084B4822009319
S31508023D98002301934368684602FB0131FFF7ADFF2A
S31508023DA803681B6803B05DF804EB1847FD3B020875
S31508023DB807B5084B482200930023019343686846CF
S31508023DC802FB0131FFF799FF03681B6803B05DF828
S31508023DD804EB1847053C020807B5084B4822009326
S31508023DE8002301934368684602FB0131FFF785FF02
S31508023DF803681B6803B05DF804EB1847013C020820
S31508023E08436810B59A68541C9C601B68995410BD7F
S31508023E1810B5426893681468E45C013393600C70C1
S31508023E2810BD10B5426893681468E45C0133936060
S31508023E380C7010BD10B5426893681468E4560133CD
S31508023E4893600C7010BD436810B59A681C68A15433
S31508023E589A6801329A6010BD436810B59A681C6858
S31508023E68A1549A6801329A6010BD70B541F2E1050B
S31508023E7843689A681C681E69A45AAE4208BF64BA9F
S31508023E8802329A600C8070BD70B541F2E10543684A
S31508023E989A681C681E69A45AAE4208BF64BA0232F6
S31508023EA89A600C8070BD70B541F2E105436889B223
S31508023EB81E699A68AE4208BF49BA1C6808BF89B221
S31508023EC8A1529A6802329A6070BD70B541F2E1054C
S31508023ED843681E699A68AE4208BF49BA1C6808BF91
S31508023EE889B2A1529A6802329A6070BD70B541F2D7
S31508023EF8E10543689A681C681E69A458AE4208BF59
S31508023F0824BA04329A600C6070BD70B541F2E105B4
S31508023F1843689A681C681E69A458AE4208BF24BA40
S31508023F2804329A600C6070BD70B541F2E1054368C7
S31508023F381E699A681C68AE4208BF09BAA1509A68EF
S31508023F4804329A6070BD70B541F2E10543681E698C
S31508023F589A681C68AE4208BF09BAA1509A68043220
S31508023F689A6070BD7047704710B504460C2100F078
S31508023F7843FA204610BD0000024B03600023C0E93D
S31508023F8801337047249D040838B5054655F8104F7D
S31508023F98A54200D138BD54F8043C201F1B6898472F
S31508023FA82468F5E738B5054655F8104FA54200D1F5
S31508023FB838BD54F8043C201F5B6898472468F5E71F
S31508023FC810B50446FFF7D8FF044B204623600023A2
S31508023FD8E36004F11003C4E9043310BD3C9D0408E8
S31508023FE810B543690A1D00F110048B604C604261E2
S31508023FF81A60C3680133C36010BDF8B504460026C3
S31508024008054654F8100F844203D1C5E90444EE6004
S31508024018F8BD04280768C0E9006604D050F8043CCD
S315080240280438DB6898473846EDE7000010B50446B9
S31508024038FFF7C6FF014B2046236010BD549D0408AE
S315080240480346002110B553F8042F934203D1C0E959
S315080240580133016010BD1468C2E900112246F4E76B
S3150802406810B50446044B40F80C3BFFF7E9FF204617
S31508024078FFF779FF204610BD3C9D040810B5044693
S31508024088FFF7EEFF2046182100F0B6F9204610BDC4
S3150802409810B50446044B40F80C3BFFF7D1FF2046FF
S315080240A8FFF7DEFF204610BD549D040810B50446E6
S315080240B8FFF7EEFF2046182100F09EF9204610BDAC
S315080240C8037A01728B422CBF0023012303717047BE
S315080240D8037A01728B4294BF002301230371704746
S315080240E80346034A92E8030083E803001846704722
S315080240F8649D04080D4A70B509241646013C134600
S315080241080CD012F8011B21F02005413D052DF5D9E1
S31508024118A1F13005092DF1D92B29EFD09B1B062BC6
S31508024128D6BF002306600360436070BD8401000899
S315080241384368003B18BF01230B70704743680B702E
S31508024148704743680B70704743680B80704743682B
S315080241580B80704743680B60704743680B6070476B
S315080241680123416003727047012341600372704755
S315080241780123416003727047012341600372704745
S315080241880123416003727047012341600372704735
S315080241980123416003727047704708B5FEF763FC4E
S315080241A843681868704770B50D46164604461020C7
S315080241B800F016F933462A462146BDE8704001F052
S315080241C8B5B8000038B5044600F01AF9154D0C3092
S315080241D82560606000F014F90830A560E06000F018
S315080241E80FF9C4E9045000F00BF904302146E061DE
S315080241F80D4A0E48A561FFF7D6FF04F108010A4AD7
S315080242080B48FFF7D0FF04F11001074A0948FFF7E0
S31508024218CAFF054A084804F11801FFF7C4FF2046F1
S3150802422838BD00BFBC9D0408A03A0408CC9D040802
S31508024238D09D0408C89D0408C49D04087047012037
S31508024248704711B94368036070470023FBE709B151
S3150802425800F095B8436803607047000010B5044635
S31508024268054B1868ECF768F92346002243F8040B4D
S31508024278626020465A6010BDC09E002003689B6B88
S3150802428819440123416003727047037A3BB10368F4
S3150802429842689B6B9A424FF0000302D203720120CE
S315080242A8704718467047000030B5044685B0684618
S315080242B8FFF716FF009B114D6360019B02A8A360D6
S315080242C82560FFF717FF029B10202361039BE56011
S315080242D8636100F085F80A4B22460A4901F026F876
S315080242E8636943B1102000F07BF8054B064904F1CF
S315080242F80C0201F01BF8204605B030BDAC3A04089A
S31508024308CC3A0408D89D0408D49D04087047436823
S315080243180133436070474368013343607047436813
S315080243280233436070474368023343607047436801
S3150802433804334360704743680433436070474368ED
S315080243480133436070470000024B03600023436051
S31508024358704700BFE49D04087047436833B1642177
S3150802436802684A43B2FBF3F398B270471846704795
S3150802437808B5FFF7F2FFC0F1640080B208BD03680A
S315080243880BB1013B036070477047FEE708B50DF0AD
S315080243988DFD582303604FF0FF3008BD0D4A38B526
S315080243A8136810F0070F03F10103136020F00703DF
S315080243B803F1080308BF03460749084D0868C418E5
S315080243C8AC4201D9FEF74FFB0C609168194491601B
S315080243D838BD00BFE09E0020B042002000FF012041
S315080243E8FFF7DCBFFFF7DABF024A536801335360A7
S315080243F8704700BFE09E0020FFF7F6BFFFF7F4BF3D
S3150802440800487047E09E0020024B0349034A5B1A9C
S31508024418D360704700FF01208C9F0020E09E002091
S31508024428303809288CBF002001207047FEE703466A
S31508024438012001B97047CA0748BF584349085B4370
S31508024448F7E75B1A10B507D0121A05D0029C241A88
S315080244585C4394FBF2F42144084610BD642928BF3C
S3150802446864216423414391FBF3F000B27047642A3E
S3150802447828BF64225043C2F164039BB201FB0300BE
S31508024488642390FBF3F000B270478B6830B5134487
S315080244988B604B689A42A8BF1A4642B10B68834298
S315080244A80CD10B6813440B604B689B1A4B60B3F527
S315080244B8007FACBF086801F10C0030BD841810F8FB
S315080244C8015B844203F8015BF9D8EAE78B6801F1D4
S315080244D80C0013448B6070472DE9F04F1F460023E2
S315080244E814461546ADF50D7DDDF858A200900591DE
S315080244F80193B9073A4618D113681746D94383F080
S31508024508253001F08031A0F1013008420DD1A3F11E
S315080245180130084222D1009919B1611BB1F5FE7F13
S3150802452803DC043244F8043BE6E73B78252B15D12D
S31508024538002601373A783B46302A30D81F2A30D91E
S31508024548203A102A2DD8DFE802F0462C2C494F2C9F
S315080245582C4C2C2C2C432C3F2C2C5E003B783BB93C
S31508024568009B002B40F00085009B237000F0F5BCE9
S31508024578009B7BB1621BB2F5FF7F0BDD019B2846C8
S31508024588134401930599009B984705460446002853
S3150802459800F0E38417F8013B04F8013BA9E75F2A10
S315080245A82ED01A782A2A32D000220A2003921A789A
S315080245B81F46A2F1300109292FD80399013300FBB6
S315080245C80122303A0392F2E746F001060137B1E7CB
S315080245D846F00206FAE746F00406F7E746F0080642
S315080245E8F4E746F04006F1E7F20506D533054CBF6F
S315080245F846F4805646F40066E8E746F48076E5E728
S3150802460846F48066E2E746F010067B1CC9E752467E
S3150802461852F8041B5F1C924603913B782E2B36D11F
S315080246287B782A2B0FD04FF000080A207A1C1378B9
S315080246381746A3F1300109290AD800FB08330132C3
S31508024648A3F13008F3E7534653F8048B02379A4620
S315080246583B786C2B2BD01DD8682B21D06A2B1DD002
S31508024668492B2AD03B78472B4CD8402B35D84FF0C4
S3150802467800098DF82F3201234E468DF820908DF8C1
S31508024688289002930DF22F2BCDF80C9062E14FF089
S31508024698FF38DDE7742B01D07A2BE3D10137E1E73E
S315080246A87B7846F40076682BF8D10237DAE77B7806
S315080246B86C2BF3D146F02006F7E77B78362B06D122
S315080246C8BB78342BEAD146F020060337CAE7332BE0
S315080246D8E4D1BB78322BE1D1F7E7A3F14102062AE6
S315080246E8C5D801A151F822F077490208754A020885
S315080246F87746020877460208774902087746020883
S3150802470877490208A3F15802D1B22029AFD8202A3C
S31508024718ADD801A151F822F0D34A02087746020811
S315080247287746020877460208774602087746020855
S315080247387746020877460208774602087749020842
S31508024748994902083D490208054B020877490208B1
S31508024758774902087749020877460208054B02088C
S315080247687746020877460208774602087746020815
S31508024778634902088D4A0208A94A020877460208C6
S3150802478877460208A547020877460208054B020833
S315080247987746020877460208D34A02085146B44BB6
S315080247A851F804BBBBF1000F08BF9B465A4648EAB4
S315080247B8E873900700F0B0801BB11078002840F023
S315080247C89D80A2EB0B034FF000098A46C84602935E
S315080247D88DF820908DF828909845C0F2BB809DF8F0
S315080247E820309DF8282043441344039A9A42ACBFC2
S315080247F8C3EB0203C3EB03030393029BA8EB03036E
S31508024808049316F0010309D1F20640F13182DDE973
S31508024818031203938A42ACBF04920491DDE9032387
S31508024828DA4223D0F00704D42023039A002A00F395
S3150802483822820DF121039DF82020002A40F0668283
S3150802484816F040024FEA1963069200F0E082049ACB
S3150802485829F07F4991445A1CB9FBF2F102FB1199D6
S31508024868A3EB0909049A002A00F381820DF12109AA
S315080248789DF82030002B40F0CD82029B002B40F099
S31508024888F7820DF129099DF82830002B40F0268376
S31508024898F1076AD5039B002B67DD4FF020084FF016
S315080248A82039009B002B00F04683039B661BC6F53E
S315080248B800769E42A8BF1E463346002B40F03D832B
S315080248C8032B00F3418323449C4240F04183009B17
S315080248D87BB1621BB2F5FF7F0BDD019B28461344A9
S315080248E801930599009B98470546002800F03383EB
S315080248F80446039B9B1B0393D3D136E00132013B43
S3150802490857E7D2F800C0ACF1013020EA0C0010F0E3
S31508024918803F03D10432043B032BF2D803EB020887
S315080249284245134603D0187801320028F8D1A3EB7A
S315080249380B0348E7534653F8042B4FF000099A46E7
S3150802494801238DF82F228DF820908DF8289002934E
S315080249580DF22F2BDDF8088041E7534653F8041B5E
S3150802496801989A46621B02440A600137C1E50AF1B0
S31508024978070323F007034FF0000903F1080A08237F
S31508024988DFF8F0B08DF820908DF828900293E1E7C9
S31508024998394916F0080218BF43F202024FF4C079E1
S315080249A81BBFADF82020CA7A8DF820208DF8222060
S315080249B816F020000FBF53460AF1070323F0070330
S315080249C89A460ABF53F8042B58689A464FF00003CA
S315080249D818BF5AF8082B8DF8283052EA000C7AD0F4
S315080249E8264B0DF50C7C1B78049306F040030693B8
S315080249F801234FEA192E03FA0EFE0EF1FF3E0EEABE
S31508024A08020E4FEA192311F80EE0C3F120030293A6
S31508024A184FEA1923DA400CF801ECA3F1200E029B9F
S31508024A2820FA0EFE00FA03F31A4302934FEA1923F1
S31508024A3842EA0E02D84052EA00030CF1FF3B04D1BF
S31508024A488CABA3EB0B03434551DA069B63B109F119
S31508024A58010989EA19131B0706D1049B29F00F09CC
S31508024A68ACF1020B0CF8023CDC46C1E7044990E7B4
S31508024A780A9C03080F9C0308C7420020A643002085
S31508024A88B442002016F0080218BF43F201024FF496
S31508024A984C7999490CBF8DF82020ADF8202087E774
S31508024AA84FF00808954926F0100616F008021EBFA8
S31508024AB843F20202ADF820200A7C4FF488690CBF3B
S31508024AC88DF820208DF8222072E78C498A4A582BBD
S31508024AD808BF1146E9E78DF82030B8F1000F7FF4D0
S31508024AE87FAFC146CDF808800DF50C7B77E64FEA0D
S31508024AF8095909F07069029399446DE616F020017E
S31508024B0843D00AF1070222F007029246752B5AF891
S31508024B18080B516806D0002904DA404261EB4101C4
S31508024B2846F080064FF00009754B1B7807938CAB45
S31508024B38049306F040030693049BA3F1080B714BF2
S31508024B4883424FF000038B4128D269A3D3E9002395
S31508024B580CF0A2FC069B0292ABB94FF0640E029BBC
S31508024B68694AB3FBFEFC0EFB1C33013332F81330D9
S31508024B78049A22F8023D029B0492632BCDF808C0D8
S31508024B88EDD800230293049B27E0752B5AF8040BE9
S31508024B98C8D00028C6DA4042C117C1E70246002033
S31508024BA80146D7E7069A22B1B9F1030F0DD009F1E2
S31508024BB801090A22DDF808C0BCFBF2FE02FB1ECC7C
S31508024BC8CDF808E00CF1300C05E04FF00009DDF8E5
S31508024BD81CC00BF1FF3B03F801CD029A002AE1D16A
S31508024BE850EA01021DD19B461B78302B04D18CABA7
S31508024BF89B4501D00BF1010B002316F0800F8DF8A7
S31508024C08283008AB17D042F601521A801CE0069AD9
S31508024C1822B1B9F1030F08D009F10109302203F8C4
S31508024C28012D5B450493F2D186E74FF00009079AEE
S31508024C380BF1FF3BF3E7710702D542F20102E4E7FB
S31508024C4816F0020211D11A708CABA3EB0B0302936E
S31508024C5833B930230BF8013C01230BF1FF3B0293CE
S31508024C6803F1407928EAE878B6E542F60132CCE754
S31508024C7826F04006D2E5009A32B3039AA4EB050851
S31508024C88C8F500789045A8BF90464246FAB9032A5D
S31508024C9823DC2244944226D1009A82B1621BB2F5D9
S31508024CA8FF7F0CDD019B2846134401930599009B57
S31508024CB898470546002800F04E8104462023039AA1
S31508024CC8A2EB08020392B0E5DDF80C80DDE7A1073E
S31508024CD8DDD004F8013B013AD8E74FF02031043A0F
S31508024CE844F8041BD3E704F8013BD3E7AFF3008083
S31508024CF800E1F50500000000B4420020C742002082
S31508024D08A6430020FFE0F505DA420020A4EB0508D1
S31508024D18C8F500789045A8BF90460099002908BFAB
S31508024D289046A2EB08028DF8202021461A4603EB84
S31508024D380800824216D1009A44448AB1621BB2F527
S31508024D48FF7F0DDD0693019B2846134401930599B7
S31508024D58009B98470546002800F0FD800446069BF6
S31508024D68434468E512F801CB01F801CBE1E7009A5A
S31508024D7872B1049AA4EB0508C8F500789045A8BF4D
S31508024D889046069AC2B142467E49224408781EE0EF
S31508024D98DDF81080F5E7A00706D04FF03001013A92
S31508024DA804F8011B002AF6D1032AEDDD4FF030314B
S31508024DB8043A44F8041BF7E74246F3E7069919B199
S31508024DC8994520D009F10109302104F8011BA242AC
S31508024DD8F4D11446009A8AB1621BB2F5FF7F0DDD3B
S31508024DE80793019B2846134401930599009B984704
S31508024DF80546002800F0AF800446079B049AA2EBF2
S31508024E08080204922EE501464FF00009DDE7DDF8AF
S31508024E18189027E5A4EB0508C8F500789845A8BFB1
S31508024E289846009A002A08BF9846A3EB08038DF805
S31508024E38203022464B4609EB08018B4213D1009BC8
S31508024E48444473B1621BB2F5FF7F0ADD019B28460B
S31508024E58134401930599009B9847054600287AD07A
S31508024E680446C14404E513F8010B02F8010BE4E70A
S31508024E78029BA4EB0508C8F500789845A8BF98468A
S31508024E88009A002A08BF98464346C3444444032B5B
S31508024E98ABEB0302A4EB030117DC5A4519D1009BB5
S31508024EA873B1621BB2F5FF7F0ADD019B28461344DC
S31508024EB801930599009B9847054600284BD0044656
S31508024EC8029BA3EB08030293D7E41268043B0A6021
S31508024ED8DDE712F8013B01F8013BDEE7A4EB05081A
S31508024EE8C8F500789845A8BF9846009A002A08BFC8
S31508024EF89846A3EB08038DF8283022464B4609EB59
S31508024F0808018B4212D1009B44446BB1621BB2F56D
S31508024F18FF7F09DD019B2846134401930599009BE7
S31508024F2898470546B8B10446C144ACE413F8010BE0
S31508024F3802F8010BE5E7039EBEE4A2073FF4C0ACFC
S31508024F4804F8018B013BB8E444F8049B043BB7E434
S31508024F5804F8018BB8E400242546019B601B184413
S31508024F680DF50D7DBDE8F08F621B002AF5DD019B64
S31508024F782846134401930599009B98470546044613
S31508024F88EBE700BFA64300202DE9F04305460F4686
S31508024F9890469946ADF5077D69B960B905900093BB
S31508024FA81148134603A906AAFFF796FA05980DF5B6
S31508024FB8077DBDE8F083002603A932463046CDE9C7
S31508024FC803570596FFF761FA43460246CDF800905D
S31508024FD80648FFF781FA039B5B1B9F42D8BF07F176
S31508024FE8FF33EE54E2E700BFD544020893440208A9
S31508024FF80CB407B504AB53F8042B0193FFF7C4FFA7
S3150802500803B05DF804EB02B0704703681B681B68B7
S31508025018DB6A33B16421C26B4A43B2FBF3F398B233
S31508025028704718467047000013B5044640F8041B33
S31508025038FEF7FCFF04F11C00FEF7F8FF00232068C0
S31508025048A36384F83430E36303694FF47A715B68BF
S3150802505810309847044B20686946CDE90034FCF7B6
S315080250684DF9204602B010BDA750020838B5836B21
S315080250780446013383630068836918301B689847B6
S3150802508894F83430054613B1201DFEF78BFF2068C5
S31508025098836918301B689847401BE06338BD406827
S315080250A8FFF7E4BF38B590F83430044663B90430DC
S315080250B8FEF76AFF04F11C00FEF766FF012384F86F
S315080250C8343094F8343003B938BD04F11C00FEF7BD
S315080250D869FFF6E737B505460446094B93E8030020
S315080250E88DE8030055F81C0B6946FCF707F92846AC
S315080250F8FEF7CEFF201DFEF7CBFF204603B030BDD4
S31508025108009E04084068FFF780BF000010B50446F1
S31508025118064BC0E900311020FFF762F92246044B14
S31508025128044900F003F9204610BD00BF109E040882
S31508025138BC390408189E040870B50D461646044676
S315080251481020FFF74DF933462A462146BDE8704036
S3150802515800F0ECB84368D3F80C0470474368D3F8F0
S31508025168200C70474FF6FC707047000010B50446CD
S315080251780D4B0E4AC0E900310D4BC0E902310D4B01
S31508025188C0E9043101460C48FFF7D6FF04F10801C5
S31508025198064A0A48FFF7D0FF044A094804F11001EB
S315080251A8FFF7CAFF204610BD249E0408A03A040841
S315080251B8349E0408449E0408509E0408549E040813
S315080251C84C9E0408064B10B51868EBF7B0F9BDE80B
S315080251D81040D0F8103800F501601B68184700BF60
S315080251E8C09E0020836841681A6818469268104764
S315080251F810B50446044B1868EBF799F92146BDE839
S31508025208104000F016B900BFC09E002010B5046809
S31508025218FFF7D8FFE378C3F3810343FA00F000F0F7
S31508025228010010BD2DE9F04104460F461646FFF760
S31508025238EDFF48B1A0683246036861681D683B46B7
S31508025248AC46BDE8F0416047BDE8F0811FB50023CA
S315080252580446CDE90233064B084601A90193FFF72E
S31508025268E1FFDDE9020184E80300204604B010BD27
S31508025278989D040813B504466846FFF765F80022A0
S3150802528869462046FFF7CEFF019C6846FFF764F891
S31508025298204602B010BD38B50546FFF7A3FF0446F7
S315080252A82846FFF7E7FF604338BD10B50468FFF7DD
S315080252B889FFE378C3F3011343FA00F000F001000B
S315080252C810BD2DE9F04104460F461646FFF7EDFFD5
S315080252D848B1A0683246036861685D683B46AC46D1
S315080252E8BDE8F0416047BDE8F0810368DB7813F052
S315080252F8400301D0FFF7D9BF1846704737B50A4B9E
S315080253080446CDE900320A466946FFF7DAFF05463A
S3150802531830B12046FFF7E9FF10B1A3890133A3810B
S31508025328284603B030BD00BF749D040813B58360D0
S31508025338002304468381C381084BC0E90012186812
S31508025348EBF7F5F801A9019400F0B8F9019810B13C
S315080253581021FFF751F8204602B010BDC09E002062
S3150802536870474368D3F80C0870470B681B68188897
S3150802537813681B681B889842ACBF00200120704737
S3150802538800F10C03D0F80C0870B503EB800440F35F
S315080253981D0040B9A34205D0186803681B888B42CA
S315080253A888BF002070BD420853F8226003EB8205C5
S315080253B8366836888E4237BF00F1FF3010462B1DF5
S315080253C8801AE6E710B509880446FFF7D9FF0146A9
S315080253D828B104F50260BDE81040FDF789BE10BD84
S315080253E838B50446084611461D46FFF7C9FF014661
S315080253F828B12A462046FFF729FF204638BDC4E9C0
S315080254080000FAE700F58050B0F84C24B0F84E349C
S3150802541892B29BB29A420AD1B0F85024B0F85234E2
S3150802542892B29BB29A4202D190F85404704701206C
S31508025438704700F50260FDF75BBE70B50646D0F800
S315080254480C3800F10C0404EB8305A54200D170BDA3
S31508025458304654F8041BFFF7ECFFF6E710B5044686
S3150802546800F50260FDF7A2FD48B104F58053B3F8CA
S3150802547850240132A3F85024012283F8542410BD7B
S3150802548810B509880446FFF77BFF014620B1204676
S31508025498BDE81040FFF7E2BF10BD00F58053B3F828
S315080254A84C240C300132A3F84C240122C3F84804D0
S315080254B883F85424704770B50546D0F80C3800F1BD
S315080254C80C0404EB8306A64204D12846BDE87040BC
S315080254D8FFF7E3BF2068FFF708FF18B12268938928
S315080254E8013393810434EEE710B5044600F50260E9
S315080254F8FDF784FD04F58050B0F850340133A0F85E
S315080255085034012380F8543410BD0000EFF3108399
S31508025518DB4303F0010372B600F58050B0F84C2459
S31508025528B0F84E1492B289B28A420BD1B0F8502416
S31508025538B0F8521492B289B28A420AD109487BB1A2
S3150802554862B67047A0F84E24012280F85424064809
S31508025558F5E7A0F85224012280F854240348EEE716
S3150802556872B6704779550208D555020805560208D3
S31508025578FFF7CCBF38B500F58055D5F83824104B57
S315080255889A4218D1D0F80C2800F10C0303EB8203CF
S31508025598D5F84824934210D0111DC5F84814116845
S315080255A88A89CC8992B2A4B2A242F1D0CA8100F5FC
S315080255B80260FDF7FBFC034800E0034838BD00BF5C
S315080255C8DD2D0208D555020805560208FFF7D2BF8F
S315080255D808B500F58053D3F83824054B9A4205D105
S315080255E800F50260FDF7FAFC024808BD0248FCE726
S315080255F8DD2D02083156020805560208FFF7E8BFEC
S3150802560800F58050D0F83824044B9A4203BF002389
S3150802561880F8543402480348704700BFDD2D020853
S315080256287955020831560208FFF7EABF70B50446EB
S31508025638FEF7A2FC164B00252360164BC4F814582D
S31508025648C4F81038012384F81438134BC4F80C58D4
S31508025658C4F81838C4F81C4804F50260FDF76CFF4C
S315080256680E4A04F58053A3F84C54C3F84424A3F805
S315080256784E54C3F84854A3F8505483F85454A3F81C
S31508025688525404F50260FDF76DFC204670BD00BF52
S31508025698709E0408C8370408609E040879550208EB
S315080256A810B50468016044B12046FFF759FE204642
S315080256B8BDE810401021FEF79FBE10BD2DE9F84F30
S315080256C800F10C0683468A46B146D0F80C8806EBE2
S315080256D8880548F31D04FCB94D453ED04A4651464D
S315080256E83046FFF742FE80B3B8F5007F38D055F842
S315080256F8043C46F8283008F1010345F8044DCBF86E
S315080257080C38A945284622D1DAF800104846CAF8BC
S315080257180040FFF7C5FF18E067085246304609EB0E
S315080257288701FFF722FE20B1013C01F10409E41BB7
S31508025738D1E73C46CFE7DAF8003046F8283008F1D0
S315080257480103CAF80040CBF80C38BDE8F88F55F8BB
S31508025758041D2C60FFF7A4FFD3E7B8F5007FEAD14A
S315080257680CF066FBF8B504460E4B04F10C07036009
S3150802577800F50260FDF73AFBD4F80C5825B920461D
S31508025788FEF7F1FB2046F8BD57F8046B013D002EDB
S31508025798F4D03046FFF7E4FD10213046FEF72CFE1A
S315080257A8ECE700BF709E040810B50446FFF7DAFF57
S315080257B8204641F25841FEF71FFE204610BD38B56D
S315080257C8044600F5026004F58055FDF707FB2046F6
S315080257D8D5F844349847C5F8440438BD10B5044684
S315080257E82046FFF70FFE00B910BD2046FFF7E7FF70
S315080257F8F6E7000038B50D4604461020FEF7F0FD18
S31508025808034B044905F61802FFF790FD204638BDF2
S31508025818A03A0408809E040810B50446024B0360A1
S31508025828FEF7A1FB204610BD9C9E040810B5044647
S31508025838FFF7F2FF20462421FEF7DEFD204610BDBB
S315080258484368188A70470346C068198A1A8C036817
S315080258588A1A51425B6851411847FFF7F4BF08B5DF
S31508025868038C23B10182FFF7EEFF012008BD184613
S31508025878FCE74068FFF7F3BF70B504460E46FEF725
S315080258887BFB134B134A2360002323822362124BA2
S31508025898C4E90524E361E6601020FEF7A1FD324655
S315080258A80E4B0F49FFF742FD1020FEF799FD04F14A
S315080258B814020C4B0C49FFF739FD1020FEF790FD30
S315080258C8084B0A4904F11C02FFF730FD204670BD51
S315080258D89C9E04088C9E0408FC3E04082C3804087E
S315080258E8AC9E0408BC390408B49E0408B09E040891
S315080258F838B50446006928B92046BDE83840142157
S31508025908FEF77ABD05680821FEF776FD2846F2E70E
S3150802591838B5154608200C46FEF762FD2B68436023
S3150802592823682060036038BDF8B505460024077A5F
S31508025938066936B91CB117B9EB680133EB602C72E4
S31508025948F8BD706803681B68984704433668E4B26A
S31508025958EFE700230372C360704700004C4B2DE93A
S31508025968F74F834618688A461646EAF7EAFD07464F
S3150802597801465A46684600F058FBD7F8243207F11A
S31508025988240808EB83099D00009B4B4510D01C6828
S3150802599801AA04F1100108460196FFF7B9FFA37890
S315080259A8534501D284F802A0204603B0BDE8F08F19
S315080259B81420FEF715FD00230146044601964646BD
S315080259C8344AA0F800B0426080F802A08360C36037
S315080259D841F8103F084601AAFFF79AFFAD1001944D
S315080259E83DB9B14517D1D7F82412802920D10CF030
S315080259F81FFA4FEA550A06EB8A0B5946404601AA88
S31508025A0800F0F7F928B1013D0BF10406A5EB0A05E2
S31508025A18E6E75546E4E73246404601A900F0E9F9C1
S31508025A280028E0D101980028BED0FFF761FFBBE73E
S31508025A3808EB8103B3424FF0000901F1010006D1D0
S31508025A48019B3360CDF80490C7F82402EAE753F8B5
S31508025A58042C1D1F48F8212043F8049CC7F8240281
S31508025A68B54209D1019BCDF8049028682B60002815
S31508025A78D8D0FFF73DFFD5E755F8043D6868C5F85D
S31508025A8800906B600028EBD0FFF732FFE8E700BF0B
S31508025A98C09E0020C83704080B6808469B68184742
S31508025AA8F8B51D460B6808469B6816460C4698477D
S31508025AB8B0420BD92B6831469F69236820461B6872
S31508025AC8984701462846B8470120F8BD0020FCE752
S31508025AD873B51E460B6808469B6815460C469847D2
S31508025AE8A8420CD9336801A99B69304698472368A6
S31508025AF8294620465B68019A984702B070BD00207D
S31508025B08FBE770B50D46164604461020FEF768FCF4
S31508025B1833462A462146BDE87040FFF707BC70B5EA
S31508025B280D46164604461020FEF75AFC33462A4600
S31508025B382146BDE87040FFF7F9BB000070B50C4670
S31508025B48054600F0D3F8214605F10C0000F0CEF818
S31508025B582946224A2248FFF7E2FF05F10C011F4AA5
S31508025B682048FFF7DCFF1020FEF73AFC1E4B04F527
S31508025B780A721E49FFF7DAFB04F50C71174A1C4824
S31508025B88FFF7CDFF04F50E71144A1A48FFF7C7FF47
S31508025B9804F51471184A1948FFF7B3FF04F51B717F
S31508025BA8154A1748FFF7ADFF1020FEF719FC154BE3
S31508025BB804F51E721449FFF7B9FB04F520710E4A5B
S31508025BC81248FFF79EFF1020FEF70AFC104B1149F0
S31508025BD804F52272FFF7AAFB284670BDA03A040804
S31508025BE8DC9E0408D89E04082C380408F49E040887
S31508025BF8D49E0408F09E0408CC9E0408D09E040885
S31508025C08EC9E0408B8390408E89E0408E49E0408C9
S31508025C181C710408E09E04087047007970470171F0
S31508025C280120704710B50446054B08462360002331
S31508025C38114623712246FFF791FE204610BD00BF82
S31508025C48009F040838B504460D46FEF795F920461E
S31508025C58034B294640F80C3B00F020F8204638BD8D
S31508025C68109F040810B50446024B0360FEF77BF939
S31508025C78204610BD109F040810B504460846C4E914
S31508025C880033054B1146C4E9023404F108020088B8
S31508025C98FFF764FE204610BD5C38040810B50446B2
S31508025CA88B680A790968FFF7E7FF204610BD43683B
S31508025CB810B5D3F8242203F1240404EB820283687C
S31508025CC8934202D18460002009E053F8041B8360DA
S31508025CD8CB68002BF3D00B7A088840EAC37010BD4C
S31508025CE8436824338360012070470000024BC0E9E9
S31508025CF80031243181607047289F040800207047C4
S31508025D0800207047436853F8210070478068704737
S31508025D182DE9F0410446124BD0F82452036000F1EB
S31508025D2824074DB904F10C00EBF738F82046FEF7BC
S31508025D381AF92046BDE8F08157F8046B013D002E92
S31508025D48EFD0306920B914213046FEF755FBE8E74B
S31508025D58D0F800800821FEF74FFB4046F2E700BF5D
S31508025D68889F040810B50446FFF7D2FF20464FF469
S31508025D782471FEF741FB204610BD436803EB8103F5
S31508025D885B6A18887047436803EB81035B6AD868BD
S31508025D987047436803EB81035B6A187A704743685E
S31508025DA8D3F8240270474368D3F824027047436835
S31508025DB8D3F824027047136889B21B88994207D018
S31508025DC8ACBF01204FF0FF30431C58425841704778
S31508025DD80020F9E70B6892B21B88934207D0ACBF3A
S31508025DE801204FF0FF30431C5842584170470020A3
S31508025DF8F9E70B68198813681B88994207D0ACBF5C
S31508025E0801204FF0FF30431C584258417047002082
S31508025E18F9E738B5D0F8245200F1240404EB8505CD
S31508025E28AC4200D138BD54F8040BFFF792FDF7E7E8
S31508025E3810B50446FFF7EDFF04F10C00BDE8104063
S31508025E48FEF7A2B82DE9F04104460C30FEF7AAF887
S31508025E5894F82C322BB10023204684F82C32FFF70B
S31508025E68D8FF04F124052E46D4F8243205EB830715
S31508025E78B7422ED104F5107104F51470431A002B93
S31508025E8806DD0A46002603F5107323449A4225D1ED
S31508025E9804F5177204F51B76B31A002B07DD1746A5
S31508025EA84FF0000C03F517732344BB4219D1D4F8F3
S31508025EB8243205EB830CAC4516D1002381422DD139
S31508025EC8C4F834320023B2422CD1C4F83C32BDE8B5
S31508025ED8F08156F8040BFFF727FDC9E742F8046B69
S31508025EE8D4E747F804CBE0E755F804EB9EF80870C0
S31508025EF89EF8023037B104EB8308D8F840720137A6
S31508025F08C8F84072DEF80C70002FD4D004EB83036D
S31508025F18D3F85C720137C3F85C72CCE751F8045BB4
S31508025F282B44CBE752F8041B0B44CCE7F8B50446D6
S31508025F38FEF722F8234600251D4A002143F80C2BB2
S31508025F48184618220BF0AAFFFEF73AF8194B294603
S31508025F58E360194B1022C4F82832184BC4F82452A5
S31508025F68C4E98E35C4F83032C4F82C52C4F834520F
S31508025F7804F510700BF092FF0426114F1022C4E99B
S31508025F8894702946C4F8586204F517700BF086FF10
S31508025F980C4BC4E99B70C4E99E340B4B2046C4E9F2
S31508025FA8A0340A4BC4F87462C4E9A234F8BD00BF27
S31508025FB8889F0408D8370408C8370408843A0408A6
S31508025FC8389F04084C9F0408609F0408749F0408B5
S31508025FD82DE9F04707460D4692460E46D1F8004285
S31508025FE801EB840944F31D0474B9B1453E6008D02F
S31508025FF832462846BAF80010FFF7DDFE08B1C7F898
S3150802600800903846BDE8F0874FEA54082846BAF899
S31508026018002006EB8801FFF7DDFE20B1013C0E1DC4
S31508026028A4EB0804E0E74446DEE713B50446ADF8F0
S315080260380420243101AAFFF7CBFF204602B010BD7F
S3150802604837B5054600F124046A4601A8ADF80010DA
S315080260582146FFF7BDFFD5F82422019B04EB8204EB
S31508026068A3420EBF00201B68187A03B030BD37B5A5
S31508026078054600F124046A46ADF8001001A821462F
S31508026088FFF7A6FFD5F82422019B04EB8204A34254
S3150802609805D0186803B0BDE83040FFF75ABC03B00C
S315080260A830BD38B5C26804464069D2F83452036826
S315080260B85B6885B12269E1695268B1FBF2F101F0C0
S315080260C8010198470021A06903685B689847E36954
S315080260D80133E36138BDD2F83C1219B12269E16984
S315080260E89268EAE798472369E1691B68A069B1FBE0
S315080260F8F3F1036801F001015B68E7E710B50446A6
S31508026108024B0360FDF72FFF204610BDA09F040827
S3150802611810B50446FFF7F2FF20462021FEF76CF970
S31508026128204610BDF8B5044615460F461E46FDF725
S3150802613823FFC4E903750025084B29462360069BF5
S315080261483046A361336866615B68E5619847A0696A
S31508026158294603685B6898472046F8BDA09F040845
S315080261684068704710B50446024B0360FDF7FBFE0C
S31508026178204610BDC89F040810B50446FFF7F2FF6B
S3150802618820466421FEF738F9204610BD83689942ED
S3150802619805D3C368994202D8416001207047002096
S315080261A870471268F0B50468023A944200D3F0BD03
S315080261B820461346B1F900E0054630F9027BBE458A
S315080261C8FADC1E46B6F900C03346E645A6F10206CB
S315080261D8F8DB9D4206D8864220F802CC05461F807F
S315080261E83346E9D2994288BF2C46A94238BF1A468D
S315080261F8DBE710B50446806D70B1E06803681B6872
S31508026208984723695843A36DB0FBF3F043F69823DE
S31508026218984228BF184600B210BD2DE9F341C56A4F
S31508026228044615F0010F05F1FF3600EB450721D1A3
S3150802623826F001010144CDE9000701AA6846FFF7DD
S31508026248B0FF4FEA560825F0010134F91860684686
S315080262584FEA550801AA2144CDE90047FFF7A1FFED
S3150802626834F91800304400EBD07040F34F0002B0FE
S31508026278BDE8F081CDE90007811901AA6846FFF74A
S3150802628890FFA05FF3E70023F0B5D0E90B478DB07E
S315080262980B933B1B5D10002BB8BF1635152D06460A
S315080262A801D90BF0C5FD25B1002168466A000BF035
S315080262B8F5FD6B460B952C36BC4204D16846FFF7AA
S315080262C8ACFF0DB0F0BD34F9022B23F8022BB44209
S315080262D8F2D32C3CFBE7152928BF1521012938BF1B
S315080262E80121F8B50446D0E90C30C01A4310002833
S315080262F8B8BF1633CD1A2E4604F13007002E0EDB28
S31508026308002DA3EB0103C8BF002304F130062B4472
S3150802631873B91DB1201DFFF7B6FFA087F8BD206B1C
S315080263280230B84202D220630136E7E72C38F8E78A
S31508026338606B811CB14203D20280013B6163E7E7C5
S315080263482C39F7E72DE9F04104460D461646FDF7BE
S3150802635813FE1F4B2C222360AB690021E6602361DA
S3150802636804F118000BF09AFD00261A4B324615213D
S31508026378C4E911002665E36404F11400FFF7ABFFCC
S31508026388D5E90112EB681448C4E91723C4E91501CB
S315080263983246696904F11400FFF79DFF2E6810203A
S315080263A804F14C07FEF71CF83A4631460B4BFEF742
S315080263B8BDFF2D6945B11020FEF712F82946084B8C
S315080263C804F15402FEF7B2FF2046BDE8F08100BF89
S315080263D8C89F0408A0370408B89F04082838040880
S315080263E8A03A040810B50446FFF703FFA36C04F1A4
S315080263F81802023B9A420CD8A364636C023B9A427F
S3150802640809D8188010466364FFF73DFFA4F85000C0
S3150802641810BD2C33EEE72C33F1E7000070B50C46B5
S3150802642805460B6801795B68204698472D6810204F
S31508026438FDF7D6FF22462946BDE87040014BFEF70E
S3150802644875BF00BF2C38040810B5044690F8340006
S3150802645828B1206903681B68984780F0010084F808
S315080264683400A36A20469847A06210BD10B50446B0
S31508026478024B0360FDF777FD204610BDF09F04081E
S3150802648810B50446FFF7F2FF20464821FDF7B4FF88
S31508026498204610BD4068FDF76BBF10B504468069F3
S315080264A8B4F92C1003685B689847E069B4F92E10AA
S315080264B80368BDE810405B68184710B5044680694A
S315080264C8E2680368B2F910105B689847E069E268FF
S315080264D80368B2F912105B68BDE81040184770B530
S315080264E80446406903681B6898470546A069036815
S315080264F81B689847A84204DDA069294603685B68B1
S315080265089847E06903681B689847A84206DAE0696B
S315080265182946BDE8704003685B68184770BD10B520
S315080265280446C06903681B689847011E07DDE069C7
S315080265380139036809B25B68BDE81040184710BDFF
S3150802654838B50446806903681B6898470546E069B2
S3150802655803681B689847A585E08538BD90F83430E6
S3150802656810B504468BB1006903681B68984748B991
S315080265782046FFF7E5FF2046FFF79FFFE36B04482F
S31508026588A36310BD002384F834300248F9E700BF34
S31508026598ED650208A1650208FFF7E0BF10B50446D3
S315080265A83830FDF7ECFE94F8343033B9E36B2046FD
S315080265B8A363FFF772FF084810BDA36B20463BB9D1
S315080265C8FFF7ADFF04F12000236A98470348F3E76B
S315080265D8FFF785FF0248EFE7A16502080D6602087C
S315080265E8ED650208FFF7DABF90F834301BB9C36BBA
S315080265F88363024870470248704700BFA1650208CC
S315080266080D660208FFF7F0BF82B0F8B504460F46D2
S31508026618164606AD45F8043FFDF7AEFC1D4BC4E920
S31508026628037604F1140623600FCD0FC62B681A4A9F
S3150802663833601A4B2263A3620023FA68E362C4E949
S315080266480E326363164B3E68236404F138036364A7
S315080266581020FDF7C5FE314604F13002114BFEF74C
S3150802666865FE7D6826691020FDF7BAFE3246294678
S315080266780C4BFEF75BFEBD681020FDF7B1FE2946F6
S31508026688094B04F14002FEF751FE2046BDE8F840E0
S3150802669802B07047F09F0408C8370408A1650208C3
S315080266A8E09F04082C380408BC39040810B50446C7
S315080266B8024B0360FFF7D6FA204610BD08A0040865
S315080266C810B50446FFF7F2FF20462421FDF794FE8B
S315080266D8204610BD10B50446024B0360FFF7C2FAFE
S315080266E8204610BD20A0040810B50446FFF7F2FF9D
S315080266F820462421FDF780FE204610BD10B5044623
S31508026708C06903681B689847B4F920108142A8BF74
S31508026718002104F10C00B8BF0121BDE81040FDF7BD
S3150802672896BD10B50446C06903681B689847B4F94C
S3150802673820108142D8BF002104F10C00C8BF0121EC
S31508026748BDE81040FDF783BD2DE9F3410023044651
S3150802675824200E46174634F9048BADF80230FDF7A5
S315080267683FFE0546ADF80080009B21460193FFF7D8
S3150802677869FA29460198054B286206F10C002B602E
S31508026788EF6102B0BDE8F041FDF72ABC08A004088B
S315080267982DE9F3410023044624200E46174634F908
S315080267A8048BADF80230FDF71BFE0546ADF80080EE
S315080267B8009B21460193FFF745FA29460198054B9E
S315080267C8286206F10C002B60EF6102B0BDE8F041C1
S315080267D8FDF706BC20A004082DE9F3410023044668
S315080267E824200E46174634F9048BADF80230FDF715
S315080267F8F7FD0546ADF80080009B21460193FFF791
S3150802680821FA29460198054B286206F10C002B60E5
S31508026818EF6102B0BDE8F041FDF7E2BB20A004082B
S3150802682838B504460D460A4601460748FFF78CFF5F
S315080268382A4621460548FFF787FF2A462146BDE824
S3150802684838400348FFF7A4BF60A0040850A004080C
S3150802685840A004080A4601460148FFF7BDBF00BF23
S3150802686830A0040810B50446024B0360FDF77BFB0B
S31508026878204610BD80A0040810B50446FFF7F2FFAB
S3150802688820462421FDF7B8FD204610BD10B504465A
S31508026898C06803681B689847B4F910301B1A58422F
S315080268A85841A37E98420AD00023A0766376606987
S315080268B894F820100368BDE810405B681847637EA1
S315080268C8227E9A4286BF0133637684F82000EEE771
S315080268D8F8B504460F4616461D46FDF74DFB094B05
S315080268E8204623600023A361236241F214432383CB
S315080268F8054BE76026826561E361FFF7C7FF204615
S31508026908F8BD00BF80A004086C38040810B5044610
S31508026918024B0360FDF727FB204610BD98A0040822
S3150802692810B50446FFF7F2FF20467821FDF764FD05
S31508026938204610BD90F8653043B9B0F84830C0E92A
S315080269481A33B0F850300BB1C0E91C33704790F8C7
S31508026958663053B1826E42B9012B07D180F82030CE
S315080269680023C0E91A3380F866307047022B04BF41
S31508026978012380F82830F3E7B0F8503033B1836E34
S3150802698823B9006FC01A18BF012070470020704744
S3150802699890F86510024610B541B1002380F86530B3
S315080269A882F866300023C2E91A3310BDFFF7E4FFFE
S315080269B838B1012382F8651082F8383082F86610F1
S315080269C8F0E7B2F8601039B1D2E91A431B1B8B42B9
S315080269D802D982F86600E5E7B2F8580092F86630F6
S315080269E820B1D2E91A41091B814208D30133DBB225
S315080269F8022B82F8663005D8B2F84030D3E7002B66
S31508026A08D0D0F9E7012382F830300023C8E790F896
S31508026A1865305BB990F8662032B9826E22B9B0F849
S31508026A285030B3FA83F35B09184670470023FBE72D
S31508026A3808B50146FFF7EBFF20B1012381F8383084
S31508026A4881F8653008BD2DE9F0410025044680F82D
S31508026A58205080F8285080F8305080F83850C0689E
S31508026A6803681B68984794F864700646A0B187F0CD
S31508026A7801082F4604F1680084F86460FDF77FFC74
S31508026A8804F17000FDF77BFC2046B8F1000F05D02B
S31508026A98BDE8F041FFF74EBF8046EBE71FB1BDE8F8
S31508026AA8F041FFF775BF1EB1BDE8F041FFF7C0BF59
S31508026AB8BDE8F041FFF74BBF70B5044615460E46CA
S31508026AC8FDF75AFA1B4B1C4A23602B68E2612361BD
S31508026AD86B68E66063612B89204623830023C4E931
S31508026AE80923C4E90B23C4E90D23144AC4E91A3352
S31508026AF8C4E91123C4E91323C4E91523C4E91723EE
S31508026B08C4E91C3323622364E263A4F8643084F874
S31508026B1866302B88A4F840306B88A4F84830AB88CE
S31508026B28A4F85030EB88A4F858302B89A4F86030BA
S31508026B3870BD00BF98A00408C8370408FC3E0408BC
S31508026B4810B50446024B0360FDF70DFA204610BD40
S31508026B58BCA0040810B50446FFF7F2FF2046142124
S31508026B68FDF74AFC204610BD70B50446C06803689E
S31508026B781B68984760B124692368204628CB98473A
S31508026B8880F001012B462046BDE87040C9B2184775
S31508026B9870BD000070B504460E461546FDF7ECF9B9
S31508026BA8024B2046C4E90365236070BDBCA00408ED
S31508026BB810B50446024B0360FDF7D5F9204610BD09
S31508026BC8D4A0040810B50446FFF7F2FF204624218C
S31508026BD8FDF712FC204610BDB0F91C3010B5044664
S31508026BE82BB9C06803681B689847400010BD00693E
S31508026BF803681B689847B4F91C3058434FF49673D0
S31508026C08B0FBF3F0F2E770B5446923685D68FFF7ED
S31508026C18E3FF2B4601462046BDE8704018470000A8
S31508026C28F8B504460D4617461E46FDF7A5F90E4B56
S31508026C38B5F900202360069BB5F9041063610B4871
S31508026C48B5F90230AD68A061A183E2832384C4E959
S31508026C5803761020FDF7C4FB2946054B04F11802F2
S31508026C68FEF764FB2046F8BDD4A00408F43B0408E2
S31508026C7828380408037A1BB18378B3FA83F35B09C5
S31508026C8818467047026838B502F12403D2F8242256
S31508026C980D46416803EB82029142044600D00B1D59
S31508026CA820686360D0F8241200F1240202EB8102FC
S31508026CB8934200D138BD1868A8470028FAD16368F4
S31508026CC80433EDE7D0E9001201F12403D1F82412BE
S31508026CD803EB81039A4214BF106800207047D1F863
S31508026CE8242201F1240303EB8203016043607047FF
S31508026CF8C068704710B5D0E9013203EBC2029A425E
S31508026D08184603D053F8084BA142F8DA10BD83682F
S31508026D1873B505460E4613B9002002B070BD68461B
S31508026D2800F0C8FB9DF80430002BF5D028460099D8
S31508026D38FFF7E0FF0446D5E9013203EBC2039C429A
S31508026D48EAD0304654F8081B00F0D2FB0028F2D0E5
S31508026D58E3E730B5D1E9014304EBC3039C4219467C
S31508026D6803D053F8085DAA42F8DD016030BD7FB545
S31508026D78836805460E4613B9002004B070BD02A8FA
S31508026D8800F098FB9DF80C30002BF5D02946029A9C
S31508026D9801A8FFF7DEFF019C6B68A342ECD054F802
S31508026DA8081C304600F0A4FB08340028F4D0E4E7AF
S31508026DB810B5D0E9013203EBC2029A42184603D04B
S31508026DC853F8084BA142F8D110BD000030B585B07A
S31508026DD8054602A8CDE9002300F06CFB9DF80C4095
S31508026DE81CB90024204605B030BD28460299FFF78B
S31508026DF8DFFFD5E9013203EBC2039842F1D04368B3
S31508026E08024ADDE90001FEF7F3F8EBE7C59B03083A
S31508026E184068704730B587B0054604A8CDE902230D
S31508026E2800F048FB9DF814403CB1DDE90201049BD9
S31508026E38034A00936B68FEF7DBF8204607B030BDB5
S31508026E48189C030843681020994228BF1946FDF77B
S31508026E58EEBA10B50C461146FFF7F4FF014620466E
S31508026E68BDE8104000F076BB10B50C461146FFF790
S31508026E78E9FF41422046BDE8104000F06BBB0520F9
S31508026E88704700001FB5CDE90212074AC0F38133DD
S31508026E98C0F30D00D35C0090044ADDE90201FEF74F
S31508026EA8A7F805B000BD00BF50A104081D9C030839
S31508026EB830B585B002A8CDE9002300F0FBFA9DF8A3
S31508026EC80C5025B1DDE900120298FFF7DBFF2846C8
S31508026ED805B030BD4069704780697047F8B5002427
S31508026EE80746234601200A22A0FB02658C4202FBBA
S31508026EF8035513D119460AF02DF839460AF070F8DF
S31508026F084FF07C5109F064FF0AF0DEFA0A220346BA
S31508026F18601CB34271EB050404D2F8BD30462B4611
S31508026F280134E1E702FB05F4A6FB026501302544B4
S31508026F38EFE7F8B50D6A06461DB9C0E900553046A9
S31508026F48F8BD0C224FF07E57CC6902FB0545AC42C8
S31508026F5803D1012337603371F1E7204600F044F97B
S31508026F68014638460AF03CF80C340746EFE72DE99D
S31508026F78F341846A0646002C36D101466846FFF76D
S31508026F88D8FFF16800980AF02BF831690546009887
S31508026F980AF026F8002107462846D6F814800AF089
S31508026FA8D1F928BB05F10046002138460AF0CAF984
S31508026FB800BB07F10044314620460AF0AFF9D8B1BA
S31508026FC830464146FFF78AFF0021044628460AF05A
S31508026FD8A5F920B9002138460AF0A0F900B101340A
S31508026FE8B8F1000F00D00134204602B0BDE8F0819E
S31508026FF82E46D9E73C46DEE72046E2E773B505465C
S31508027008406AA8B929466846FFF793FFEC682E69CD
S3150802701824F0004426F00046314620460AF07EF956
S3150802702840B13046009909F0DBFF6969FFF756FF58
S3150802703802B070BD2046F5E72DE9F3474F680546C5
S315080270489742894616461EDCD1F8088090451ADB0F
S31508027058CC68D9F81000214609F0B8FE0021824604
S315080270680AF052F9B0B149466846FFF762FF9DF839
S31508027078043023B12046009909F0B2FF04460123D9
S315080270882C602B7102E00023C5E90033284602B0BA
S31508027098BDE8F087384609F04FFF0746404609F02B
S315080270A84BFF394609F092FE002180460AF02CF970
S315080270B80028D8D1304609F03FFF394609F086FE3E
S315080270C8514609F08DFF41460AF03EF80146204628
S315080270D809F07EFE0446C6E72DE9F04F8DB08246D2
S315080270E808A814461D46CDE9062300F0E3F99DF8DB
S315080270F8247067B15146089A0AA8FFF79DFF9DF8BA
S315080271082C3043B929462046344AFDF771FF3846DA
S315080271180DB0BDE8F08FDDF8288005F1FF39404645
S315080271280AF024F9DAF8141006460A20FDF77FF958
S31508027138DAF814308346002B47D03046059309F00F
S31508027148FBFE0146404609F041FE8246584609F0CA
S31508027158F3FE0146504609F043FF4FF07C5109F009
S3150802716837FE0AF003F980EAE07A0021AAEBE07A08
S3150802717840460AF0D3F8002814BF03220222059BC8
S31508027188A9EB02029A4228BF1A46AB1ECDE9012A82
S315080271989B1A29462046124A0096FDF729FF002E11
S315080271A8B5D1002140460AF0B9F80028AFD02246E0
S315080271B81346197801322029FAD02D229C420CBF8F
S315080271C8631903F1FF331A70A1E74B46294620468D
S315080271D8044A0096FDF70CFF99E700BF6099030871
S315080271E8249C03082D9C03087FB543680446002B94
S315080271F82FD0836802A9029300236846039300F0F6
S3150802720859F99DF8043013B9134804B070BD009AA9
S31508027218616802A8FFF710FF9DF80C30002BF3D01F
S3150802722820680AF0A3F8044605464FF07E50029EE7
S31508027238002D09DC002CA8BF241B002CE5D03146FA
S3150802724809F082FF0134F8E7314609F0C9FE013D23
S31508027258EEE70068D9E700BF0000C07F2DE9F74FBF
S3150802726807460C4601466846FFF763FE9DF8043052
S3150802727823B12046009909F067FF0446D7F8049017
S31508027288484609F059FE0546D7F80880404609F0E7
S3150802729853FE294609F09AFD002183460AF034F876
S315080272A820BBFE683F693146384609F08FFD002142
S315080272B882460AF029F8C8B9314620460AF02EF855
S315080272C800B13446214638460AF028F8E0B138466D
S315080272D8314609F07BFD594609F082FE514609F006
S315080272E833FF0146284609F073FD0546284609F084
S315080272F843FD0AF03BF84845B8BF48464045A8BF8B
S31508027308404603B0BDE8F08F2046E1E72DE9F04F85
S3150802731885B0044668461F460D46914600F0CAF8E7
S315080273289DF80430002B4CD0009E2146324602A80E
S31508027338FFF782FE9DF80C30002B42D061690A20BD
S31508027348FDF775F809F0F8FD494680460A20FDF763
S315080273586EF802998346404609F042FE09F00CFD8A
S315080273688146384609F0E8FD8246584609F0E4FDA2
S315080273780146504609F034FE494609F029FD4146B8
S3150802738809F0E2FE01462046FFF768FF864216D153
S31508027398F90F002FD4BF4942C1F10101636831448C
S315080273A89942B8BF1946A3689942A8BF1946B14275
S315080273B807D0284605B0BDE8F04F00F099B801464F
S315080273C8F7E7002005B0BDE8F08F0123FFF79EBF57
S315080273D84FF0FF33FFF79ABF8068704710B5044627
S315080273E8064B1868E9F7A3F8A188FDF7C9FF18B18B
S315080273F8BDE81040FDF7F6BE10BD00BFC09E0020CE
S3150802740810B50446064B1868E9F791F8A188FDF7FE
S31508027418B7FF18B1BDE81040FDF747BF10BD00BF5A
S31508027428C09E002070B50E46094B044618681546D4
S31508027438E9F77DF8B188FDF7A3FF014628B12A4680
S315080274482046FDF703FF204670BDC4E90000FAE7A7
S31508027458C09E002070B50646084B0C4618681546A5
S31508027468E9F765F8B188FDF78BFF28B12A46214660
S31508027478BDE87040FDF742BF70BD00BFC09E002040
S3150802748838B504460A4D2868E9F751F8A188FDF780
S3150802749877FF044650B18389013383812868E9F75F
S315080274A846F82146BDE83840FDF7D8BF38BD00BFC3
S315080274B8C09E002038B50D464968044629B10B68AE
S315080274C82A689B689847204638BD084B1868E9F722
S315080274D82EF82988FDF754FF014620B120466A8806
S315080274E8FDF7B4FEEFE7C4E90000ECE7C09E00200A
S315080274F870B5044640680D4630B103680A46DB682B
S315080275082168BDE870401847074B1868E9F70FF86D
S315080275182188FDF735FF28B12A466188BDE87040FB
S31508027528FDF7ECBE70BD00BFC09E002043680BB1D4
S315080275380068704740887047002082B0CDE900236A
S3150802754802B070470020704700207047004870470D
S31508027558BCA1040837B504460D4601466846FFF736
S31508027568A9FF9DF8040038B120460099294403B0BA
S31508027578BDE83040FFF7BCBF03B030BD406870476E
S31508027588416001207047000070B50446002305468D
S3150802759844F8041B6360064B0E6943601020FCF727
S315080275A81FFF22463146034BFDF7C0FE284670BD2B
S315080275B8C8A10408A03A040870B500250268D2E9E9
S315080275C8003403EB8404A3421E4601D100200CE0D2
S315080275D8366804338E4209D18368D1689942F5D947
S315080275E8926852F8333053F8250070BD0135EAE738
S315080275F82DE9F3411346CDE900121422534300221A
S315080276089C10C0E900228260002BA2F1333205469B
S31508027618884602FB04F401EB030702DA0E4809F06E
S31508027628A7FB0C2666431CB13046FCF7D9FE04466E
S31508027638C5E900442644AE60474504D128466C602D
S3150802764802B0BDE8F08141462046FFF79DFF08F1E2
S3150802765814080C34F0E700BFD99B030870B5D0E9C3
S3150802766800460D46B44201D1284606E02046294678
S31508027678FFF7A2FF0C340028F4D070BD40687047A3
S3150802768800207047002070470069704770474B68AA
S3150802769810B5934285BFD1E9023404FB02330023AD
S315080276A803608ABF0123C0E90033037110BD10B510
S315080276B80C1A012C134607DD0146224618460AF01B
S315080276C8D4FB0319184610BD04BF027803F8012B28
S315080276D8F8E700002DE9F04F80468A461646054621
S315080276E897B0CDE9021202F1420303442A780AB195
S315080276F8AB4207D144460222A5EB08018A4203DDBA
S315080277082C4610E00135F1E71444234613F8010D17
S315080277187B2804D0E31A891AC3F10302EEE79818FC
S315080277288442F3D1023CA11C89460222681A824283
S3150802773810DC91444B4613F8017D7D2F05D0A9EB41
S315080277480303801AC3F10302F1E79F18B945F2D178
S31508027758A5420FD1013E4644AE4228BF2E4652469E
S3150802776831464046FFF7A3FF0023A6EB08060AF8A8
S31508027778063061E0A9F10207BD42EBD07F1A3F2F16
S31508027788E8D8012F5BDD3A4606A80AF0A3FB07F1FB
S3150802779858030DEB0307002307F8403C1923414F0A
S315080277A8002B51DC404B9F42D4D03B6806A95A1E8F
S315080277B83E3312F801CF08786045CBD118B1934207
S315080277C801F10101F5D1394BBE681868E8F7AFFE31
S315080277D8B988FDF7D5FD0146A8B1002204A8FDF728
S315080277E835FD9DF8143073B1D7E90323049902EBE2
S315080277F8C30743F31C03002B45DCBA4203D01368BC
S31508027808994208BF5668524621464046FFF74FFF37
S315080278183346024606F180001C78194614B101332C
S315080278288342F9D13046FFF742FF294602464846BF
S31508027838FFF73DFF0023037017B0BDE8F08F04BFBA
S31508027848A3788DF81830A2E714215A1051437818EC
S31508027858795801900DF1180C481E3E3110F801EFBF
S315080278689CF800B0DE4509D306D8BEF1000F03D04E
S3150802787881420CF1010CF1D1134691E7019F9B1A3B
S315080278881437013B8CE7581052F830C002EBC00E89
S31508027898614589BF1B1A03460EF1080203F1FF3335
S315080278A8A9E700BFF0A10408E4A30408C09E0020C3
S315080278B837B504460D4614300021FCF7C8FC216981
S315080278C82A460B7E6846C96900F072F89DF80420B4
S315080278D8A18D82F00103002914BF002303F00103D6
S315080278E884F828303AB12046236800991B6903B000
S315080278F8BDE83040184703B030BD838D10B504463D
S3150802790813B1013B838510BD0369DB89002BFAD0C5
S3150802791801211430FCF79BFC6369002BF3D1236819
S315080279282046BDE810405B6918474068FFF7C0BFA4
S3150802793873B5044615460E46FCF71EFB0F4B2A7C02
S31508027948A9682360C4E90365EB8904F11400FEF704
S3150802795893F96B682A7C198804F12400FEF762F900
S31508027968AB89E068A385064B6946CDE90034D5E9B3
S315080279780823FAF7BAF9204602B070BD34A50408F6
S315080279883379020813B50446074B084A0360C368E5
S31508027998CDE900206946D868FAF7E1FD2046FCF7E2
S315080279A8E2FA204602B010BD34A504083379020863
S315080279B838B50D460446114628461A4600F0A2F876
S315080279C829460246204600F026F9204638BD2DE902
S315080279D8F74306460C46154601461A46684600F017
S315080279E81AF99DF8040000284AD07168327840F2DC
S315080279F8D246B142009B4AD041F2E106B1423FD192
S31508027A08C5F14005402AA5EB02053CD00121A2F1A1
S31508027A182006C2F1200701FA06F621FA07F791406D
S31508027A283E43013946F1FF36A5F12002C5F1200E7B
S31508027A3823FA0EFE03FA02F2D4E902C742EA0E0252
S31508027A489CFA8CF882EA0802A5F1200801FA08F8D5
S31508027A58C5F1200EAE4097FA87F921FA0EFEAB4019
S31508027A6846EA080683EA090346EA0E06A9400B40CF
S31508027A7832401BBA12BA8CEA02025F40C4E90227EC
S31508027A8803B0BDE8F0834FF0FF310E46CCE7402A33
S31508027A9834D00121A2F1200CC2F1200601FA0CFC0D
S31508027AA821FA06F691404CEA060C01394CF1FF3CDC
S31508027AB8A5F12002C5F1200E23FA0EFE03FA02F2F8
S31508027AC8A5F1200842EA0E0201FA08F8C5F1200EC5
S31508027AD80CFA05FC21FA0EFEAB404CEA080CD4E96E
S31508027AE802764CEA0E0C7B407240A9400B4002EA29
S31508027AF80C027B407240C4E90232C1E74FF0FF31FB
S31508027B088C46D5E7F0B505784668402D29D0012375
S31508027B18AB405C1E40F2D2439E4225D041F2E103B5
S31508027B289E422FD18E68CB68C2F14001491B36BAEC
S31508027B381BBAC1F12007A1F12002CB4006FA07F7C2
S31508027B483B4326FA02F21343234001216A1E01FA2D
S31508027B5802F2047A82EA0300801A002C08BF184641
S31508027B68F0BD4FF0FF34D5E7C2F12006D1E9023756
S31508027B78A2F12001D34007FA06F6334327FA01F1A0
S31508027B880B43E1E70023E0E7F7B505462B4614461B
S31508027B98CDE9000141F31C0200EBC100002A05DC0D
S31508027BA8834212D153F8040C03B0F0BD511053F8AE
S31508027BB8317003EBC106A742DCBF511A01F1FF3146
S31508027BC80A46D8BF06F10803E8E79D425868EBD08B
S31508027BD853F8045CC117401B61EBE57150EA0102D0
S31508027BE817D053F8086C1A68D317921B63EBE67317
S31508027BF852EA03070DD0E717A41B04FB01F167EB4A
S31508027C08E67700FB0717A4FB0001394409F0F4FBE1
S31508027C1805442846C8E770B50446D1E9053086B052
S31508027C2803EBC00083421D4608D10D69012D0ED803
S31508027C380023C4E90033204606B070BD53F8086B22
S31508027C489642EFD16B68236001232371F3E7CB6869
S31508027C5893E80300CDE90035CDE9020105F100559F
S31508027C68013D03EBC50393E80300029BCDE9040132
S31508027C789342DDDC9042DBDBDDE90001FFF784FF96
S31508027C882060E1E7082382B00831019300916B442A
S31508027C980C3013E9060002B003F084BD4068FFF70A
S31508027CA8F1BF000013B5124B124A0360D0F85831D7
S31508027CB80446CDE900206946D868FAF750FC00223E
S31508027CC8D4F8483104F5A47199420BD1E06918B180
S31508027CD8616A091AFCF790FB2046FCF744F9204624
S31508027CE802B010BD1868C3E900220346ECE700BFD4
S31508027CF854A50408A57C020810B50446FFF7D2FF66
S31508027D0820464FF4B671FCF777FB204610BD10B52E
S31508027D1886B0CDE90012D0F86821044622F06043FD
S31508027D28C2F3807043EA4073C2F3407243EA82732D
S31508027D38029A02F00042134302934FF60873ADF80B
S31508027D480C300023019ACDE90433012A09DD04A877
S31508027D580AF0C0F8D4F8580102A9FAF717F906B0D2
S31508027D6810BD04BF0B788DF81030F3E7406806C9D2
S31508027D78FFF7CDBF70B5044616460D4686B0FCF722
S31508027D88FBF8214B22462360204B2049CDE90234D1
S31508027D980096082304F10C0003F04AFB1C4B1D4A03
S31508027DA8C4F85C31C4E958231B4BC4F85851C4F8C3
S31508027DB868311020FCF714FB04F5AE72174B184904
S31508027DC8FDF7B4FA1020FCF70BFB04F5B272134B55
S31508027DD81449FDF7ABFAD4F86031D4F85801C3F35D
S31508027DE8807223F0604141EA4271C3F340720E4B36
S31508027DF841EA8272CDE9043404A90023F9F775FF2A
S31508027E08204606B070BD00BF54A50408757D020851
S31508027E18C8A10408F9D4FC5803D4FC58A03A0408A3
S31508027E2868A5040864A50408A57C020870B50D4669
S31508027E38164604461020FCF7D3FA33462A46214644
S31508027E48BDE87040FDF772BA70B50C460546144A85
S31508027E58006801F50561FFF7E9FFA86804F65C0101
S31508027E680F4AFFF7E3FF04F664010D4A6868FFF74D
S31508027E78DDFF2E691020FCF7B3FA314604F66C02C8
S31508027E88084BFDF753FAED681020FCF7A9FA2946BC
S31508027E9804F67402034BBDE87040FDF747BA00BF03
S31508027EA8BC390408FC4904081FB5027D00238DF86D
S31508027EB80420FF2204460169CDE90233C361036837
S31508027EC800911B6969468DF8052098476946E06856
S31508027ED8FAF75CF804B010BD816931B1C3690A338F
S31508027EE89942C36101D8FFF7DFBF7047F8B5044660
S31508027EF81D460F461646FCF73FF8054B20462360F3
S31508027F08069BC4E90376A36100232575E361F8BDD8
S31508027F1874A5040810B50446024B0360FCF723F857
S31508027F28204610BD74A50408436833F91100704742
S31508027F388068704710B50446024B0360FCF713F8CD
S31508027F48204610BDA4A5040810B50446FFF7F2FF9B
S31508027F5820462C21FCF750FA204610BD10B50124FC
S31508027F68002386B000940A468DF80C30017C03ABD0
S31508027F78C06804930594F5F700FC80B19DF80C30A7
S31508027F888DF811408DF8103000209DF8103063F3F3
S31508027F9807009DF8113063F30F2006B010BDADF83F
S31508027FA81000F1E710B50224002386B00094ADF854
S31508027FB80C3041F0800203AB017CC0680493059437
S31508027FC8F5F7DBFB88B1BDF80C30ADF810300123A4
S31508027FD88DF812300020BDF8103063F30F00BDF893
S31508027FE8123063F31F4006B010BD0490F2E7F0B5ED
S31508027FF885B001AB02930223039305460F468DF813
S3150802800804108DF80520017C1646DDE90223C068AE
S31508028018F5F7DBFA394604462846FFF79FFFADF817
S3150802802808003CB19DF8094024B19DF80840A31BF5
S315080280385C425C41204605B0F0BD37B5457C04462E
S3150802804875BB0F2145828582C582FFF787FF10F423
S315080280587F4FADF8040023D09DF80430332B1FD187
S31508028068C0221F212046FFF7C2FFC8B16722202176
S315080280782046FFF7BCFF98B12A4621212046FFF77A
S31508028088B6FF68B12A4622212046FFF7B0FF38B163
S3150802809888222321204603B0BDE83040FFF7A7BF50
S315080280A8284603B030BD30B5272185B00446FFF708
S315080280B855FF10F47F4FADF80000C0F3072503D12A
S315080280C80025284605B030BD9DF800301B07F8D5AF
S315080280D828212046FFF766FF2A2101902046FFF746
S315080280E861FF2C2102902046FFF75CFF9DF80630B7
S315080280F80390002BE4D09DF80A30002BE0D09DF8B7
S315080281080E30002BDCD043F64A514FF47A32BDF9C9
S3150802811804304B4393FBF2F36382BDF908304B43B1
S3150802812893FBF2F3A382BDF90C304B4393FBF2F3AC
S31508028138E382C6E737B507210546FFF70FFF10F4AE
S315080281487F4FADF80000C0F3072403D10024204668
S3150802815803B030BD9DF800305B07F8D50C212846D8
S31508028168FFF720FF10F47F0F0190EFD00A23BDF91D
S315080281780420534348BFFF331B12FA332B85E6E71D
S3150802818870B50446032500262046FFF756FF50B168
S315080281982046FFF788FF30B12046FFF7CBFF10B11C
S315080281A80123637470BD013D6674EDD1FAE70000D8
S315080281B870B5154604460E46FBF7DEFE0C4B002D37
S315080281C823600CBF302332230A492374002304F19F
S315080281D81202C4E9061203226374C4F81230E3824F
S315080281E8A362054B2046E6602262636270BD00BF41
S315080281F8A4A5040890A50408A0370408D0F8F830FE
S3150802820833B10368D3F8E40DB0FA80F04009704731
S3150802821818467047036802695B6803EB5203B3FBA7
S31508028228F2F0704711B901610120704703685B686B
S31508028238B1EB430F05D803EB5103B3FBF1F3036123
S31508028248F2E700207047036842695B6803EB52034A
S31508028258B3FBF2F0704721B94161C0F8A4100120B6
S31508028268704703685B68B1EB430F0DD803EB5103FC
S31508028278B3FBF1F3028B436153434FF47A72B3FBB0
S31508028288F2F3C0F8A430EAE70020704790F83830CD
S31508028298032B0BD1B1F57A7F08D8B0F8AC308B42EC
S315080282A828BF0B46A0F8AE30012070470020704759
S315080282B8B1F57A7F28BF4FF47A7143690183594326
S315080282C84FF47A73B1FBF3F1C0F8A4100120704792
S315080282D800797047002070470079704701710120BC
S315080282E870474068FFF7AFBF4068FFF787BF406827
S315080282F8FFF7B1BF4068FFF7C9BF4068FFF78ABFF3
S315080283084368188B70474068FFF78CBF4068FFF7C9
S31508028318CFBF90F83800012818BF04280CBF0120DF
S315080283280020704702680A4902F12C03C31A1B1176
S315080283384B434FF47A7123F003031A441269520025
S31508028348A2F11E034B43B3FBF2F3A0F8AC30704715
S31508028358F1F0F0F0036810B50A221C6842F20F73AE
S3150802836842F2107102FB0432B2FBF1F2C0F8CC20D9
S31508028378642202FB0433B3FBF1F3C0F8DC30C0F81D
S31508028388EC30C0F8FC3010BD4068F8F7C1BE40684A
S31508028398F8F7B8BE037B10B50BB1C1F57A71036855
S315080283A8826803F12C04001B064C0011604320F076
S315080283B8030003441B6959434FF47A73B1FBF3F17B
S315080283C8116010BDF1F0F0F002680B4902F12C03B6
S315080283D8C31A1B114B4323F003031A441369017B7F
S315080283E88268106801B1181A4FF47A725043B0FBC2
S315080283F8F3F080B2704700BFF1F0F0F04068FFF77B
S31508028408E3BF0023C0E92C33C0E92E33C0E9303371
S31508028418012380F8A930704738B500250446C0E913
S315080284284255FFF7EEFF2946D830FBF70AFF2946D9
S3150802843804F1E800BDE83840FBF703BFD0F8B430CA
S3150802844810B58B422FDDC91A90F83830052B18BF9C
S31508028458022B0CBF012300230029D4BF00240124C0
S31508028468B3EBD17F0CBF01FB01F200229C426FF4E9
S315080284781C74224414BF00214943002AD0F8C0308C
S3150802848817DA134423EAE373C0F8C0306FF41C738F
S3150802849819440029D0F8C43013DA0B4423EAE373E3
S315080284A8C0F8C43010BDD0F8B8308B42CBDB0021F7
S315080284B8CAE76FF00044E41A9442D4BF1B199B1802
S315080284C8E2E76FF00042D21A8A42D4BF9B185B18B9
S315080284D8E6E740F27121D0E930321A440368DB69CB
S315080284E84B439A42D4BF002001207047426922B9F9
S315080284F8C0F80C2180F8A8207047D0F80C3101334F
S315080285089A4298BF0023D0F8A4209ABF80F8A830C8
S31508028518C0F80C31C0F80C319A429CBF012380F886
S31508028528A8307047F8B5D0F8084105690134AC4255
S3150802853828BF002490F8A83006460F46C0F8084116
S315080285489BBBFFF7E6FEB6F968301A4600B15A42EF
S315080285584DB3002BB8BF5B421FFA83FC336D4FF449
S315080285687A7103FB0CF3B3FBF7F36B43B3FBF1F333
S31508028578691E8B42A8BF0B46B6F948106145A8BFC3
S31508028588614600B14942A342DBBFE41AED1AC3EBBE
S315080285984404A5EB4404CBBF4C434C4394FBF3F485
S315080285A894FBF5F422441046F8BD0022FBE70000C6
S315080285B891F8A83070B51BB100230360436070BDFB
S315080285C891F838600C6D022EB1F8AC304FEA4405C2
S315080285D812D0052E10D00E49A3F57A735143534388
S315080285E84FF47A7293FBF2F391FBF5F1534364085D
S315080285F893FBF4F30160E1E75A434FF47A7392FB6B
S31508028608F3F25A43002192FBF5F201604260D6E77B
S3150802861818FCFFFFF7B50F46036804460146684685
S315080286281D6AFFF7C5FFD4E92D02019B3946BB42ED
S31508028638A8BF3B461E46009B9F4243F6FF77B8BF34
S315080286481946331A002BB8BF5B4205FB0373002B86
S31508028658B8BFDB1900EBA330B042D4BFC4F8B400E4
S31508028668C4F8B46043F6FF708B1A002BB8BF5B4296
S3150802867805FB0303002BB8BF1B18A2EBA3328A42D9
S31508028688ACBFC4F8B820C4F8B81003B0F0BD2DE9D9
S31508028698F04F1646044685B08A463146FFF726FF46
S315080286A8FFF740FF23680546D3E900720A23B2FB9F
S315080286B8F3F92046FFF72DFE41F28831236A226B29
S315080286C803FB09F302FB09F293FBF1F392FBF1F1BF
S315080286D8021E029214BF324600224FF47A700192A1
S315080286E8226D94F8A8B06A4392FBF0F20198D4F87E
S315080286F828C002440392D4F8BC20A5EB0A005143C9
S3150802870800FB03F348BFFF3103EB2123AAEB050855
S31508028718D4F8B010C4F8BC30BBF1000F40F086801C
S315080287284FF00A0EB7FBFEF74F45A8BF4F460CFB9C
S3150802873807F741F2883C40F6B83297FBFCF702FB8A
S3150802874809F200FB07175042874203DBBA42A8BF61
S315080287583A461046C4F8B000039F90FBF9F01F4446
S315080287684FF47A7307445F4397FBF6F79F425FDD38
S315080287784FEAD87394F8A920002A61D1002B5FD151
S315080287889846B4F8AC3094F8AA904BEA080B8BF0E2
S31508028798010BB9F1000F18BFD9469F42A8BF1F4659
S315080287A84946204627EAE777FFF7F1FD2046B9B298
S315080287B8FFF7F0FD94F8AA303BB151462046FFF779
S315080287C83DFE32462946FFF725FFB9F1000F27D0A5
S315080287D8236D7E4303FB05F14FF47A7396FBF3F692
S315080287E891FBF3F8019B04F1D800F61A4FF4FA63E1
S315080287F891FBF3F1029B002B36D001F5FA718E42F2
S31508028808D4BF00210121A8F1FA08FBF720FDB6EB2F
S31508028818480FB4BF0121002104F1E800FBF717FD50
S31508028828012384F8AA3005B0BDE8F08F084693E715
S31508028838B8F1000FD4BF0023012303EAD77399E7D7
S31508028848C4F8B01084F8A930002B99D02046FFF74F
S3150802885860FD10B14FEAD87893E78045D4BF4FF048
S3150802886800084FF001088CE7A1F5FA718E42ACBFF1
S315080288780021012108F1FA08FBF7E9FCB6EB480FD3
S31508028888CCBF01210021C7E72DE9F0479046FFF73B
S315080288982DFEB0F9686005460C461EB190F8A86028
S315080288A886F001062846FFF734FD95F8AA70814630
S315080288B81FB195F8A87087F001074E450CBF4FF00F
S315080288C8000AB5F8ACA039462846FFF760FD2846DF
S315080288D85146FFF75FFD2846FFF793FD67B34E45F6
S315080288E814BF41460021B9F1000F08BF4FF000082E
S315080288F84FF47A73A1EB080103FB01F12B6D05F11D
S31508028908D80091FBF3F101EBD1764FEA66064FEAF6
S31508028918410105F1E80714D03239A142D4BF002132
S315080289280121FBF794FC06F13201A142ACBF0021F2
S3150802893801213846FBF78BFC012385F8AA30BDE8E6
S31508028948F0873231A142ACBF00210121FBF77FFC37
S31508028958A6F13201A142D4BF00210121E9E70000AC
S31508028968F0B585B0FFF7C2FD036804465F68FFF7EE
S315080289782BFD06462046FFF707FDB4F8AE5088B128
S3150802898813480195B0FBF7F0331AAB42C8BF1D4628
S3150802899830440293CCBF02AB01ABA8420390B8BFDE
S315080289A803AB1D6894F8AA1019B194F8A81081F0B7
S315080289B801012046FFF7EBFC2046A9B2FFF7EAFCBD
S315080289C82046FFF729FD012384F8AA3005B0F0BD31
S315080289D840420F00F8B540F6C415A1F500614D43AB
S315080289E848BF05F2FF7504461646ED12FFF791FCD5
S315080289F800283BD06B42A4F8803041F2941305F65E
S31508028A08CA01994204F1C80794BF002101213846D0
S31508028A18FBF71DFC1EB901213846FBF712FC94F830
S31508028A2860602EBB00212046FFF7B1FC002384F8BC
S31508028A38AA3094F83830032B00F086804FF4FA717E
S31508028A482046FFF7A7FC2046FFF7E6FC002DB8BF2D
S31508028A586D42182D77DCD4F8C830002B73D004F190
S31508028A68F8000121BDE8F840FBF7F1BB2B46C2E73F
S31508028A78D4F8F820002AD5D194F83830591E012995
S31508028A880AD9191F012945D8236829462046B3F960
S31508028A98C82DFFF7F9FE06E0236829462046B3F9EA
S31508028AA8C82DFFF7F4FD2046FFF713FD50B1D4E9A8
S31508028AB830320A2192FBF1F0834236DA062300267F
S31508028AC884F89030D4F8C8301BB903221E4684F8B5
S31508028AD89020D4F8D8301BB901221E4684F8902073
S31508028AE8D4F8E83043BB022384F89030002104F115
S31508028AF8F800FBF7A6FB94F83830032B0CBFB4F83A
S31508028B08AE30B4F96830C4F89830B4F88030A4F8AE
S31508028B18A03013E0032B03D12046FFF721FFC2E753
S31508028B280723164684F89030BDE793FBF1F3934280
S31508028B38CCBF05230423C2E7002ED7D0D4F8F830D1
S31508028B48002B7FF46FAFF8BDB4F8AE1078E70000D3
S31508028B5838B583609DF81030C0E9001203734FF4E4
S31508028B687A7318210383394B0025C0E9081340F69E
S31508028B78B831C361C0E90A1340230363344B354944
S31508028B884363354BC164C0E90F30344B3449C0E9F5
S31508028B9819354364334BC0E91510C0E91B3032490D
S31508028BA8324BC0E904558563856405650566C16562
S31508028BB8C0E91D302E4B0446C0E92735C3674FF472
S31508028BC880732C49A0F8A830C0E921102A492B4BF2
S31508028BD8C0F88C102A49C0E92B35C0F8941000F160
S31508028BE8C801284BC0E9351500F1D801C0E939157D
S31508028BF800F1E801C0E93753C0E93B53C0E92D55EE
S31508028C08C0E92F55C0E93155C0F88050C0F89050D0
S31508028C18C0F89850C0F8A45080F8AA50C0F8CC50AA
S31508028C28C0F8D030C0E93D15C0E93F5300F1F80352
S31508028C38C0E94135C0F80C511046F8F7A5F960683D
S31508028C482946F8F75FFA204638BD00BFC436040835
S31508028C58BCA50408C8A10408CCA50408F038040869
S31508028C68DCA50408ECA50408C8370408FCA504080A
S31508028C78A03704080CA604081CA60408DE03F40197
S31508028C88BC7004085C3804083C3070474C3070479E
S31508028C98543070470B6808469B6818470B6808469D
S31508028CA89B68184780687047002070478068704735
S31508028CB800207047806870478068704780687047E8
S31508028CC88068704780687047806870478068704710
S31508028CD88068704780687047806870478068704700
S31508028CE88068704773B51E460B6808469B68154622
S31508028CF80C469847A8420FD933680DF10701304642
S31508028D089B6898472946204623689DF807205B688A
S31508028D1802B0BDE870401847002002B070BD70B5B1
S31508028D281D460B6808469B6816460C469847B04285
S31508028D380BD9236831461B68204698472B68014693
S31508028D489B6828469847012070BD0020FCE773B542
S31508028D581E460B6808469B6815460C469847A8425D
S31508028D680FD933680DF1070130469B68984729469B
S31508028D78204623689DF807205B6802B0BDE8704064
S31508028D881847002002B070BD70B51D460B68084624
S31508028D989B6816460C469847B0420BD92368314653
S31508028DA81B68204698472B6801469B6828469847B9
S31508028DB8012070BD0020FCE770B50D46164604462C
S31508028DC81020FBF70DFB33462A462146BDE87040BC
S31508028DD8FCF7ACBA70B50D46164604461020FBF7E2
S31508028DE8FFFA33462A462146BDE87040FCF79EBA82
S31508028DF84FF48873406803FB0100D0F89430943026
S31508028E081B6818474FF48873406803FB0100D0F8BB
S31508028E188C308C301B6818474FF48873406803FBFC
S31508028E280100D0F8843084301B6818474FF48873D9
S31508028E38406803FB0100D0F89C309C301B68184731
S31508028E484FF48873406803FB0100C36F7C301B68C4
S31508028E5818474FF48873406803FB0100C36D5C30FA
S31508028E681B6818474FF48873406803FB0100436B75
S31508028E7834301B6818474FF48873406803FB0100AF
S31508028E88C36D11465B685C3018474FF488734068AF
S31508028E9803FB0100436B11465B68343018474FF4ED
S31508028EA88873406803FB0100436F11465B68743098
S31508028EB818474FF48873406803FB0100436F743000
S31508028EC81B6818474FF48873406803FB0100C36E92
S31508028ED811465B686C3018474FF48873406803FB81
S31508028EE80100C36E6C301B6818474FF488734068D4
S31508028EF803FB0100436E11465B68643018474FF45A
S31508028F088873406803FB0100436E64301B68184780
S31508028F184FF48873406803FB0100436C11465B688B
S31508028F28443018474FF48873406803FB0100436CC2
S31508028F3844301B6818470000544B2C3110B5C0E959
S31508028F4800310C230446524A8360C0E90321514A78
S31508028F584361C0E90621504A0362C0E909214F4A1A
S31508028F68C362C0E90C214E4A8363C0E90F214D4A00
S31508028F784364C0E912214C4A0365C0E915214B4AE4
S31508028F88C365C0E918214A4A8366C0E91B21494ACA
S31508028F984367C0E91E21484AC0F88030C0E9212142
S31508028FA8464AC0F88C30C0E92421454AC0F89830A8
S31508028FB8C0E92721C0F8A4301020FBF711FA414B63
S31508028FC822464149FCF7B2F904F10C013F4A4048E6
S31508028FD8FFF700FF04F118013E4A3F48FFF7ECFE87
S31508028FE804F12401394A3D48FFF7F4FE04F1300139
S31508028FF8364A3B48FFF7EEFE1020FBF7F1F9394BE4
S3150802900804F13C023849FCF791F904F14801314A5E
S315080290183648FFF7D1FE1020FBF7E2F904F15402AD
S31508029028334B3449FCF782F91020FBF7D9F9304B50
S3150802903804F160023049FCF779F904F16C01254A12
S315080290482E48FFF7B9FE1020FBF7CAF904F1780291
S31508029058244B2B49FCF76AF91020FBF7C1F904F1EE
S315080290688402284B2849FCF761F91020FBF7B8F95E
S31508029078264B04F190022649FCF758F9154A254861
S3150802908804F19C01FFF798FE204610BD2CA6040899
S3150802909840A6040854A6040868A604087CA6040878
S315080290A890A60408A4A60408B8A60408CCA6040828
S315080290B8E0A60408F4A6040808A704081CA70408D6
S315080290C830A7040868A704086CA70408CC9E0408F5
S315080290D8A0A70408B43904089CA7040898A7040892
S315080290E894A704081C7104088CA7040888A704080E
S315080290F8B839040890A7040870A7040884A70408BE
S3150802910880A7040864A704087CA70408D0480408AA
S3150802911878A7040874A704087047D0E9003201EB57
S315080291286200184713B50A4B1446009300234FF4F6
S31508029138887201934368684602FB0131FFF7EDFF1F
S31508029148214603685B6802B0BDE81040184700BFAD
S31508029158998C020813B50A4B1446009300234FF458
S31508029168887201934368684602FB0131FFF7D5FF07
S31508029178214603685B6802B0BDE81040184700BF7D
S31508029188958C020813B50A4B1446009300234FF42C
S31508029198887201934368684602FB0131FFF7BDFFEF
S315080291A8214603685B6802B0BDE81040184700BF4D
S315080291B8918C020807B5094B4FF48872009300236D
S315080291C801934368684602FB0131FFF7A6FF036865
S315080291D81B6803B05DF804EB184700BF998C0208B0
S315080291E807B5094B4FF48872009300230193436825
S315080291F8684602FB0131FFF790FF03681B6803B054
S315080292085DF804EB184700BF958C020807B5094BA9
S315080292184FF488720093002301934368684602FB59
S315080292280131FFF77AFF03681B6803B05DF804EBA0
S31508029238184700BF918C020808B5034602690175EA
S3150802924802F17400526FDB68526819B1D98C9047DB
S31508029258012008BD998CFAE710B50446024B03604B
S31508029268FAF781FE204610BDBCA7040810B50446C5
S31508029278FFF7F2FF20462021FBF7BEF8204610BD6D
S315080292884068FFF7D9BF4368187D704770B504462A
S3150802929815460E46FAF770FE094B314623602846EC
S315080292A8E56000F0ADF900232375064B2061C4E991
S315080292B80634C36D01215B685C309847204670BD49
S315080292C8BCA70408ACA7040808B5034602690175D1
S315080292D802F16400526EDB68526821B1B3F92610AE
S315080292E89047012008BDB3F92410F9E710B50446DA
S315080292F8024B0360FAF737FE204610BDE4A70408B6
S3150802930810B50446FFF7F2FF20462021FBF774F84A
S31508029318204610BD4368187D7047000070B504469C
S3150802932815460E46FAF728FE094B314623602846A3
S31508029338E56000F065F900232375064B2061C4E948
S315080293480634C36D01215B685C309847204670BDB8
S31508029358E4A70408D4A70408C268B2F92C30B2F9FB
S315080293682E208B42B8BF0B469342A8BF13460387E3
S31508029378CB1A58425841704710B50446094B002182
S3150802938803600069C36D5C305B689847606918B109
S31508029398E169091AFBF730F82046FAF7E4FD204690
S315080293A810BD00BF34A8040810B50446FFF7E4FF49
S315080293B820464421FBF720F8204610BD038A93422B
S315080293C808D8438A934205D30368012003EB81032D
S315080293D85A8070470020704708B54068FFF7EEFFC5
S315080293E808BDB0F90C3010B5934217DCB0F90E3047
S315080293F8934213DB046804EB810324F821204168AD
S3150802940804330431994201D1012010BD33F9040C01
S3150802941804339042B8BF23F8082CF3E70020F4E790
S3150802942808B54068FFF7DDFF08BD4368B3F9380099
S315080294387047436858681B68C01A801070474368A3
S3150802944858681B68C01A8010704743681B6803EB84
S3150802945881035888704743681B6833F921007047A7
S3150802946813B54269836900929B1A9B100193B0F956
S3150802947838200446DDE90001EBF7EAFC01462069D3
S31508029488C26E6C30526802B0BDE810401047FFF74A
S31508029498E7BF00002DE9F04F4D8885B001930E9B72
S315080294A8C5F309050E46DDE90F71B3F800B0B3F83E
S315080294B802A00446B2F90090B2F90280AB00002D68
S315080294C851D0184603910293FAF78AFFDDE9023169
S315080294D884464FF0000E03442060A360002D44D151
S315080294E863601B1A9B108B4228BF0B46224AA4F8B4
S315080294F80C90C4E90524214AA4F80E80C4E9072475
S31508029508A4F810B0A4F812A07BB143F31D03821C79
S3150802951807F1020C37F8251020F825103CF8251013
S3150802952822F825100135AB42F4D11020FAF758FF74
S315080295380546314604F11402114BFBF7F7FE284695
S31508029548FBF756FE1020FAF74BFF05460D4B019915
S3150802955804F11C02FBF7EAFE2846FBF749FE2046F9
S3150802956805B0BDE8F08F2846B2E72CF804EB2CF8CC
S3150802957802EC013DB2E700BFFCA7040810A80408DC
S31508029588B4390408B839040870B5044615460E46AF
S3150802959886B0FAF7F1FC184B314623602846E5608F
S315080295A800F02EF8AB6B20610493EB6B05F12C02E5
S315080295B80593DDE90401CDE9010105F134030093B8
S315080295C82B6BA96A04F11400FFF764FFD4E9032098
S315080295D800232387094BB2F92410C4E90F34436ED2
S315080295E864305B68984720690121C36D5C305B6803
S315080295F89847204606B070BD34A8040824A804086B
S315080296082DE9F04705460846E6F78EFF4FF48874B3
S31508029618074695F800A000F66C1604FB0AF407EB51
S315080296280408D8F8A03904F134005B68697830442C
S315080296389847D8F8A83904F13C005B68E9683044C9
S315080296489847D8F8B03904F144005B68B5F91010A0
S3150802965830449847D8F8B83904F14C005B68A968C9
S3150802966830449847D8F8C03904F154005B686969E8
S3150802967830449847AB7906EB040933B104F18402FE
S31508029688297968883244FCF769F9AB7E63B14FF4E5
S31508029698887303FB0A73D3F8883904F11C005B68DC
S315080296A8B5F9181030449847AB7F63B14FF48873FD
S315080296B803FB0A73D3F8903904F124005B68B5F9F9
S315080296C81C103044984795F8223063B14FF48873D2
S315080296D803FB0A77D7F8983904F12C005B68B5F9C1
S315080296E82010304498474846BDE8F08710B5044626
S315080296F8024B0360FAF737FC204610BD4CA804084B
S3150802970810B50446FFF7F2FF20463C21FAF774FE25
S31508029718204610BD10B50446406903681B68984779
S31508029728A08310BD10B50446FFF7F4FFE3680248A4
S315080297385B68C4E9093310BD7D970208C368DA680D
S315080297481B8AC0E90922838300487047B997020829
S31508029758426A08B503462AB9C26A1AB9BDE8084070
S31508029768FFF7ECBF1846FFF7D5FF014808BD00BF4B
S315080297787D970208FFF7ECBFC3685A691B8BC0E9D5
S315080297880922838300487047E1970208C26A08B526
S315080297981AB1FFF7BFFF044808BD436A13B9FFF7B2
S315080297A8EBFFF9E70148F7E77D970208B997020838
S315080297B8FFF7ECBFC26A08B51AB1FFF7ABFF044850
S315080297C808BD436A13B9FFF7ADFFF9E70148F7E79A
S315080297D87D970208E1970208FFF7ECBF10B5044621
S315080297E80069D0F8C83100F5E4701B68984750B983
S315080297F8002104F12C00FAF72AFD04F12400BDE839
S315080298081040FAF7BCBD2069436F74301B68984745
S315080298180128EDD8236993F8FC1081F00101E8E7DD
S3150802982810B50446FFF7DAFF2046236A98472062EE
S3150802983810BD0000F8B504460D4617461E46FAF747
S315080298489BFB0D4B204623600023E3610B4BC4E9BF
S315080298580357A3610A4B666123622B68C4E9093375
S31508029868AB68C4E90B33074B636304F12C03A363A0
S31508029878FFF750FF2046F8BD4CA80408F03804083C
S315080298887D9702085C38040810B50446024B036043
S31508029898FAF769FB204610BD64A8040810B5044601
S315080298A8FFF7F2FF20461021FAF7A6FD204610BD5B
S315080298B870B5044615460E46FAF75EFB064B314660
S315080298C823602846FFF79CFEC36DE06001215B68AA
S315080298D85C309847204670BD64A804081B4B70B5CF
S315080298E805461868E6F720FED0F8383100F59C7068
S315080298F81B6898470646E868436E64301B689847AB
S315080299080446E868C36C4C301B68984700FB04F3A6
S31508029918B3FBF6F3B3F57A7FA8BF4FF47A734FF41D
S315080299287A7423EAE37303FB03F2B2FBF4F2991A95
S315080299382B698900594391FBF4F1E86809B2436C2B
S31508029948BDE870405B684430184700BFC09E0020D7
S3150802995810B50446024B0360FAF705FB204610BD0C
S315080299687CA8040810B50446FFF7F2FF204614211E
S31508029978FAF742FD204610BD70B504460E4615464E
S31508029988FAF7FAFA024B2046C4E90365236070BD62
S315080299987CA8040838B51D4600230446C0E9001207
S315080299A803721046F7F7F0FA60680121F7F7AAFB7F
S315080299B820684FF4E131F7F7F9FF29462068F8F7E6
S315080299C81FF820682946F8F713F8204638BDF0B577
S315080299D81E460446006885B0CDE90123D0E905325A
S315080299E8D21A036AC7690391DB1B48BF9B18511E23
S315080299F8CB1A321D9A4203D90123237205B0F0BD48
S31508029A089DF80C10F7F730FF2068F1B2F7F72CFF2C
S31508029A189DF80E102068F7F727FF9DF80F102068A3
S31508029A28F7F722FFDDE90112206805B0BDE8F04024
S31508029A38F7F797BF2DE9F041054686B008680E463E
S31508029A481746CDE90023F7F781FF0328804606D88B
S31508029A5800232B6028462B7106B0BDE8F081002347
S31508029A680424039303AB049305943068DDE90412CE
S31508029A78F7F749FF9DF80D3023444345E8D830687F
S31508029A88F7F711FF013CFAD19DF80D40019B3068A2
S31508029A989C4228BF1C46CDE90474DDE90412F7F78F
S31508029AA814FF9DF80D30A34203D8039801232860B2
S31508029AB8D0E73068F7F7F7FE0134F2E70068F7F7F8
S31508029AC83FBF0000004870471DA602081FB5094B8C
S31508029AD804461968084B0C30029302230393DDE9FE
S31508029AE80223FFF774FF0A230448C4E9143304B0AF
S31508029AF810BD00BF80A90408FFA804080DA2020821
S31508029B081FB5094B04465968084B0C3002930223C1
S31508029B180393DDE90223FFF75AFF0A230448C4E937
S31508029B28143304B010BD00BF80A90408F9A80408B4
S31508029B383DA202081FB5094B04469968084B0C3022
S31508029B48029305230393DDE90223FFF740FF0A235D
S31508029B580448C4E9143304B010BD00BF80A9040838
S31508029B68ECA80408A9A202081FB54FF40173ADF8B8
S31508029B780030094BCDF808D0D96802230393044666
S31508029B88DDE902230C30FFF722FF0A230348C4E95A
S31508029B98143304B010BD00BF80A9040881A30208C3
S31508029BA81FB590F82430CDF808D0B3FA83F35B09C9
S31508029BB88DF80030074B0446196901230393DDE93A
S31508029BC802230C30FFF703FF0A230348C4E91433B8
S31508029BD804B010BD80A904086DA2020803461046FF
S31508029BE8CA1A012A02DD194608F03FB904BF1B78CA
S31508029BF80370704730B58FB0054601A8F4F7B4F874
S31508029C08029C1D221D2C4FF0000106A828BF1D2400
S31508029C1808F044F901238DF81430092301988DF8C0
S31508029C281730A31C01198DF8153006AA631C8DF87E
S31508029C381630FFF7D3FF094B0434596905AB03936A
S31508029C4805F10C002346039A0494FFF7C0FE0A237B
S31508029C580348C5E914330FB030BD00BF80A904080C
S31508029C6851A30208F0B58FB0054601A8F4F77CF8A7
S31508029C78029F05AE082F4FF021024FF00001304629
S31508029C883C4628BF082408F009F94FF48173ADF851
S31508029C981630224B082F069303F1F55303F5DE1304
S31508029CA803F6C453079303F10B5303F53B2303F552
S31508029CB8FF73089303F15543A3F55513A3F67E13C9
S31508029CC809934FF67A43ADF828304FF0E7038DF833
S31508029CD82A3004F117038DF8153004F101038DF8BB
S31508029CE82B308CBF0823092301980DF12D0201197F
S31508029CF88DF82C30FFF772FF094B1934596905F1AB
S31508029D080C002346324603960494FFF760FE0A239C
S31508029D180448C5E914330FB0F0BD00BF0611076C35
S31508029D2880A9040821A302080021F7F7EBB9000065
S31508029D3838B5084B04460360806D20B92046FAF701
S31508029D4812F9204638BD05680C21FAF755FB28464C
S31508029D58F3E700BFB4A8040810B50446FFF7E8FFFE
S31508029D6820467021FAF748FB204610BD042208B59A
S31508029D7808F06BF8B0FA80F0400908BD02780B784B
S31508029D889A420DD142784B789A4209D382788B78CF
S31508029D989A4205D1C078CB78C31A584258417047B7
S31508029DA8002070470F22064B013A02D14FF6FF7080
S31508029DB870471968884201D1988870470833F3E7CB
S31508029DC810A9040843689869FFF7ECBF4368D8697D
S31508029DD8FFF7E8BF38B504460C200D46FAF700FB2C
S31508029DE8034695E80300A26DC3E901011A60A36553
S31508029DF838BD00002DE9F04390F84A308DB0044684
S31508029E08CDE900127BB3142A154628BF14259046B5
S31508029E1805F1040905AE0F464A460021304608F000
S31508029E283DF894F84930B8F1010F8DF81430B4F8B2
S31508029E384E30CDF82C908DF815304FEA13238DF84D
S31508029E4816308DF8175011D92A46394606A808F049
S31508029E5841F8094B324699690B9B04F10C000396A3
S31508029E680493FFF7B4FD0DB0BDE8F08304BF3B7851
S31508029E788DF81830EDE700BF80A9040810B5044626
S31508029E8821B18369C361012380F834302069FFF759
S31508029E984BFF4FF496730248C4E9143310BD00BF4A
S31508029EA8C19F020810B504465030FAF768FA04F159
S31508029EB85C00FAF764FA04F16400FAF760FAA3692F
S31508029EC820469847237DA06133B100230121204605
S31508029ED82375FFF7D3FFA06110BD000070B590F88F
S31508029EE848300546022B94B005D0012114B0BDE8C6
S31508029EF87040FFF7C3BF01A8F3F736FFDDE901642F
S31508029F08372C28BF37243A2200210DF1160007F00C
S31508029F18C5FFB5F84C30311930460DF11902ADF8BE
S31508029F2814308DF81840FFF759FE094B0534D969DC
S31508029F3805AB039305F10C002346039A0494FFF72D
S31508029F4846FD0A230348C5E9143314B070BD00BF99
S31508029F5880A90408D9A202081FB5094B0446196A3A
S31508029F68084B0C30029301230393DDE90223FFF71A
S31508029F782EFD64230448C4E9143304B010BD00BF97
S31508029F8880A904080DA904082DA0020810B50446DC
S31508029F9801210069F7F7B6F8236D43B904F10C00F5
S31508029FA8FFF78CFD2046BDE81040FFF7D5BF0148EC
S31508029FB810BD00BFC19F0208FFF7E8BF7FB500249E
S31508029FC805462646CDE902666846DDE9022305F115
S31508029FD80C01FFF72FFD9DF8043043B1009B0E498B
S31508029FE802A80293FFF7CAFE0443E4B2EAE73CB1C1
S31508029FF895F84A200AB185F84A30084804B070BD6F
S3150802A0082B6D33B90121284604B0BDE87040FFF725
S3150802A01835BF0348F2E700BF09A904087DA002086C
S3150802A0282DA00208FFF7CABF1FB5084B0446596A8E
S3150802A0380023CDE902330C30DDE90223FFF7C7FC1A
S3150802A0480A230348C4E9143304B010BD80A90408D6
S3150802A058DDA1020890F82420012A06D890F82C30A7
S3150802A0680BB1FFF7E1BFFFF731BD0148704700BFE3
S3150802A0787DA00208FFF7EEBF10B5036E86B0C3656A
S3150802A088836E0C3083650023CDF80E3080F82830AD
S3150802A098CDF8113006238DF80D300C238DF80F30C4
S3150802A0A8C8238DF8133090F83D308DF80C30064BDE
S3150802A0B8996A03AB01930923019A0293FFF787FC6E
S3150802A0C8024806B010BD00BF80A904086DA8020898
S3150802A0D82DE9F04304460F4697B01F9ECDE90023A3
S3150802A0E80DF11C0806F102094B46424604F10C0119
S3150802A0F803A8CDE90589FFF79DFC9DF81030002BCA
S3150802A1083ED09DF80C30202BEED19DF80D50012D2E
S3150802A118EAD99DF80E20BB789A42E5D19DF80F2018
S3150802A128FB789A42E0D19DF81C309DF81D2013430E
S3150802A138DBB2CBB9023D56B1AE42324628BF2A46F1
S3150802A148012A1E9817D90DF11E0107F0C3FEDDE98B
S3150802A158003284F84850511004EB6200D20744BF13
S3150802A1686258D358984703E001212046FFF786FE2E
S3150802A17817B0BDE8F08304BF9DF81E300370E6E702
S3150802A188236D33B90121204617B0BDE8F043FFF71E
S3150802A19875BEA069ECE7000030B500240A4B87B003
S3150802A1A804930594DDE90423CDE90244CDE9004484
S3150802A1B806490546FFF78CFF054B984208BF85F8FE
S3150802A1C82C4007B030BD00BFD59A020805A9040875
S3150802A1D80DA20208FFF7E0BF10B5084B86B0049334
S3150802A1E800230593CDE90233CDE90033DDE90423DB
S3150802A1F80349FFF76DFF06B010BD00BF099B0208A9
S3150802A20801A90408FFF7E8BF10B5084B86B00493FE
S3150802A21800230593CDE90233CDE90033DDE90423AA
S3150802A2280349FFF755FF06B010BD00BFA99B0208F0
S3150802A238FBA80408FFF7E8BF10B5084B86B00493D5
S3150802A24800230593CDE90233CDE90033DDE904237A
S3150802A2580349FFF73DFF06B010BD00BF3D9B020844
S3150802A268F5A80408FFF7E8BF10B500F14C0386B055
S3150802A278029302230393084B0446049300230221FC
S3150802A288029805938DE80300DDE90423204603496D
S3150802A298FFF71EFF06B010BDE59E0208F1A80408DE
S3150802A2A8FFF7E2BF10B5084B86B00493002305935F
S3150802A2B8CDE90233CDE90033DDE904230349FFF783
S3150802A2C807FF06B010BD00BF6D9C0208E8A804087F
S3150802A2D8FFF7E8BF10B586B0044604A8F3F744FDAD
S3150802A2E805990A4A0A4B2046082988BF1346049341
S3150802A2F800230593CDE90233CDE90033DDE90423CA
S3150802A3080449FFF7E5FE06B010BD00BFFD9B02082B
S3150802A318719B0208E4A80408FFF7DCBF10B5084BCE
S3150802A32886B0049300230593CDE90233CDE90033B9
S3150802A338DDE904230349FFF7CBFE06B010BD00BFCB
S3150802A348719B0208E4A80408FFF7E8BF10B5084B92
S3150802A35886B0049300230593CDE90233CDE9003389
S3150802A368DDE904230349FFF7B3FE06B010BD00BFB3
S3150802A378CD9A0208E0A80408FFF7E8BFF0B5044634
S3150802A38887B008461449CDE90023FFF7F7FC9DF87C
S3150802A398306005469DF8347068B1009A137A8DF8CC
S3150802A3A80B301FB956B1527AFF2A07D084F84930BA
S3150802A3B8012384F84A30284607B0F0BD074B04F152
S3150802A3C80C00D96A0DF10B03049301230593DDE901
S3150802A3D80423FFF7FCFAEEE7D8A8040880A90408BC
S3150802A3E813B5044608460949CDE90023FFF7BEFC1A
S3150802A3F848B194F84A0030B1009B987894F84930E5
S3150802A408C31A5842584102B010BD00BFD4A804085E
S3150802A418F0B504463C2695B005AFCDE9037604F1B6
S3150802A4280C01DDE9032301A8FFF704FB9DF80830B0
S3150802A4389BB1CDE903762046DDE9032301A9FFF797
S3150802A448CFFF0028E9D02069FFF76EFC4FF4967310
S3150802A458C4E91433034815B0F0BD236D002BF2D0B6
S3150802A4680148F8E7C19F020875A40208FFF7D0BF9A
S3150802A4781FB50B4B0446D96A00F149030293012317
S3150802A4880393DDE902230C30FFF7A1FA32232046AB
S3150802A498C4E9143304B0BDE81040FFF7B9BF00BFDA
S3150802A4A880A9040837B5054608460C49CDE90023AC
S3150802A4B89DF81840FFF75AFC50B1009B187900F02E
S3150802A4C801003CB120B12046B3F80130A5F84E3058
S3150802A4D803B030BD80F00100FAE700BFD0A804082F
S3150802A4E813B5044608460649CDE90023FFF73EFC9C
S3150802A4F820B1009B1B880BB1A4F86C3002B010BDC2
S3150802A508CCA80408F0B5044687B008461849CDE928
S3150802A5180023FFF733FC9DF830700546E0B1009B2F
S3150802A5281A78144BDFB194F84A10C1B194F8491055
S3150802A538914214D10122186B8DF80D208DF80C1052
S3150802A548029003AB0493022305930146DDE904232B
S3150802A55804F10C00FFF73BFA284607B0F0BD0021C4
S3150802A568186B8DF809108DF80820039002ABE9E7F5
S3150802A578C8A8040880A90408F0B590F82C3004463F
S3150802A58897B053BB90F82430023BDBB2012B24D98F
S3150802A5983C2607AFCDE9057604F10C01DDE905236A
S3150802A5A803A8FFF747FA9DF8103053B394F82430F6
S3150802A5B8CDE90576B3FA83F35B09019301232046AD
S3150802A5C8009303A9DDE90523FFF7D8FE78B14FF40E
S3150802A5D8FA730D48C4E9143307E02069FFF7A4FBA8
S3150802A5E84FF49673C4E91433084817B0F0BDCDE999
S3150802A5F80576009003A92046DDE90523FFF782FFC1
S3150802A608C8E70348F1E700BFDDA60208C19F0208AA
S3150802A6181DA60208FFF7B0BF2DE9F04190F82430CD
S3150802A6280446032B96B023D0036D0BB33C2607AF1B
S3150802A638CDE9057604F10C01DDE9052303A8FFF740
S3150802A648F9F99DF81030002B3FD04FF00108CDE9F3
S3150802A65805762046DDE90523CDF8008003A9FFF72C
S3150802A66821FF68B12046FFF707FD16B0BDE8F0815D
S3150802A6782046A369E36116B0BDE8F041FFF7F8BEC4
S3150802A688CDE905762046DDE9052303A9FFF7A8FEE5
S3150802A69820B141462046FFF7F1FBE6E7DDE9052347
S3150802A6A8CDE9000003A92046FFF768FE94F824308E
S3150802A6B8CDE90576B3FA83F35B0900932046DDE90B
S3150802A6C8052303A9FFF71EFFB2E70148CDE700BF36
S3150802A6D8DDA60208FFF7A0BFF0B50F4685B0054606
S3150802A6E812493846CDE90023FFF748FB064688B1E2
S3150802A6F8009C95F8493022789A420BD123794BB9AE
S3150802A70863793BB97B78A279073B9A4202D1AD6D48
S3150802A718E71D15B9304605B0F0BDA379281DCDE960
S3150802A728027302A96B6898472D68F2E7C4A8040859
S3150802A7382DE9F04390F824300446032B97B004D148
S3150802A74817B0BDE8F043FFF793BEC36D07AE53B91A
S3150802A758CDE907333F4A0C30516B96E80C00FFF7F0
S3150802A76836F9236EE3653C2705960697DDE9052340
S3150802A77804F10C0103A8FFF75DF99DF81030002BC8
S3150802A78860D0CDE905672046DDE9052303A9FFF769
S3150802A79827FE814650B12069FFF7C6FA4FF4967329
S3150802A7A8C4E914332C4817B0BDE8F08303A9DDE9D8
S3150802A7B805232046FFF790FFCDE9056703A9DDE9DA
S3150802A7C805232046CDE90099FFF7D8FD94F82430E9
S3150802A7D8CDE90567B3FA83F35B09009303A9DDE9B3
S3150802A7E805232046FFF78EFECDE905672046DDE9F3
S3150802A7F8052303A9FFF774FE18B1236EE365A36E52
S3150802A80863663C2306930023059600932046DDE9F2
S3150802A818052303A9FFF746FE18B12046FFF728FEC7
S3150802A828C1E70E4903A8FFF7A9FA00289BD09DF8A5
S3150802A8381C309DF81D201343DBB2002B93D1A36E5F
S3150802A848636690E7636E0BB10548ACE7A369E361F3
S3150802A858E3E700BF80A90408C19F0208DCA8040828
S3150802A8686DA80208FFF764BF70B504460D4616467A
S3150802A878F9F782FB20461A4B3246294640F80C3B22
S3150802A8880123FFF787F8174A00232262164AC4E902
S3150802A8980633A262154AC4E913332263144AC4E981
S3150802A8A81533C4E90E24134A2069C4E91024192267
S3150802A8B8C4E9182333226362E362636384F848307F
S3150802A8C8A4F84930E365A4F86C30A266FFF72CFAB7
S3150802A8D84FF49673C4E91433074B2046A36170BD37
S3150802A8E8B4A804082C490408C83704086C380408AC
S3150802A8F894A80408A4A80408C19F020810B5044627
S3150802A9081020F9F76DFD04F12002144B1449FAF7E1
S3150802A9180DFD1020F9F764FD04F12802114B1249BE
S3150802A928FAF704FD1020F9F75BFD04F138020F4B1C
S3150802A9380F49FAF7FBFC1020F9F752FD04F1400219
S3150802A9480C490A4BFAF7F2FC04F130020121BDE878
S3150802A95810404CF25820FBF701B800BFFC4904081E
S3150802A968C4A904082C380408B8A90408BC39040878
S3150802A978C0A90408BCA904080079704743798B4220
S3150802A98805D883798B4202D30171012070470020CA
S3150802A9987047000070B504460D461646F9F7ECFAF4
S3150802A9A80D4B28462360E6F778F932462946E060D1
S3150802A9B804F11000FEF7B2FC04F128061020F9F794
S3150802A9C80FFD3246054B0649FAF7B0FC2846E6F764
S3150802A9D864F98661204670BDE0A904082C38040883
S3150802A9E8F0A9040810B50446044B40F8103BFEF7D4
S3150802A9F87DFC2046F9F7B7FA204610BDE0A90408F7
S3150802AA0810B50446FFF7EEFF20463021F9F7F4FCA5
S3150802AA18204610BD10B5002100F110042830EDF7C4
S3150802AA28EBFD2046BDE81040F9F79CBA38B504464E
S3150802AA38C06890F8FC3073B9C3691C301B6898471C
S3150802AA48014604F12800EDF7D7FD04F11000BDE828
S3150802AA583840F9F787BA0021F3E710B504461C30DF
S3150802AA68F9F78DFC2046A3699847A06110BD000036
S3150802AA7810B50446024B0360F9F775FA204610BD6D
S3150802AA8824AA040810B50446FFF7F2FF20465C21FB
S3150802AA98F9F7B2FC204610BD70B50D4616460446AF
S3150802AAA81020F9F79DFC33462A462146BDE8704030
S3150802AAB8FAF73CBC70B50D46164604461020F9F757
S3150802AAC88FFC33462A462146BDE87040FAF72EBC63
S3150802AAD843689869024BC31A58425841704700BFDF
S3150802AAE8A5AC0208C068C3691C301B681847000071
S3150802AAF810B504464069002103685B689847002335
S3150802AB080148C4E9073310BD53AB020810B5044619
S3150802AB184069B4F9401003685B689847238D024870
S3150802AB28C4E9073310BD00BFA1AB020810B5044635
S3150802AB38FFF7D8FF20B12046BDE81040FFF7E6BF69
S3150802AB482046BDE81040FFF7D3BFFFF7EFBF000066
S3150802AB5810B504464069B4F9481003685B68984713
S3150802AB68238E0248C4E9073310BD00BF7DAC02082C
S3150802AB7810B50446FFF7B6FF20B92046BDE81040CF
S3150802AB88FFF7B6BFE3691BB92046FFF7E1FF10BD19
S3150802AB980048FCE7A1AB0208FFF7EABF10B504466E
S3150802ABA8406903681B689847B4F95020C11C09B262
S3150802ABB860698A42D8BF22690368D8BFB2F90C10FD
S3150802ABC85B68BDE81040184710B50446FFF7E6FF6C
S3150802ABD800230248C4E9073310BD00BFA5AC020822
S3150802ABE82DE9F0410446FFF77DFF20B92046BDE866
S3150802ABF8F041FFF77DBF656904F11C002B68B4F9BB
S3150802AC0848705E68B4F95080F9F7A7FB41460246D0
S3150802AC183846F9F72CFC01462846B047E36923B9B2
S3150802AC282046FFF7D1FFBDE8F0810148FBE700BFE0
S3150802AC383DAC0208FFF7D4BF038F0BB9FFF7C4BFB1
S3150802AC48C0E90733004870473DAC020810B5044608
S3150802AC58FFF748FF20B92046BDE81040FFF748BF6E
S3150802AC68E3691BB92046FFF7E7FF10BD0048FCE772
S3150802AC787DAC0208FFF7EABF10B50446FFF732FFB4
S3150802AC8820B92046BDE81040FFF732BF2046FFF735
S3150802AC9885FF014810BD00BFA5AC0208FFF7ECBF47
S3150802ACA8F8B504461E4615460F46F9F765F966616C
S3150802ACB800262E4BAA7823602D4B2285A3612D4B9D
S3150802ACC8C4E903756362AA79E3622286AA7A636388
S3150802ACD82287B5F90020284BA4F84020B5F90420A4
S3150802ACE8E3636364A4F84820B5F90820E364234BB0
S3150802ACF8A4F85020C4E9153404F12401C4E9076606
S3150802AD081F4A2048FFF7D6FE04F12C011C4A1E48A2
S3150802AD18FFF7D0FE04F13401194A1C48FFF7CAFEA8
S3150802AD2804F13C011A4A1B48FFF7B6FE04F144012E
S3150802AD38174A1948FFF7B0FE04F14C01144A174896
S3150802AD48FFF7AAFE04F154051020F9F749FB2A462B
S3150802AD58134B1449FAF7EAFA606931460368BD6182
S3150802AD685B6898472046C4E90766F8BD24AA04081A
S3150802AD7853AB0208FC3E0408F038040814AA04086F
S3150802AD88BC39040808AA0408F8A9040804AA040885
S3150802AD982838040800AA0408F4A90408FCA904081F
S3150802ADA82C380408F0A90408014B0360704700BF51
S3150802ADB8C0AA040870472020704720207047002040
S3150802ADC87047000008B50348FFF7EEFF024B014A31
S3150802ADD8136008BDF09E0020D8AA040831207047DF
S3150802ADE82420704724207047202070472020704767
S3150802ADF808B5034800F092F8024B014A136008BDE9
S3150802AE08F49E0020F0AA04082DE9F0410D461646DC
S3150802AE181F460BB391F834411CB122242046BDE8DB
S3150802AE28F081B1F832114068FAF7AAFA8046002882
S3150802AE38F3D0FAF73AFA88B1B5F830512F442946C9
S3150802AE4840463268FAF75AFA0028E6D00135BD4272
S3150802AE5806F10406F3D1E1E72124DFE72324DDE737
S3150802AE682DE9F3410E4614461F4663B391F8345149
S3150802AE78A5B9B1F832114068FAF782FA804668B17C
S3150802AE88FAF7C4F908B3B6F8306137443246414688
S3150802AE986846FAF7DBF99DF8043023B922252846CD
S3150802AEA802B0BDE8F081009901360B122170637071
S3150802AEB8BE424FEA21434FEA2161A370E17004F1C9
S3150802AEC80404E3D1EBE72125E9E72425E7E7406807
S3150802AED8FAF798BA38B505464068FAF793FA04466F
S3150802AEE820B96868FAF7D9FA204638BD1020FCE76F
S3150802AEF810B50446024B0360FFF75CFF204610BDF7
S3150802AF080CAB040838B504460D46FFF74DFF024B4D
S3150802AF182046C4E9003538BD0CAB0408014B03606A
S3150802AF28704700BF24AB0408704770B50546D0F8C9
S3150802AF383C4100F59E76A64200D170BD54F8043C01
S3150802AF48201F29465B6898472468F4E770B50546C2
S3150802AF58D0F83C4100F59E76A64200D170BD54F859
S3150802AF68043C201F29461B6898472468F4E770B5ED
S3150802AF780546D0F83C4100F59E76A64200D170BD3A
S3150802AF8854F8043C201F29469B6898472468F4E726
S3150802AF98C3681A78012393405A1E0A400B44981A22
S3150802AFA8002A08BF084670478268C368914228BFC4
S3150802AFB811461B78D94001FA03F07047C3681A7814
S3150802AFC88368D34003FA02F07047FE2203691A70AF
S3150802AFD8036959700223C361704782B070B5044683
S3150802AFE81D4616460593FFF7D3FFE3682A1819780C
S3150802AFF8069B06FA01F111441D44A94207D006D355
S3150802B00821212046BDE8704002B0FFF7DEBFD4F81A
S3150802B0184401214603685D683346A8470146002865
S3150802B028EFD1D4F830313344C4F83031BDE8704032
S3150802B03802B070472DE9F041044615460769FFF73D
S3150802B048A7FF6369E268DB1B12781B1AD340AB4277
S3150802B0580E4605D222212046BDE8F041FFF7B5BFC4
S3150802B068421A03D00021B81906F018FF31462046BD
S3150802B078FFF78EFFD4F81080214608EB0002D4F8B1
S3150802B088440103681F682B46B84701460028E2D1DF
S3150802B098D4F8303131462B44C4F830312046FFF70C
S3150802B0A877FFE3681B789D400544E561BDE8F081B2
S3150802B0B810B50446D0F84401214603689B689847A8
S3150802B0C8014620B12046BDE81040FFF77EBF10BDF5
S3150802B0D870B504461546D0F84801E36802681B7835
S3150802B0E8966805FA03F30A462146B047014628B97F
S3150802B0F8D4F830312B44C4F8303170BD2046BDE847
S3150802B1087040FFF762BFC3681878400000F006006F
S3150802B1187047F7B5012590F82A60CDE9001280F83C
S3150802B1282A50FF210446FFF73FFF4FF6FF710746ED
S3150802B1382046FFF739FF112123690246597020462E
S3150802B148FFF7E1FF236998702369DF7023691A718B
S3150802B1582369120A5A7123699D712369DD710823C5
S3150802B168E3612EB9204603B0BDE8F040FFF7EEBE0C
S3150802B17803B0F0BD002380F8203080F82A30FFF7A4
S3150802B188F6BE13B54B780446012BCDE9001205D055
S3150802B198222102B0BDE81040FFF717BFFFF788FF64
S3150802B1A894F8203023F0040384F8203002B010BD46
S3150802B1B882B0CDE90012CA7880F834214B68C0F803
S3150802B1C8303102B0FFF7B1BE30B5044685B0CDE9D5
S3150802B1D8021201211546FFF7DBFEE368281A1A78D8
S3150802B1E8029B20FA02F200952046FFF7F6FE05B002
S3150802B1F830BD1FB5CDE902120B464A78039900916C
S3150802B2080221FFF7EAFE05B000BD37B50446CB783A
S3150802B2180D4680F834314B68CDE90012C0F8303152
S3150802B228FFF783FE012120466A7803B0BDE830405D
S3150802B238FFF700BF82B0CDE900124A78012102B0B1
S3150802B248FFF7F8BE73B50446D0F84801CDE90012EF
S3150802B258036821461B6898470546D8B90122236917
S3150802B268FF219A702046FFF79FFE23690221D870AC
S3150802B2782046FFF78DFE2669F3781B1AFF20B0FBD6
S3150802B288F3F030712369597123699D710723E361C4
S3150802B29802B070BD0146204602B0BDE87040FFF70D
S3150802B2A894BE37B5CDE900124A7804462AB1212157
S3150802B2B803B0BDE83040FFF788BED0F848010268F7
S3150802B2C855684A682146A847014608B12046EFE765
S3150802B2D803B030BD13B50446D0F84801CDE90012CB
S3150802B2E803682146DB6898470146204621B102B021
S3150802B2F8BDE81040FFF769BE02B0BDE81040FFF787
S3150802B30839BF13B5CDE9001201210446FFF740FEFD
S3150802B318019A0099121A0144204602B0BDE8104063
S3150802B328FFF7D6BE1FB504464B68CDE90012D0F81A
S3150802B33848014A7802938DF80E2003684A881B69E1
S3150802B3482146ADF80C2002AA9847014610B12046B4
S3150802B358FFF73BFE04B010BD13B50446D0F8440106
S3150802B368CDE900120368DB68984794F82030226909
S3150802B37860F3000384F82030537094F82420236974
S3150802B3889A7000222369DA702369228D1A71238D2D
S3150802B39822691B0A53710623E36102B010BD82B003
S3150802B3A8CDE900124A781AB1272102B0FFF70DBE75
S3150802B3B88A780AB12621F8E7CB78002BFAD102B0A7
S3150802B3C870474B7882B0013BDBB2012BCDE90012FC
S3150802B3D803D9272102B0FFF7F8BD8B78002BF8D1DD
S3150802B3E802695370026993700269D3700423C361B0
S3150802B3F802B0704707B5C2692AB101690368CDE97F
S3150802B40800126946984703B000BD13B50B7804467F
S3150802B418FF2B8DE8060009D19DE80600FFF779FE9D
S3150802B428204602B0BDE81040FFF7E4BF02B010BDDF
S3150802B43873B504461D468DE80600A360069B002DD3
S3150802B4489DE80300E36084E8050002DA154805F07A
S3150802B4588FFC284601D0F8F7C3FF46192061A66172
S3150802B46845B10021012D00F8011B03D06A1E06F01A
S3150802B47815FD3046002360612046C4E90933C4E94C
S3150802B4884B33C4E94D33E36184F8203004F59E73DF
S3150802B498C4E94F33044BC4F84431044BC4F8483161
S3150802B4A802B070BDD99B0308F09E0020F49E0020C6
S3150802B4B8FF2938B505460C46D0F8000101D906F029
S3150802B4C8B7FC814202D2C5F8004138BD0A1AFAD039
S3150802B4D80021284406F0E2FCF5E7521A012A38B593
S3150802B4E80446186806DD851806F0BFFC284620605B
S3150802B4F8204638BD04BF0B7800F8013BF7E72DE96B
S3150802B508FF418846CDE9001202210446FFF740FDAD
S3150802B51808EB00052046FFF751FD06462046FFF7C9
S3150802B52837FD98F80170301A87423E4628BF064604
S3150802B538E368019A1B78904406FA03F32B444345B9
S3150802B54807D006D32121204604B0BDE8F041FFF70B
S3150802B5583CBD874217D90223BF1B84F82B7004F116
S3150802B5682C073146384684F82A30FFF7A1FF02AB82
S3150802B5782946AA1903A80297FFF7AFFF0023E36132
S3150802B58804B0BDE8F08132462946204604B0BDE833
S3150802B598F041FFF79DBD13B58DE806008268019B49
S3150802B5A804469A4207D22121FFF70FFD02B0BDE8E9
S3150802B5B81040FFF71FBF009B1B78C83B372B78D86C
S3150802B5C8DFE803F0726D6B7777777766615C577792
S3150802B5D877777777777777777777777777777777E3
S3150802B5E87777777777773934777752774D777777A3
S3150802B5F848432F77773E77772A25221C9DE8060047
S3150802B608FFF787FD2046D1E7FFF7B4FDFAE79DE87D
S3150802B6180600FFF7A1FEF5E700212046FFF7D5FC4D
S3150802B628F0E79DE80600FFF7C3FDEBE79DE806008D
S3150802B638FFF7B5FEE6E79DE80600FFF7C2FEE1E773
S3150802B6489DE80600FFF79DFDDCE79DE80600FFF783
S3150802B658F1FDD7E79DE80600FFF7D7FDD2E79DE893
S3150802B6680600FFF7C6FDCDE79DE80600FFF7ACFD25
S3150802B678C8E79DE80600FFF7E5FDC3E79DE806006B
S3150802B688FFF70FFEBEE79DE80600FFF738FFB9E7A2
S3150802B6989DE80600FFF71EFEB4E72921BDE79DE8E7
S3150802B6A80600FFF72EFEADE79DE80600FFF73AFE0D
S3150802B6B8A8E72021B1E72DE9F0438846044685B074
S3150802B6C8CDE900120221FFF763FC98F8015094F8B5
S3150802B6D82B3008EB00079D420ED029212046FFF79A
S3150802B6E874FC236994F82B209A700323E3610123D7
S3150802B6F8638505B0BDE8F0832046FFF75FFC06467A
S3150802B7082046FFF745FC361AAE4228BF2E46E3689E
S3150802B718019A1B78904406FA03F33B44434505D03D
S3150802B72804D321212046FFF750FCE0E7D4F82C1170
S3150802B73804F12C08404608EB0109AD1B3144FFF712
S3150802B748B7FEEDB2394602ABBA1903A8CDF8089086
S3150802B758FFF7C3FE84F82B504DB941462046D4F864
S3150802B7682C21FFF7B5FC012384F82A30C1E7002308
S3150802B778E361BEE713B50B780446CA2B8DE80600C3
S3150802B78809D19DE80600FFF796FF204602B0BDE8F4
S3150802B7981040FFF72FBE2921FFF717FC012380F86F
S3150802B7A82A30F2E782B08DE80600FF2203691A708A
S3150802B7B80123C36190F82A30012B07D0022B0AD03D
S3150802B7C873B99DE8060002B0FFF71FBE9DE806009A
S3150802B7D802B0FFF7E0BE9DE8060002B0FFF7CABF4F
S3150802B7E802B0704708B5037A002B0CBF062008205A
S3150802B7F8F5F734FF002008BD10B50446FFF78EFB9F
S3150802B808074B10202360074B636000232372F8F75F
S3150802B818E7FD054B0549221DF9F788FD204610BDA7
S3150802B82840AB0408C83704082C38040854AB040883
S3150802B83810B50446024B0360FFF776FB204610BD97
S3150802B848F0AA040882B0142A8DE8060006D89DE8EC
S3150802B8580600D0F84C0102B0FEF7CCBA02B070471F
S3150802B868406806C9FFF7EEBF034603C982B08DE8EA
S3150802B878030058689DE8060002B0FFF793BF000068
S3150802B88830B504460D460B4B87B0CDE90230009217
S3150802B898142302460749FFF7CBFD074B2846C4F887
S3150802B8A84C5104A9CDE90434FEF794FA204607B0A8
S3150802B8B830BD00BF69B8020871B8020884B01346D9
S3150802B8C8CDE900126AB10A4609780139994208D8B7
S3150802B8D80132013B02920393DDE9021204B0FFF733
S3150802B8E861BF04B0704770B53F2A94B0064614463D
S3150802B8F8CDE9001215D804AD40220021284606F0E3
S3150802B908CDFA2A46009B8DF8104019198B420AD19E
S3150802B918013422462946D6F84C0102950394F3F7D0
S3150802B9288DFE14B070BD13F8010B02F8010FEDE78E
S3150802B938406806C9FFF7D7BF406806C9FFF7BEBF02
S3150802B94830B504460D460B4B87B0CDE90230009256
S3150802B9583F2302460749FFF76BFD074B2846C4F8FB
S3150802B9684C5104A9CDE90434F3F798FE204607B0EA
S3150802B97830BD00BF39B9020841B90208436870B533
S3150802B98898680D4660B1D3E9006403681B6898474E
S3150802B9983246034629462046BDE87040FCF717B8E2
S3150802B9A870BD436870B598680D4660B1D3E90064FE
S3150802B9B803681B6898473246034629462046BDE867
S3150802B9C87040FCF704B870BD436870B598680D46B0
S3150802B9D860B1D3E9006403681B6898473246034690
S3150802B9E829462046BDE87040FBF7F1BF70BD000046
S3150802B9F810B50446024B036000F00AFD204610BD46
S3150802BA0860AB040810B50446FFF7F2FF20464C213E
S3150802BA18F8F7F2FC204610BD70B516468CB000F150
S3150802BA283C02079202220892154A09AD04460B46B9
S3150802BA3807CA85E807000025CDE9036509AA07CAE2
S3150802BA488DE8070002222046079900F02BFD0D4BC8
S3150802BA5820462360082363620B4BC4E90A351C2374
S3150802BA6823630A4BC4E90D35094BE36304F124033E
S3150802BA782364084B636404F13003A3640CB070BDF5
S3150802BA88C8AB040860AB040880AB0408ACAB04086E
S3150802BA98ABB90208D1B9020810B50446024B0360CD
S3150802BAA800F0B6FC204610BDDCAB040810B5044607
S3150802BAB8FFF7F2FF20466021F8F79EFC204610BDE4
S3150802BAC870B516468CB000F148020792032208920E
S3150802BAD8184A09AD04460B4607CA85E80700002531
S3150802BAE8CDE9036509AA07CA8DE807000322204695
S3150802BAF8079900F0D7FC02220F4B204623600F4B0A
S3150802BB086562C4E90C230422C4E90A35C4E90F2389
S3150802BB180B4B04F12402C4E9132304F13002C4E9E5
S3150802BB281523A36404F13C03A5636564E3650CB0B5
S3150802BB3870BD00BFECAB0408DCAB0408ACAB040868
S3150802BB48D1B9020810B50446024B0360F8F70BFA96
S3150802BB58204610BD28AC040810B50446FFF7F2FFC4
S3150802BB682046A821F8F748FC204610BD1020704741
S3150802BB7810207047436803EBC103187F7047436870
S3150802BB8803EBC103986970474368012003EBC103B5
S3150802BB981A77704770B58EB286B00C0C33460169AF
S3150802BBA8054622466846F9F71BFC9DF8043083B118
S3150802BBB86B6902A902934FF60873ADF80C30009B1D
S3150802BBC8ADF810400593EB68ADF812601869F6F7F8
S3150802BBD8DDF906B070BD70B5054600F1200400F11E
S3150802BBE8A006B44200D170BD54F8081C29B114F84D
S3150802BBF8043C13B12846FFF7CDFF0834F1E721B113
S3150802BC0800F12003A030834201D10120704753F87E
S3150802BC18082C08339142F6D10020704738B50D46EC
S3150802BC2811460446FFF7EBFF10B104EBC504A16100
S3150802BC3838BD4068FFF7F2BF38B504460D46F8F72F
S3150802BC489BF91A4B28462360E5F722F8E06028464E
S3150802BC58E4F76DFCE368206193F82020144B002171
S3150802BC681343626904F1180002F000421343636140
S3150802BC78802206F013F90F4B1020C4E926340E4B1E
S3150802BC88C4E92834F8F7ACFB04F198020B4B0C49C3
S3150802BC98F9F74CFB1020F8F7A3FB0A4B0A4904F1FB
S3150802BCA8A002F9F743FB204638BD00BF28AC0408B2
S3150802BCB800FFFF3800AC040814AC0408CC9E04083C
S3150802BCC83CAC04081C71040838AC0408436870B50F
S3150802BCD898680D4660B1D3E9006403681B689847FB
S3150802BCE83246034629462046BDE87040FBF76FBE32
S3150802BCF870BD000010B50446024B036000F088FBCD
S3150802BD08204610BD48AC040810B50446FFF7F2FFF2
S3150802BD1820468821F8F770FB204610BD70B51646EE
S3150802BD288CB000F16002079205220892224A09ADF0
S3150802BD3804460B4607CA85E807000025CDE90365C8
S3150802BD4809AA07CA8DE8070005222046079900F0BE
S3150802BD58A9FB1A4B10222360194B2046C4E90A3557
S3150802BD6808232363174B6562C4E90F231822A264C2
S3150802BD78154AC4E90D35C4E913253822C4E9152339
S3150802BD88124B04F13002236604F124036366104B4E
S3150802BD986564C4E91B2304F13C0262670D4AA3667B
S3150802BDA8A26704F14802C4E91F2304F15403E565AE
S3150802BDB8C4F884300CB070BDE4AC040848AC040876
S3150802BDC868AC040894AC0408C8AC0408D5BC0208D4
S3150802BDD8ABB9020885B9020810B50446024B0360D6
S3150802BDE800F016FB204610BDF8AC040810B5044648
S3150802BDF8FFF7F2FF20466021F8F7FEFA204610BD43
S3150802BE0870B516468CB000F14802079203220892CA
S3150802BE18194A09AD04460B4607CA85E807000025EC
S3150802BE28CDE9036509AA07CA8DE807000322204651
S3150802BE38079900F037FB114B18222360082363621F
S3150802BE480F4B2046C4E90C23C4E90A352823E363C1
S3150802BE580C4B04F12402C4E910350B4BA563C4E95B
S3150802BE681323A36404F130036365084BA36504F13D
S3150802BE783C03E3650CB070BD34AD0408F8AC04089D
S3150802BE8818AD0408ACAB0408ABB90208D1B9020864
S3150802BE9810B50446024B036000F0BAFA204610BDF4
S3150802BEA848AD040810B50446FFF7F2FF20463821C4
S3150802BEB8F8F7A2FA204610BD70B516468CB000F1FE
S3150802BEC83002079201220892104A09AD04460B4627
S3150802BED807CA85E807000025CDE9036509AA07CA3E
S3150802BEE88DE8070001222046079900F0DBFA20466A
S3150802BEF8074B65622360074BC4E90A35064B236379
S3150802BF0804F1240363630CB070BD00BF84AD040852
S3150802BF1848AD040868AD040885B9020810B5044690
S3150802BF28024B036000F074FA204610BD98AD040867
S3150802BF3810B50446FFF7F2FF20463821F8F75CFAEF
S3150802BF48204610BD70B516468CB000F1300207922D
S3150802BF5801220892104A09AD04460B4607CA85E823
S3150802BF6807000025CDE9036509AA07CA8DE807006F
S3150802BF7801222046079900F095FA084B20462360C5
S3150802BF8810236362064BC4E90A35064B236304F198
S3150802BF98240363630CB070BDA8AD040898AD040801
S3150802BFA868AD040885B9020810B50446024B036051
S3150802BFB800F02EFA204610BDBCAD040810B504469A
S3150802BFC8FFF7F2FF20469C21F8F716FA204610BD1D
S3150802BFD8F0B517468DB000F16C020792274A09ADEB
S3150802BFE804460B4607CA85E8070000250626CDE952
S3150802BFF8037509AA07CA08968DE807003246204635
S3150802C008079900F04FFA02221D4B204623601D4B62
S3150802C018C4E91156C4E90C230422C4E90A35C4E959
S3150802C0280F23C4E91335082328226365164B65626C
S3150802C038C4E91823C4E91635144B04F12402C4E9E1
S3150802C0481C2304F13002C4E91E2304F13C02C4E9A4
S3150802C0582023E36604F14803C4F888300C4B04F13C
S3150802C0685402C4E92423C4F88C3004F16003A56396
S3150802C078A566C4F898300DB0F0BD00BFCCAD04086B
S3150802C088BCAD0408ACAB0408C8AC0408D1B90208AC
S3150802C09885B9020810B50446024B036000F0B8F9E0
S3150802C0A8204610BDE0AD040810B50446FFF7F2FFB6
S3150802C0B820466021F8F7A0F9204610BD70B5164645
S3150802C0C88CB000F14802079203220892184A09AD71
S3150802C0D804460B4607CA85E807000025CDE9036525
S3150802C0E809AA07CA8DE8070003222046079900F01D
S3150802C0F8D9F9082222630F4A2046C4E90D251822CF
S3150802C1080D4B656223600D4B6564C4E90F23C4E9C8
S3150802C1180A350B4B04F12402C4E9132304F130024D
S3150802C128C4E91523A36404F13C03E3650CB070BDA6
S3150802C13848AE040800AE0408E0AD04082CAE0408AC
S3150802C14885B9020810B50446024B036000F060F987
S3150802C158204610BD5CAE040810B50446FFF7F2FF88
S3150802C16820466021F8F748F9204610BD70B51646EC
S3150802C1788CB000F14802079203220892184A09ADC0
S3150802C18804460B4607CA85E807000025CDE9036574
S3150802C19809AA07CA8DE8070003222046079900F06C
S3150802C1A881F908220F4B204623600F4B6562C4E9C2
S3150802C1B80C231022C4E90A35C4E90F230B4B04F1F0
S3150802C1C82402C4E9132304F13002C4E91523A3643B
S3150802C1D804F13C03A5636564E3650CB070BD00BF52
S3150802C1E86CAE04085CAE04082CAE040885B90208CD
S3150802C1F810B50446024B036000F00AF9204610BD42
S3150802C20880AE040810B50446FFF7F2FF2046EC2173
S3150802C218F8F7F2F8204610BD70B516468CB000F14C
S3150802C2289C0207920A220892394A09AD04460B4625
S3150802C23807CA85E807000025CDE9036509AA07CADA
S3150802C2488DE807000A222046079900F02BF9314B98
S3150802C25816222360182363622F4B2046C4E90A353F
S3150802C2682A2323632D4B6564C4E90F231422C4E9E0
S3150802C27812231222C4E915231022C4E918232022FC
S3150802C288C4E91B232222C4E91E232422C4E9212342
S3150802C2982622C4E90D35C4E92423214B2565C4F8A9
S3150802C2A89C3004F12403E565A5666567C4F88050E1
S3150802C2B8C4F88C50C4F89850C4F8A030194B04F145
S3150802C2C83002C4E92A2304F13C02C4E92C2304F106
S3150802C2D84802C4E92E2304F15402C4E9302304F1BE
S3150802C2E86002C4E9322304F16C02C4E9342304F176
S3150802C2F87802C4E9362304F18402C4E93823C4F867
S3150802C308A43004F19003C4F8E8300CB070BD00BF3D
S3150802C318BCAE040880AE0408A0AE0408ACAB040898
S3150802C32885B90208D1B9020870470B7910B5082BE6
S3150802C33804460AD103681B69984730B104F1180004
S3150802C3480021BDE81040F7F77CBF10BD4068FFF72B
S3150802C358ECBF00211830F7F774BF10B5044601215F
S3150802C3681830F7F774FFA36943B9236820465B694F
S3150802C37898472046BDE81040FFF7EBBF10BD0000FE
S3150802C3882DE9FF41044615460E461F469DF82880A4
S3150802C398F7F7F2FD104B696823600A23B1FBF3F13C
S3150802C3A80E4BC4E90611236204F1180363620C4BA7
S3150802C3B8C4E90365CDE90234277584F81580CDE901
S3150802C3C80078DDE9021230462B6800F04AF9204661
S3150802C3D804B0BDE8F08100BFD0AE04085C38040892
S3150802C3E855C3020813B50446074B0360074BCDE944
S3150802C3F80030C068DDE9001200F049F92046F7F76F
S3150802C408B2FD204602B010BDD0AE040855C30208D4
S3150802C41810B50446024B0360F7F7A5FD204610BD82
S3150802C428F0AE040810B50446FFF7F2FF20462421A9
S3150802C438F7F7E2FF204610BD2DE9F041836986B079
S3150802C44802934FF608730024ADF80C304FF0FF3309
S3150802C4580646CDE90433D0E90353046205EBC3075C
S3150802C468BD4208D124B1736902A91869F5F78EFD88
S3150802C47806B0BDE8F08195E80300CDE900016846F3
S3150802C488009B02A998470443E4B20835E8E7C1695C
S3150802C49831B1036A0A339942036201D8FFF7CCBF5E
S3150802C4A87047000037B504461D468DE80600F7F7BB
S3150802C4B863FD9DE803002246114B42F80C3B069B96
S3150802C4C882E803009DF82820C3F311031A439DF84E
S3150802C4D81C109DF82430204643EA816343EA022366
S3150802C4E8A26923F0604302F0004243F00053134363
S3150802C4F8A361089B6561E3610023236203B030BD2B
S3150802C508F0AE0408036910B5DB8904466BB101214C
S3150802C5181830F7F79CFEA3693BB9226923682046B7
S3150802C528BDE810401B695169184710BD0B7937B524
S3150802C538082B04460D4619D100211830F7F787FE4D
S3150802C54821692A460B7E6846C969FBF731FA9DF8BE
S3150802C558043083F0010284F82C203BB12046236874
S3150802C56800991B6903B0BDE83040184703B030BDCF
S3150802C5784068FFF7DBBF0000F0B5044615460F46CC
S3150802C5881E4685B0F7F7F8FC114B2A7CA968236082
S3150802C598C4E90375EB8904F11800F9F76DFB6B68B2
S3150802C5A82A7C198804F12800F9F73CFB094A236909
S3150802C5B8CDE902249DF828201B6ACDE90062DDE947
S3150802C5C80212E06800F04DF8204605B0F0BD00BF3B
S3150802C5D808AF040879C5020813B50446074B036071
S3150802C5E8074BCDE90030C068DDE9001200F04FF8C4
S3150802C5F82046F7F7B8FC204602B010BD08AF040873
S3150802C60879C502080079704710B50446024B0360DB
S3150802C618F7F7A9FC204610BD34AF040810B504463E
S3150802C628FFF7F2FF20462C21F7F7E6FE204610BD53
S3150802C63843798B4205D883798B4202D3017101204B
S3150802C64870470020704770B50D46164604461020F6
S3150802C658F7F7C6FE33462A462146BDE87040F8F77C
S3150802C66865BE07B58DE806009DF81420C3F31103C5
S3150802C67813439DF81020694642EA032200694FF0DF
S3150802C688F85342F00052F5F730FB03B000BD07B580
S3150802C69803698DE80600D8686946F5F760FF03B0AE
S3150802C6A800BD000070B504460E461546F7F764FC49
S3150802C6B80022164B16482360164B04F11401C4E9E6
S3150802C6C803654A600325C4E90902226263610522F1
S3150802C6D8FE23E061A37684F8223084F82A3084F8A7
S3150802C6E828200D480D4A84F82050FFF7ACFF04F1BC
S3150802C6F81C010A4A0A48FFF7A6FF084A094804F12C
S3150802C7082401FFF7A0FF204670BD00BF34AF040816
S3150802C718D0A9040824AF040848AF0408FC49040849
S3150802C7284CAF040844AF0408436870B598680D46C8
S3150802C73860B1D3E9006403681B6898473246034622
S3150802C74829462046BDE87040FBF741B970BD4368E3
S3150802C75870B598680D4660B1D3E9006403681B682A
S3150802C76898473246034629462046BDE87040FBF7F5
S3150802C7782EB970BD10B50446024B0360FFF748FE92
S3150802C788204610BD58AF040810B50446FFF7F2FF55
S3150802C79820468821F7F730FE204610BD70B51646A2
S3150802C7A88CB000F16002079205220892254A09AD63
S3150802C7B804460B4607CA85E807000025CDE903653E
S3150802C7C809AA07CA8DE80700052220460799FFF72E
S3150802C7D869FE1D4B20462360082363621B4B04F13E
S3150802C7E83002C4E90A3520232363194BC4E90D35F7
S3150802C7F81823E363174BC4E910353823A364164B89
S3150802C808C4E913353C236365144BC4E91635144B3E
S3150802C818236604F124036366124BC4E91B23A36641
S3150802C82804F13C036367104BA36704F14803E36703
S3150802C8380E4BC4F8803004F15403C4F884300CB0A3
S3150802C84870BD00BFC0AF040858AF040818AD040885
S3150802C85868AD040878AF040894AF040868AC0408FD
S3150802C868ABB9020885B9020831C7020857C70208D0
S3150802C87810B50446024B0360FFF7CAFD204610BDF1
S3150802C888D4AF040810B50446FFF7F2FF20464C2138
S3150802C898F7F7B2FD204610BD70B516468CB000F102
S3150802C8A83C02079202220892154A09AD04460B462B
S3150802C8B807CA85E807000025CDE9036509AA07CA54
S3150802C8C88DE80700022220460799FFF7EBFD0D4B74
S3150802C8D820462360042363620B4BC4E90A350823FE
S3150802C8E823630A4BC4E90D35094BE36304F12403B0
S3150802C8F82364084B636404F13003A3640CB070BD67
S3150802C908E4AF0408D4AF0408ACAB040868AD04085D
S3150802C918D1B9020885B90208436870B598680D4600
S3150802C92860B1D3E9006403681B6898473246034630
S3150802C93829462046BDE87040FBF749B870BD4368EA
S3150802C94870B598680D4660B1D3E9006403681B6838
S3150802C95898473246034629462046BDE87040FBF703
S3150802C96836B870BD436870B598680D4660B1D3E9A4
S3150802C978006403681B6898473246034629462046D8
S3150802C988BDE87040FBF723B870BD000010B5044631
S3150802C998024B0360FFF73CFD204610BDF8AF0408BA
S3150802C9A810B50446FFF7F2FF20468821F7F724FD5B
S3150802C9B8204610BD30B50B468DB000F16001002542
S3150802C9C807910521CDE9081503210446CDE9032572
S3150802C9D88DF828100B950CAA12E907008DE80700AE
S3150802C9E8052220460799FFF75DFD02221A4B2046C3
S3150802C9F823601A4B6562C4E90C230422C4E90A3582
S3150802CA08C4E90F230823A364154BA563C4E91335A0
S3150802CA1818236365134B6564C4E91635124B2366F6
S3150802CA2804F124036366114BA36604F13003E36633
S3150802CA380F4B236704F13C0363670E4BA36704F1A4
S3150802CA484803E3670C4BC4F8803004F15403C4F86E
S3150802CA5884300DB030BD00BFF8AF040868AC0408CE
S3150802CA68C8AC040894AC040821C9020847C90208D4
S3150802CA786DC90208ABB9020885B9020810B5044699
S3150802CA88024B0360FFF7C4FC204610BD10B0040829
S3150802CA9810B50446FFF7F2FF20464C21F7F7ACFC1F
S3150802CAA8204610BD70B516468CB000F13C020792B6
S3150802CAB802220892144A09AD04460B4607CA85E8B3
S3150802CAC807000025CDE9036509AA07CA8DE8070004
S3150802CAD8022220460799FFF7E5FC102220460B4B4F
S3150802CAE8656223600A4BA563C4E90C23C4E90A35BF
S3150802CAF8084B04F12402C4E91023E36304F1300362
S3150802CB08A3640CB070BD00BF4CB0040810B004088A
S3150802CB1830B0040885B902088186704703695B69DB
S3150802CB288386704710B50446024B0360FAF72AFF54
S3150802CB38204610BD60B0040810B50446FFF7F2FF98
S3150802CB4820463821F7F758FC204610BD10B504468A
S3150802CB58024B0360FFF7E6FF204610BD80B00408C3
S3150802CB6810B50446FFF7F2FF20463821F7F744FCCA
S3150802CB78204610BD10B504460B4AFAF7D9FE0B4BE8
S3150802CB880B4A236023691020B3F914302263A3865B
S3150802CB98F7F726FC074B084904F13002F8F7C6FBF3
S3150802CBA8064B2046236010BD98B0040860B00408F6
S3150802CBB8A0370408283804086440040880B0040822
S3150802CBC88186704703695B698386704710B5044690
S3150802CBD8024B0360FAF7D6FE204610BD00B10408D8
S3150802CBE810B50446FFF7F2FF20463821F7F704FC8A
S3150802CBF8204610BD10B50446024B0360FFF7E6FF50
S3150802CC08204610BD20B1040810B50446FFF7F2FF06
S3150802CC1820463821F7F7F0FB204610BD10B5044622
S3150802CC280B4AFAF785FE0B4B0B4A23602369102039
S3150802CC389B8A2263A386F7F7D3FB084B084904F1B4
S3150802CC483002F8F773FB074B2046236010BD00BF76
S3150802CC5838B1040800B10408583E0408BC39040867
S3150802CC68C83E040820B1040810B50446024B0360FE
S3150802CC78FFF7ACFF204610BD98B1040810B5044664
S3150802CC88FFF7F2FF20463821F7F7B6FB204610BD14
S3150802CC9810B504460B4AFAF74BFE0B4B0B4A2360B0
S3150802CCA8236910209B8A2263A386F7F799FB084B08
S3150802CCB8084904F13002F8F739FB074B2046236086
S3150802CCC810BD00BFB0B1040800B10408583E0408F4
S3150802CCD8BC3904089C3E040898B1040810B50446F1
S3150802CCE8024B0360FFF71EFF204610BD10B2040868
S3150802CCF810B50446FFF7F2FF20463821F7F77CFB02
S3150802CD08204610BD10B504460B4AFAF711FE0B4B1E
S3150802CD180B4A236023691020B3F914302263A386C9
S3150802CD28F7F75EFB074B084904F13002F8F7FEFAF3
S3150802CD38064B2046236010BD28B2040860B00408D2
S3150802CD48A0370408283804086440040810B20408FE
S3150802CD5810B50446024B0360FFF7E4FE204610BDF1
S3150802CD6858B2040810B50446FFF7F2FF20463821E0
S3150802CD78F7F742FB204610BD10B504460B4AFAF7E8
S3150802CD88D7FD0B4B0B4A236023691020B3F91430DD
S3150802CD982263A386F7F724FB074B084904F13002F6
S3150802CDA8F8F7C4FA064B2046236010BD70B2040889
S3150802CDB860B00408A0370408283804085447040849
S3150802CDC858B2040810B50446024B0360FFF7AAFED8
S3150802CDD8204610BDCCB2040810B50446FFF7F2FF88
S3150802CDE820463821F7F708FB204610BD10B5044639
S3150802CDF80B4AFAF79DFD0B4B0B4A23602369102051
S3150802CE08B3F914302263A386F7F7EAFA074B0849F7
S3150802CE1804F13002F8F78AFA064B2046236010BD59
S3150802CE28E4B2040860B00408A037040828380408DD
S3150802CE3864400408CCB2040810B50446024B0360E1
S3150802CE48FFF7C4FE204610BD40B3040810B50446D1
S3150802CE58FFF7F2FF20463821F7F7CEFA204610BD2B
S3150802CE6810B504460B4AFAF763FD0B4B0B4A2360C7
S3150802CE78236910209B8A2263A386F7F7B1FA084B1F
S3150802CE88084904F13002F8F751FA074B204623609D
S3150802CE9810BD00BF58B3040800B10408583E040878
S3150802CEA8BC390408C83E040840B3040810B5044649
S3150802CEB8024B0360FFF78AFE204610BDB4B3040886
S3150802CEC810B50446FFF7F2FF20463821F7F794FA19
S3150802CED8204610BD10B504460B4AFAF729FD0B4B36
S3150802CEE80B4A2360236910209B8A2263A386F7F7D5
S3150802CEF877FA084B084904F13002F8F717FA074B8C
S3150802CF082046236010BD00BFCCB3040800B104084C
S3150802CF18583E0408BC3904089C3E0408B4B30408FD
S3150802CF2810B50446024B0360FFF7FCFD204610BD08
S3150802CF3830B4040810B50446FFF7F2FF2046382134
S3150802CF48F7F75AFA204610BD10B504460B4AFAF7FF
S3150802CF58EFFC0B4B0B4A236023691020B3F91430F4
S3150802CF682263A386F7F73CFA074B084904F130020D
S3150802CF78F8F7DCF9064B2046236010BD48B40408C6
S3150802CF8860B00408A037040828380408644004086E
S3150802CF9830B4040810B50446024B0360FFF716FEC0
S3150802CFA8204610BD78B4040810B50446FFF7F2FF08
S3150802CFB820463821F7F720FA204610BD10B5044650
S3150802CFC80B4AFAF7B5FC0B4B0B4A23602369102068
S3150802CFD89B8A2263A386F7F703FA084B084904F1E2
S3150802CFE83002F8F7A3F9074B2046236010BD00BFA5
S3150802CFF890B4040800B10408583E0408BC39040869
S3150802D0089C3E040878B4040810B50446024B03602B
S3150802D018FFF788FD204610BDECB4040810B504468F
S3150802D028FFF7F2FF20463821F7F7E6F9204610BD42
S3150802D03810B504460B4AFAF77BFC0B4B0B4A2360DE
S3150802D04823691020B3F914302263A386F7F7C8F9BF
S3150802D058074B084904F13002F8F768F9064B2046E7
S3150802D068236010BD04B5040860B00408A037040894
S3150802D0782838040864400408ECB4040810B50446C1
S3150802D088024B0360FFF74EFD204610BD34B504086F
S3150802D09810B50446FFF7F2FF20463821F7F7ACF930
S3150802D0A8204610BD10B504460B4AFAF741FC0B4B4D
S3150802D0B80B4A236023691020B3F914302263A38626
S3150802D0C8F7F78EF9074B084904F13002F8F72EF9F3
S3150802D0D8064B2046236010BD4CB5040860B0040808
S3150802D0E8A0370408283804086440040834B5040834
S3150802D0F810B50446024B0360FFF768FD204610BDCB
S3150802D108A8B5040810B50446FFF7F2FF20463821E9
S3150802D118F7F772F9204610BD10B504460B4AFAF716
S3150802D12807FC0B4B0B4A2360236910209B8A226350
S3150802D138A386F7F755F9084B084904F13002F8F7B8
S3150802D148F5F8074B2046236010BD00BFC0B5040892
S3150802D15800B10408583E0408BC390408C83E040845
S3150802D168A8B5040810B50446024B0360FFF72EFD5E
S3150802D178204610BD1CB6040810B50446FFF7F2FF90
S3150802D18820463821F7F738F9204610BD10B5044667
S3150802D1980B4AFAF7CDFB0B4B0B4A2360236910207F
S3150802D1A89B8A2263A386F7F71BF9084B084904F1F9
S3150802D1B83002F8F7BBF8074B2046236010BD00BFBC
S3150802D1C834B6040800B10408583E0408BC390408F1
S3150802D1D89C3E04081CB6040810B50446024B0360B4
S3150802D1E8FFF7A0FC204610BD90B6040810B5044601
S3150802D1F8FFF7F2FF20463821F7F7FEF8204610BD5A
S3150802D20810B504460B4AFAF793FB0B4B0B4A2360F5
S3150802D21823691020B3F914302263A386F7F7E0F8D6
S3150802D228074B084904F13002F8F780F8064B2046FE
S3150802D238236010BDA8B6040860B00408A03704081D
S3150802D248283804086440040890B6040810B5044649
S3150802D258024B0360FFF766FC204610BD0CB70408AC
S3150802D26810B50446FFF7F2FF20463821F7F7C4F847
S3150802D278204610BD10B504460B4AFAF759FB0B4B64
S3150802D2880B4A236023691020B3F914302263A38654
S3150802D298F7F7A6F8074B084904F13002F8F746F8F3
S3150802D2A8064B2046236010BD24B7040860B004085C
S3150802D2B8A037040828380408544704080CB7040891
S3150802D2C810B50446024B0360FFF72CFC204610BD36
S3150802D2D880B7040810B50446FFF7F2FF204638213E
S3150802D2E8F7F78AF8204610BD10B504460B4AFAF72E
S3150802D2F81FFB0B4B0B4A236023691020B3F9143022
S3150802D3082263A386F7F76CF8074B084904F130023B
S3150802D318F8F70CF8064B2046236010BD98B70408A0
S3150802D32860B00408A037040828380408ECB70408CB
S3150802D33880B7040810B50446024B0360FFF7F2FBF0
S3150802D348204610BDFCB7040810B50446FFF7F2FFDD
S3150802D35820463821F7F750F8204610BD10B504467E
S3150802D3680B4AFAF7E5FA0B4B0B4A23602369102096
S3150802D378B3F914302263A386F7F732F8074B08493C
S3150802D38804F13002F7F7D2FF064B2046236010BD98
S3150802D39814B8040860B00408A03704082838040832
S3150802D3A820B40408FCB7040810B50446024B036007
S3150802D3B8FFF7B8FB204610BD70B8040810B5044636
S3150802D3C8FFF7F2FF20463821F7F716F8204610BD70
S3150802D3D810B504460B4AFAF7ABFA0B4B0B4A23600D
S3150802D3E823691020B3F914302263A386F6F7F8FFE7
S3150802D3F8074B084904F13002F7F798FF064B20460F
S3150802D408236010BD88B8040860B00408A037040869
S3150802D41828380408DCB8040870B8040810B50446A5
S3150802D428024B0360FFF77EFB204610BDECB80408E2
S3150802D43810B50446FFF7F2FF20463821F6F7DCFF57
S3150802D448204610BD10B504460B4AFAF771FA0B4B7B
S3150802D4580B4A236023691020B3F914302263A38682
S3150802D468F6F7BEFF074B084904F13002F7F75EFFE5
S3150802D478064B2046236010BD04B9040860B00408A8
S3150802D488A03704082838040854470408ECB80408DE
S3150802D49810B50446024B0360FFF744FB204610BD4D
S3150802D4A860B9040810B50446FFF7F2FF204638218A
S3150802D4B8F6F7A2FF204610BD10B504460B4AFAF73E
S3150802D4C837FA0B4B0B4A236023691020B3F9143039
S3150802D4D82263A386F6F784FF074B084904F130024C
S3150802D4E8F7F724FF064B2046236010BD78B90408CF
S3150802D4F860B00408A03704082838040864400408F9
S3150802D50860B9040810B50446024B0360FFF75EFBD0
S3150802D518204610BDA8B9040810B50446FFF7F2FF5D
S3150802D52820463821F6F768FF204610BD10B504468E
S3150802D5380B4AFAF7FDF90B4B0B4A236023691020AD
S3150802D5489B8A2263A386F6F74BFF084B084904F120
S3150802D5583002F7F7EBFE074B2046236010BD00BFE3
S3150802D568C0B9040800B10408583E0408BC390408BE
S3150802D5789C3E0408A8B9040810B50446024B036081
S3150802D588FFF724FB204610BD1CBA040810B504464A
S3150802D598FFF7F2FF20463821F6F72EFF204610BD80
S3150802D5A810B504460B4AFAF7C3F90B4B0B4A236024
S3150802D5B8236910209B8A2263A386F6F711FF084B74
S3150802D5C8084904F13002F7F7B1FE074B20462360F3
S3150802D5D810BD00BF34BA040800B10408583E04084E
S3150802D5E8BC39040888BA04081CBA040810B50446E3
S3150802D5F8024B0360FFF7EAFA204610BD94BA0408FC
S3150802D60810B50446FFF7F2FF20463821F6F7F4FE6E
S3150802D618204610BD10B504460B4AFAF789F90B4B92
S3150802D6280B4A2360236910209B8A2263A386F6F78E
S3150802D638D7FE084B084904F13002F7F777FE074B7D
S3150802D6482046236010BD00BFACBA040800B104081E
S3150802D658583E0408BC3904089C3E040894BA0408CF
S3150802D66810B50446024B0360FFF75CFA204610BD64
S3150802D6780CBB040810B50446FFF7F2FF204638210A
S3150802D688F6F7BAFE204610BD10B504460B4AFAF755
S3150802D6984FF90B4B0B4A236023691020B3F9143050
S3150802D6A82263A386F6F79CFE074B084904F1300263
S3150802D6B8F7F73CFE064B2046236010BD24BB040838
S3150802D6C860B00408A0370408283804086440040827
S3150802D6D80CBB040810B50446024B0360FFF722FA8E
S3150802D6E8204610BD54BB040810B50446FFF7F2FFDE
S3150802D6F820463821F6F780FE204610BD10B50446A6
S3150802D7080B4AFAF715F90B4B0B4A236023691020C3
S3150802D718B3F914302263A386F6F762FE074B084963
S3150802D72804F13002F7F702FE064B2046236010BDC5
S3150802D7386CBB040860B00408A03704082838040833
S3150802D7485447040854BB040810B50446024B036040
S3150802D758FFF73CFA204610BDC8BB040810B50446B4
S3150802D768FFF7F2FF20463821F6F746FE204610BD97
S3150802D77810B504460B4AFAF7DBF80B4B0B4A23603B
S3150802D788236910209B8A2263A386F6F729FE084B8B
S3150802D798084904F13002F7F7C9FD074B204623600A
S3150802D7A810BD00BFE0BB040800B10408583E0408CF
S3150802D7B8BC3904089C3E0408C8BB040810B50446CC
S3150802D7C8024B0360FFF7AEF9204610BD10BC0408E9
S3150802D7D810B50446FFF7F2FF20463821F6F70CFE85
S3150802D7E8204610BD10B504460B4AFAF7A1F80B4BAA
S3150802D7F80B4A236023691020B3F914302263A386DF
S3150802D808F6F7EEFD074B084904F13002F7F78EFDE5
S3150802D818064B2046236010BD28BC040860B00408DD
S3150802D828A0370408283804086440040810BC040809
S3150802D83810B50446024B0360FFF774F9204610BD7B
S3150802D84858BC040810B50446FFF7F2FF20463821EB
S3150802D858F6F7D2FD204610BD10B504460B4AFAF76C
S3150802D86867F80B4B0B4A236023691020B3F9143067
S3150802D8782263A386F6F7B4FD074B084904F130027A
S3150802D888F7F754FD064B2046236010BD70BC040802
S3150802D89860B00408A037040828380408544704085E
S3150802D8A858BC040810B50446024B0360FFF78EF904
S3150802D8B8204610BDCCBC040810B50446FFF7F2FF93
S3150802D8C820463821F6F798FD204610BD10B50446BD
S3150802D8D80B4AFAF72DF80B4B0B4A236023691020DB
S3150802D8E89B8A2263A386F6F77BFD084B084904F14F
S3150802D8F83002F7F71BFD074B2046236010BD00BF11
S3150802D908E4BC040800B10408583E0408BC390408F3
S3150802D9189C3E0408CCBC040810B50446024B0360B6
S3150802D928FFF700F9204610BD14BD040810B50446D1
S3150802D938FFF7F2FF20463821F6F75EFD204610BDAE
S3150802D94810B504460B4AF9F7F3FF0B4B0B4A23604B
S3150802D95823691020B3F914302263A386F6F740FD2B
S3150802D968074B084904F13002F7F7E0FC064B204654
S3150802D978236010BD2CBD040860B00408A03704084B
S3150802D9882838040820B4040814BD040810B5044647
S3150802D998024B0360FFF71AF9204610BD88BD040832
S3150802D9A810B50446FFF7F2FF20463821F6F724FD9C
S3150802D9B8204610BD10B504460B4AF9F7B9FF0B4BBA
S3150802D9C80B4A2360236910209B8A2263A386F6F7EB
S3150802D9D807FD084B084904F13002F7F7A7FC074B7D
S3150802D9E82046236010BD00BFA0BD040800B1040884
S3150802D9F8583E0408BC3904087C3E040888BD040855
S3150802DA0810B50446024B0360FFF78CF8204610BD92
S3150802DA18FCBD040810B50446FFF7F2FF2046382174
S3150802DA28F6F7EAFC204610BD10B504460B4AF9F784
S3150802DA387FFF0B4B0B4A236023691020B3F9143076
S3150802DA482263A386F6F7CCFC074B084904F1300291
S3150802DA58F7F76CFC064B2046236010BD14BE040873
S3150802DA6860B00408A0370408283804086440040883
S3150802DA78FCBD040810B50446024B0360FFF7A6F876
S3150802DA88204610BD70BE040810B50446FFF7F2FF1B
S3150802DA9820463821F6F7B0FC204610BD10B50446D4
S3150802DAA80B4AF9F745FF0B4B0B4A236023691020EB
S3150802DAB89B8A2263A386F6F793FC084B084904F166
S3150802DAC83002F7F733FC074B2046236010BD00BF28
S3150802DAD888BE040800B10408583E0408BC3904087C
S3150802DAE89C3E040870BE040810B50446024B03603F
S3150802DAF8FFF718F8204610BDB8BE040810B5044644
S3150802DB08FFF7F2FF20463821F6F776FC204610BDC5
S3150802DB1810B504460B4AF9F70BFF0B4B0B4A236061
S3150802DB2823691020B3F914302263A386F6F758FC42
S3150802DB38074B084904F13002F7F7F8FB064B20466B
S3150802DB48236010BDD0BE040860B00408A0370408D4
S3150802DB582838040864400408B8BE040810B5044600
S3150802DB68024B0360FFF732F8204610BD00BF0408CF
S3150802DB7810B50446FFF7F2FF20463821F6F73CFCB3
S3150802DB88204610BD10B504460B4AF9F7D1FE0B4BD1
S3150802DB980B4A2360236910209B8A2263A386F6F719
S3150802DBA81FFC084B084904F13002F7F7BFFB074B7D
S3150802DBB82046236010BD00BF18BF040800B1040838
S3150802DBC8583E0408BC3904089C3E040800BF0408E9
S3150802DBD810B50446024B0360FEF7A4FF204610BDA3
S3150802DBE874BF040810B50446FFF7F2FF2046382129
S3150802DBF8F6F702FC204610BD10B504460B4AF9F79B
S3150802DC0897FE0B4B0B4A236023691020B3F914308D
S3150802DC182263A386F6F7E4FB074B084904F13002A8
S3150802DC28F7F784FB064B2046236010BD8CBF040811
S3150802DC3860B00408A03704082838040864400408B1
S3150802DC4874BF0408003918BF012180F834107047D8
S3150802DC5803695B69003B18BF012380F834307047B3
S3150802DC6810B50446024B0360F9F78CFE204610BD30
S3150802DC78E8BF040810B50446FFF7F2FF2046382124
S3150802DC88F6F7BAFB204610BD10B50446024B0360E8
S3150802DC98FEF79CFF204610BD3CC0040810B5044692
S3150802DCA8FFF7F2FF20463821F6F7A6FB204610BDF5
S3150802DCB810B504460B4AF9F73BFE0B4B0B4A236091
S3150802DCC8236910209B8A2263A386F6F789FB084BE9
S3150802DCD8084904F13002F7F729FB074B2046236067
S3150802DCE810BD00BF54C0040800B10408583E040811
S3150802DCF8BC3904089C3E04083CC0040810B504460E
S3150802DD08024B0360FEF70EFF204610BDB0C004089A
S3150802DD1810B50446FFF7F2FF20463821F6F76CFBE2
S3150802DD28204610BD10B504460B4AF9F701FE0B4BFF
S3150802DD380B4A236023691020B3F914302263A38699
S3150802DD48F6F74EFB074B084904F13002F7F7EEFAE5
S3150802DD58064B2046236010BDC8C0040860B00408F4
S3150802DD68A03704082838040864400408B0C0040820
S3150802DD7810B50446024B0360FEF728FF204610BD7D
S3150802DD88F8C0040810B50446FFF7F2FF2046382102
S3150802DD98F6F732FB204610BD10B504460B4AF9F7CA
S3150802DDA8C7FD0B4B0B4A2360236910209B8A226303
S3150802DDB8A386F6F715FB084B084904F13002F7F76C
S3150802DDC8B5FA074B2046236010BD00BF10C10408E8
S3150802DDD800B10408583E0408BC3904089C3E0408E5
S3150802DDE8F8C0040810B50446024B0360FEF7EEFEB7
S3150802DDF8204610BD6CC1040810B50446FFF7F2FFA9
S3150802DE0820463821F6F7F8FA204610BD10B504461A
S3150802DE180B4AF9F78DFD0B4B0B4A23602369102031
S3150802DE289B8A2263A386F6F7DBFA084B084904F1AC
S3150802DE383002F7F77BFA074B2046236010BD00BF6E
S3150802DE4884C1040800B10408583E0408BC39040809
S3150802DE58604004086CC1040810B50446024B036006
S3150802DE68FEF760FE204610BDE0C1040810B5044658
S3150802DE78FFF7F2FF20463821F6F7BEFA204610BD0C
S3150802DE8810B504460B4AF9F753FD0B4B0B4A2360A8
S3150802DE9823691020B3F914302263A386F6F7A0FA89
S3150802DEA8074B084904F13002F7F740FA064B2046B1
S3150802DEB8236010BDF8C1040860B00408A037040836
S3150802DEC82838040864400408E0C1040810B5044662
S3150802DED8024B0360FEF77AFE204610BD28C20408E4
S3150802DEE810B50446FFF7F2FF20463821F6F784FAFA
S3150802DEF8204610BD10B504460B4AF9F719FD0B4B17
S3150802DF080B4A2360236910209B8A2263A386F6F7A5
S3150802DF1867FA084B084904F13002F7F707FA074B7C
S3150802DF282046236010BD00BF40C2040800B1040899
S3150802DF38583E0408BC39040894C2040828C20408CE
S3150802DF4810B50446024B0360FEF7ECFD204610BDE9
S3150802DF58A4C2040810B50446FFF7F2FF2046382182
S3150802DF68F6F74AFA204610BD10B504460B4AF9F7E1
S3150802DF78DFFC0B4B0B4A236023691020B3F91430D4
S3150802DF882263A386F6F72CFA074B084904F13002EE
S3150802DF98F7F7CCF9064B2046236010BDBCC2040825
S3150802DFA860B00408A037040828380408644004083E
S3150802DFB8A4C2040810B50446024B0360FEF706FE1F
S3150802DFC8204610BDECC2040810B50446FFF7F2FF56
S3150802DFD820463821F6F710FA204610BD10B5044631
S3150802DFE80B4AF9F7A5FC0B4B0B4A23602369102049
S3150802DFF89B8A2263A386F6F7F3F9084B084904F1C4
S3150802E0083002F7F793F9074B2046236010BD00BF85
S3150802E01804C3040800B10408583E0408BC390408B5
S3150802E028C83E0408ECC2040810B50446024B03604D
S3150802E038FEF778FD204610BD60C3040810B50446ED
S3150802E048FFF7F2FF20463821F6F7D6F9204610BD23
S3150802E05810B504460B4AF9F76BFC0B4B0B4A2360BF
S3150802E06823691020B3F914302263A386F6F7B8F9A0
S3150802E078074B084904F13002F7F758F9064B2046C8
S3150802E088236010BD78C3040860B00408A0370408E2
S3150802E09828380408DCB8040860C3040810B504461E
S3150802E0A8024B0360FEF73EFD204610BDD4C30408A2
S3150802E0B810B50446FFF7F2FF20463821F6F79CF911
S3150802E0C8204610BD10B504460B4AF9F731FC0B4B2E
S3150802E0D80B4A236023691020B3F914302263A386F6
S3150802E0E8F6F77EF9074B084904F13002F7F71EF9E5
S3150802E0F8064B2046236010BDECC3040860B004082A
S3150802E108A03704082838040854470408D4C304085E
S3150802E11810B50446084603F04FF9A08610BD0369F0
S3150802E12810B50446D86903F047F9A08610BD000061
S3150802E13810B50446024B036000F01CF9204610BDD0
S3150802E14848C4040810B50446FFF7F2FF20463821EA
S3150802E158F6F752F9204610BD10B50446024B03607D
S3150802E168FFF7E6FF204610BD68C4040810B5044642
S3150802E178FFF7F2FF20463821F6F73EF9204610BD8A
S3150802E18810B504460C4A00F0C9F80C4B23602369FB
S3150802E198D86903F011F90A4BA08623631020F6F70B
S3150802E1A81FF9084B084904F13002F7F7BFF8074B7D
S3150802E1B82046236010BD00BF80C4040848C404086A
S3150802E1C8583E0408BC3904089C3E040868C4040876
S3150802E1D810B50446084603F0C9F8A08610BD0369B7
S3150802E1E810B50446D86903F0C1F8A08610BD000028
S3150802E1F810B50446024B036000F0BCF8204610BD71
S3150802E208B0C4040810B50446FFF7F2FF20463821C1
S3150802E218F6F7F2F8204610BD10B50446024B03601D
S3150802E228FFF7E6FF204610BDD0C4040810B5044619
S3150802E238FFF7F2FF20463821F6F7DEF8204610BD2A
S3150802E24810B504460C4A00F069F80C4B236023699A
S3150802E258D86903F08BF80A4BA08623631020F6F7D1
S3150802E268BFF8084B084904F13002F7F75FF8074B7D
S3150802E2782046236010BD00BFE8C40408B0C40408D9
S3150802E288A03704082838040864400408D0C40408D7
S3150802E298F8B505460C4614300021F5F7D8FF2F695C
S3150802E2A8A6687C6936BA2146304603F037F800B9BB
S3150802E2B83446BF692046394603F04EF800B13C4653
S3150802E2C82B68214628461B6998472146304603F09B
S3150802E2D81BF8AF8D002808BF002F0CBF01200020AD
S3150802E2E885F82800F8BD838D10B5044613B1013B9D
S3150802E2F8838510BD0369DB89002BFAD00121143006
S3150802E308F5F7A5FF6369002BF3D123682046BDE814
S3150802E31810405B6918474068FFF7BABF73B50446E9
S3150802E32815460E46F5F728FE104B2A7CA96823607F
S3150802E338C4E90365EB8904F11400F7F79DFC6B68D9
S3150802E3482A7C198804F12400F7F76CFC2369E0682B
S3150802E3589B896946A385064BCDE90034D5E9082386
S3150802E368F3F7C3FC204602B070BD00BF18C50408FF
S3150802E3781FE3020813B50446074B084A0360C36835
S3150802E388CDE900206946D868F4F7E9F82046F5F792
S3150802E398EAFD204602B010BD18C504081FE30208A4
S3150802E3A810B50446024B0360FEF710FC204610BD62
S3150802E3B838C5040810B50446FFF7F2FF2046382187
S3150802E3C8F6F71AF8204610BD10B504460B4AF9F7AF
S3150802E3D8AFFA0B4B0B4A2360236910209B8A2263E8
S3150802E3E8A386F5F7FDFF084B084904F13002F6F74C
S3150802E3F89DFF074B2046236010BD00BF50C5040881
S3150802E40800B10408583E0408BC3904089C3E0408AE
S3150802E41838C5040810B50446024B0360FEF782FBAA
S3150802E428204610BDACC5040810B50446FFF7F2FF2E
S3150802E43820463821F5F7E0FF204610BD10B50446F8
S3150802E4480B4AF9F775FA0B4B0B4A23602369102016
S3150802E458B3F914302263A386F5F7C2FF074B0849B6
S3150802E46804F13002F6F762FF064B2046236010BD18
S3150802E478C4C5040860B00408A03704082838040884
S3150802E48864400408ACC5040810B50446024B036088
S3150802E498FEF748FB204610BD20C6040810B50446F8
S3150802E4A8FFF7F2FF20463821F5F7A6FF204610BDEA
S3150802E4B810B504460B4AF9F73BFA0B4B0B4A23608D
S3150802E4C823691020B3F914302263A386F5F788FF67
S3150802E4D8074B084904F13002F6F728FF064B20468F
S3150802E4E8236010BD38C6040860B00408A0370408BB
S3150802E4F8283804085447040820C6040810B50446F0
S3150802E508024B0360FFF714FE204610BD94C60408A2
S3150802E51810B50446FFF7F2FF20463821F5F76CFFD7
S3150802E528204610BD10B504460C4AFFF7F7FE0C4BF9
S3150802E53823602369D86902F03FFF0A4BA086236342
S3150802E5481020F5F74DFF084B084904F13002F6F793
S3150802E558EDFE074B2046236010BD00BFACC6040873
S3150802E56848C40408583E0408BC3904089C3E0408F2
S3150802E57894C6040810B50446024B0360FFF738FE32
S3150802E588204610BDDCC6040810B50446FFF7F2FF9C
S3150802E59820463821F5F730FF204610BD10B5044647
S3150802E5A80C4AFFF7BBFE0C4B23602369D86902F0B5
S3150802E5B8DDFE0A4BA08623631020F5F711FF084BE8
S3150802E5C8084904F13002F6F7B1FE074B20462360E4
S3150802E5D810BD00BFF4C60408B0C40408A03704086E
S3150802E5E82838040864400408DCC6040810B504463A
S3150802E5F8024B0360FEF7EAFA204610BD24C7040850
S3150802E60810B50446FFF7F2FF20463821F5F7F4FE5F
S3150802E618204610BD10B504460B4AF9F789F90B4B83
S3150802E6280B4A2360236910209B8A2263A386F5F77F
S3150802E638D7FE084B084904F13002F6F777FE074B6E
S3150802E6482046236010BD00BF3CC7040800B1040871
S3150802E658583E0408BC3904089C3E040824C7040822
S3150802E66810B50446024B0360FEF75CFA204610BD55
S3150802E67898C7040810B50446FFF7F2FF2046382162
S3150802E688F5F7BAFE204610BD10B504460B4AF9F747
S3150802E6984FF90B4B0B4A236023691020B3F9143040
S3150802E6A82263A386F5F79CFE074B084904F1300254
S3150802E6B8F6F73CFE064B2046236010BDB0C7040891
S3150802E6C860B00408A037040828380408483E040835
S3150802E6D898C7040810B50446024B0360FEF722FAE7
S3150802E6E8204610BD0CC8040810B50446FFF7F2FF09
S3150802E6F820463821F5F780FE204610BD10B5044697
S3150802E7080B4AF9F715F90B4B0B4A236023691020B4
S3150802E718B3F914302263A386F5F762FE074B084954
S3150802E72804F13002F6F702FE064B2046236010BDB6
S3150802E73824C8040860B00408A0370408283804085E
S3150802E748644004080CC8040810B50446024B036062
S3150802E758FFF786FA204610BD80C8040810B5044695
S3150802E768FFF7F2FF20463821F5F746FE204610BD88
S3150802E77810B504460D4AF9F7DBF80D4B0D4A236026
S3150802E788236910205B692263003B18BF012384F8BA
S3150802E7983430F5F725FE084B084904F13002F6F736
S3150802E7A8C5FD074B2046236010BD00BF98C804085C
S3150802E7B8E8BF04086C3804082C380408D04B040847
S3150802E7C880C8040810B50446024B0360FEF7FEF932
S3150802E7D8204610BDC8C8040810B50446FFF7F2FF5C
S3150802E7E820463821F5F708FE204610BD10B504461E
S3150802E7F80B4AF9F79DF80B4B0B4A2360236910203D
S3150802E8089B8A2263A386F5F7EBFD084B084904F1B0
S3150802E8183002F6F78BFD074B2046236010BD00BF72
S3150802E828E0C8040800B10408583E0408BC390408BC
S3150802E8389C3E0408C8C8040810B50446024B03607F
S3150802E848FEF770F9204610BD3CC9040810B50446FF
S3150802E858FFF7F2FF20463821F5F7CEFD204610BD10
S3150802E86810B504460B4AF9F763F80B4B0B4A2360B3
S3150802E87823691020B3F914302263A386F5F7B0FD8D
S3150802E888074B084904F13002F6F750FD064B2046B5
S3150802E898236010BD54C9040860B00408A0370408E8
S3150802E8A828380408644004083CC9040810B5044614
S3150802E8B8024B0360FEF78AF9204610BDB0C9040860
S3150802E8C810B50446FFF7F2FF20463821F5F794FDFE
S3150802E8D8204610BD10B504460B4AF9F729F80B4B22
S3150802E8E80B4A2360236910209B8A2263A386F5F7BD
S3150802E8F877FD084B084904F13002F6F717FD074B6E
S3150802E9082046236010BD00BFC8C9040800B1040820
S3150802E918583E0408BC3904089C3E0408B0C90408D1
S3150802E92810B50446024B0360FEF7FCF8204610BDF4
S3150802E93834CA040810B50446FFF7F2FF2046382100
S3150802E948F5F75AFD204610BD10B504460B4AF8F7E6
S3150802E958EFFF0B4B0B4A236023691020B3F91430D7
S3150802E9682263A386F5F73CFD074B084904F13002F2
S3150802E978F6F7DCFC064B2046236010BD4CCA040891
S3150802E98860B00408A0370408283804086440040854
S3150802E99834CA040810B50446024B0360FEF7C2F8E7
S3150802E9A8204610BD7CCA040810B50446FFF7F2FFD4
S3150802E9B820463821F5F720FD204610BD10B5044635
S3150802E9C80B4AF8F7B5FF0B4B0B4A2360236910204D
S3150802E9D8B3F914302263A386F5F702FD074B0849F3
S3150802E9E804F13002F6F7A2FC064B2046236010BD56
S3150802E9F894CA040860B00408A0370408283804082A
S3150802EA08544704087CCA040810B50446024B036036
S3150802EA18FEF788F8204610BDF0CA040810B5044661
S3150802EA28FFF7F2FF20463821F5F7E6FC204610BD27
S3150802EA3810B504460B4AF8F77BFF0B4B0B4A2360C3
S3150802EA4823691020B3F914302263A386F5F7C8FCA4
S3150802EA58074B084904F13002F6F768FC064B2046CC
S3150802EA68236010BD08CB040860B00408A037040860
S3150802EA782838040864400408F0CA040810B504468D
S3150802EA88024B0360FEF7A2F8204610BD64CB0408C1
S3150802EA9810B50446FFF7F2FF20463821F5F7ACFC15
S3150802EAA8204610BD10B504460B4AF8F741FF0B4B32
S3150802EAB80B4A2360236910209B8A2263A386F5F7EB
S3150802EAC88FFC084B084904F13002F6F72FFC074B6E
S3150802EAD82046236010BD00BF7CCB040800B1040899
S3150802EAE8583E0408BC3904089C3E040864CB04084A
S3150802EAF810B50446024B0360FEF714F8204610BD0B
S3150802EB08D8CB040810B50446FFF7F2FF2046382189
S3150802EB18F5F772FC204610BD10B504460B4AF8F7FD
S3150802EB2807FF0B4B0B4A236023691020B3F91430ED
S3150802EB382263A386F5F754FC074B084904F1300209
S3150802EB48F6F7F4FB064B2046236010BDF0CB040803
S3150802EB5860B00408A0370408283804086440040882
S3150802EB68D8CB040810B50446024B0360FEF72EF804
S3150802EB78204610BD20CC040810B50446FFF7F2FF5C
S3150802EB8820463821F5F738FC204610BD10B504464C
S3150802EB980B4AF8F7CDFE0B4B0B4A23602369102064
S3150802EBA89B8A2263A386F5F71BFC084B084904F1DE
S3150802EBB83002F6F7BBFB074B2046236010BD00BFA1
S3150802EBC838CC040800B10408583E0408BC390408BD
S3150802EBD89C3E040820CC040810B50446024B036080
S3150802EBE8FDF7A0FF204610BD68CC040810B50446F8
S3150802EBF8FFF7F2FF20463821F5F7FEFB204610BD3F
S3150802EC0810B504460B4AF8F793FE0B4B0B4A2360DA
S3150802EC1823691020B3F914302263A386F5F7E0FBBB
S3150802EC28074B084904F13002F6F780FB064B2046E3
S3150802EC38236010BD80CC040860B00408A037040815
S3150802EC48283804086440040868CC040810B5044641
S3150802EC58024B0360FDF7BAFF204610BDB0CC040884
S3150802EC6810B50446FFF7F2FF20463821F5F7C4FB2C
S3150802EC78204610BD10B504460B4AF8F759FE0B4B49
S3150802EC880B4A2360236910209B8A2263A386F5F719
S3150802EC98A7FB084B084904F13002F6F747FB074B6E
S3150802ECA82046236010BD00BFC8CC040800B104087A
S3150802ECB8583E0408BC3904089C3E0408B0CC04082B
S3150802ECC810B50446024B0360FDF72CFF204610BD1B
S3150802ECD8F8CC040810B50446FFF7F2FF2046382197
S3150802ECE8F5F78AFB204610BD10B504460B4AF8F715
S3150802ECF81FFE0B4B0B4A236023691020B3F9143005
S3150802ED082263A386F5F76CFB074B084904F1300220
S3150802ED18F6F70CFB064B2046236010BD10CD0408F7
S3150802ED2860B00408A03704082838040864400408B0
S3150802ED38F8CC040810B50446024B0360FDF746FFF3
S3150802ED48204610BD6CCD040810B50446FFF7F2FF3D
S3150802ED5820463821F5F750FB204610BD10B5044663
S3150802ED680B4AF8F7E5FD0B4B0B4A2360236910207B
S3150802ED789B8A2263A386F5F733FB084B084904F1F5
S3150802ED883002F6F7D3FA074B2046236010BD00BFB8
S3150802ED9884CD040800B10408583E0408BC3904089E
S3150802EDA89C3E04086CCD040810B50446024B036061
S3150802EDB8FDF70CFF204610BDB4CD040810B504466D
S3150802EDC8FFF7F2FF20463821F5F716FB204610BD55
S3150802EDD810B504460B4AF8F7ABFD0B4B0B4A2360F2
S3150802EDE8236910209B8A2263A386F5F7F9FA084B4A
S3150802EDF8084904F13002F6F799FA074B20462360C8
S3150802EE0810BD00BFCCCD040800B10408583E04085A
S3150802EE18BC3904087C3E0408B4CD040810B5044677
S3150802EE28024B0360FDF77EFE204610BDFCCD0408A2
S3150802EE3810B50446FFF7F2FF20463821F5F7DCFA43
S3150802EE48204610BD10B504460B4AF8F771FD0B4B60
S3150802EE580B4A236023691020B3F914302263A38668
S3150802EE68F5F7BEFA074B084904F13002F6F75EFAD7
S3150802EE78064B2046236010BD14CE040860B0040869
S3150802EE88A03704082838040820B40408FCCD040866
S3150802EE9810B50446024B0360FDF744FE204610BD32
S3150802EEA870CE040810B50446FFF7F2FF204638214B
S3150802EEB8F5F7A2FA204610BD10B504460B4AF8F72C
S3150802EEC837FD0B4B0B4A236023691020B3F914301C
S3150802EED82263A386F5F784FA074B084904F1300238
S3150802EEE8F6F724FA064B2046236010BD88CE040896
S3150802EEF860B00408A03704082838040864400408DF
S3150802EF0870CE040838B504460D46C97A1030C1F3DE
S3150802EF184001F5F7D5F8237D13B1012384F8283083
S3150802EF28E97A04F11C0001F00101F5F7C9F894F829
S3150802EF38203013B1012384F8293004F14400002152
S3150802EF48BDE83840F5F77DB913B50446074B084AB4
S3150802EF580360C368CDE900206946D868F3F7FFFA63
S3150802EF682046F5F700F8204602B010BDE4CE04089C
S3150802EF7891EF020810B50446FFF7E6FF204654212A
S3150802EF88F5F73AFA204610BD4068FFF7BBBF38B511
S3150802EF980446002500211030F5F792F804F12C00F2
S3150802EFA80021F5F78DF8294604F11C0084F8285043
S3150802EFB8F5F786F8294604F13800F5F781F829465F
S3150802EFC884F8295004F14400BDE83840F5F739B900
S3150802EFD810B5044690F828102C30F5F771F894F80D
S3150802EFE8291004F13800F5F76BF800230121238567
S3150802EFF804F14400F5F72BF9636C23B92046BDE8FA
S3150802F0081040FFF7C4BF10BD37B504460D46F4F7DE
S3150802F018B3FF134A134B2261E261E262A263124A00
S3150802F0282360E26404F14402226564220023C4E9E7
S3150802F03811220E4A2846CDE90024694640F28A3248
S3150802F048C4E90533C4E90833C4E90C33C4E90F3300
S3150802F058E5602385F2F749FE204603B030BD00BFB6
S3150802F0686C380408E4CE04085C38040891EF0208F0
S3150802F07870B5044600F040FB2046E1F75DFA0546FE
S3150802F088A820F5F7ADF906462146FCF7D5FD31461F
S3150802F098281DBDE87040F4F7A3BF8369D3F8482250
S3150802F0A82AB9D3F84C02801A18BF012070470120E2
S3150802F0B8704743681B68585C7047436801201B6899
S3150802F0C85A54704710B54FF4067104468068F6F725
S3150802F0D8B7FF30B9A06842F23F71BDE81040F6F7AB
S3150802F0E8AFBF10BD436858681B68C01A7047084600
S3150802F0F8FFF7F8BF436858681B68C01A801070473C
S3150802F1084068FFF7CABF4068FFF7DCBF10B5084674
S3150802F1181C46FFF7E7FF904208D94B68204619684C
S3150802F1282368895C9B689847012010BD0020FCE784
S3150802F1382DE9F3410646382098460F461546F5F74F
S3150802F1484FF90023044639462A4600934346FDF7F3
S3150802F15813FA0C4B0C4A236023692D68B3F9143049
S3150802F16810202263A386F5F73BF92946074B04F1D3
S3150802F1783002F6F7DBF82146301D02B0BDE8F04149
S3150802F188F4F72EBF583F0408A0370408283804089D
S3150802F19810B5E1F77DFDBDE810400146037E024A37
S3150802F1A8C068FFF7C5BF00BF34D0040810B5E1F739
S3150802F1B86FFD04460146037E054AC068FFF7B8FF95
S3150802F1C82146237EE068034ABDE81040FFF7B0BF30
S3150802F1D810D00408ECCF04082DE9F04105461C2096
S3150802F1E8F5F7FEF804462846E1F7ABF9124BA06193
S3150802F1F8C4E90034114B2846C4E90234104BC4E961
S3150802F2080434E1F745FD90F82080C7680646602071
S3150802F218F5F7E6F8054642463146FCF751FC294613
S3150802F228381DF4F7DDFE04F11003AC6308346B6489
S3150802F238EC62BDE8F08100BF00CF040810CF0408CD
S3150802F24820CF040838B50D461446E1F770F929881F
S3150802F258F6F796F830B1044B82689A4214BF00232F
S3150802F2684368A36038BD00BFBC3904082DE9F041DC
S3150802F2780646E1F70DFD90F81880C768054660202E
S3150802F288F5F7AEF8044642462946FCF7B9FD214683
S3150802F298381DF4F7A5FE304604F124020549FFF79E
S3150802F2A8D1FF304604F130020349BDE8F041FFF7C1
S3150802F2B8C9BF00BF9C3E04086CD0040843681B6893
S3150802F2C853F821301878704737B5084614461A464F
S3150802F2D8FFF708FFA0420D460DD9136810469B682A
S3150802F2E80DF10701984701206B689DF807201B68EE
S3150802F2F81A5503B030BD0020FBE743689B69D3F86B
S3150802F3084402003818BF0120704743689B69D3F83E
S3150802F3184002003818BF01207047000038B50D466C
S3150802F3281446E1F704F92988F6F72AF830B1044BA6
S3150802F33882689A4214BF00234368A36038BD00BF97
S3150802F348283804082DE9F0410646E1F7A1FC90F8A9
S3150802F3582080C76805469C20F5F742F804464246C7
S3150802F3682946FCF735FE2146381DF4F739FE30469C
S3150802F37804F160020549FFF7D1FF304604F1540249
S3150802F3880349BDE8F041FFF7C9BF00BFD84A0408D8
S3150802F398244A04082DE9F0410546E1F779FC90F874
S3150802F3A82080C76806466020F5F71AF804464246DA
S3150802F3B83146FCF783FE2146381DF4F711FE284626
S3150802F3C804F13C020849FFF7A9FF284604F130026E
S3150802F3D80649FFF7A3FF284604F124020449BDE8B3
S3150802F3E8F041FFF79BBF00BFD4380408284A04082F
S3150802F3F8A83C04082DE9F0410546E1F749FC90F8CE
S3150802F4082080C76806466020F4F7EAFF04464246A3
S3150802F4183146FCF7ABFE2146381DF4F7E1FD2846CE
S3150802F42804F130020849FFF779FF284604F13C023D
S3150802F4380649FFF773FF284604F124020449BDE882
S3150802F448F041FFF76BBF00BF943C04089C3C0408D4
S3150802F458983C04082DE9F0410646E1F719FC90F8AC
S3150802F4682080C76804468820F4F7BAFF054642464C
S3150802F4782146FDF793F92946381DF4F7B1FD3046BA
S3150802F48805F130020249BDE8F041FFF747BF00BF60
S3150802F498E04B04082DE9F0410646E1F7F9FB044674
S3150802F4A890F82080C7684C20F4F79AFF054642462A
S3150802F4B82146FDF7F1F92946381DF4F791FD0A495F
S3150802F4C805F130023046FFF729FF0C20F4F788FFCA
S3150802F4D804463046E1F735F8044BA060C4E900341F
S3150802F4E8EC62BDE8F08100BFE44B040830CF04089B
S3150802F4F82DE9F0410646E1F7CBFB90F82080C7686C
S3150802F50805464C20F4F76CFF044642462946FDF7A1
S3150802F518C9FA2146381DF4F763FD304604F130026C
S3150802F5280549FFF7FBFE304604F124020349BDE804
S3150802F538F041FFF7F3BE00BFD0960408CC9604083C
S3150802F5482DE9F0410646E1F7A3FB90F82080C76843
S3150802F55804463820F4F744FF054642462146FCF796
S3150802F568F1FC2946381DF4F73BFD304605F124021D
S3150802F5780249BDE8F041FFF7D1BE00BFE09604088C
S3150802F5882DE9F0410646E1F783FB90F81880C7682B
S3150802F59804463820F4F724FF054642462146FCF776
S3150802F5A88BFC2946381DF4F71BFD304605F1240263
S3150802F5B80249BDE8F041FFF7B1BE00BF20B404080E
S3150802F5C82DE9F0410546E1F763FB90F81880C7680C
S3150802F5D806468820F4F704FF044642463146FCF7F5
S3150802F5E89DFB2146381DF4F7FBFC284604F1300238
S3150802F5F80849FFF727FE284604F13C020649FFF7A1
S3150802F60821FE284604F148020449BDE8F041FFF7FD
S3150802F61885BE00BF604004087C3E040864400408AE
S3150802F62838B50D461446E0F782FF2988F5F7A8FE8D
S3150802F63830B1044B82689A4214BF00234368A36018
S3150802F64838BD00BF2C3804082DE9F0410546E1F714
S3150802F6581FFB90F82080C7680646EC20F4F7C0FE20
S3150802F668044642463146FCF7D7FD2146381DF4F7CB
S3150802F678B7FC284604F13C020849FFF7D1FF284699
S3150802F68804F148020649FFF7CBFF284604F160024F
S3150802F6980449BDE8F041FFF7C3BF00BF207104085B
S3150802F6A858D00408444A04082DE9F0410646E1F709
S3150802F6B8EFFA90F82080C76805464C20F4F790FEC2
S3150802F6C8044642462946FCF7A7F92146381DF4F7A7
S3150802F6D887FC304604F124020549FFF7B3FD304694
S3150802F6E804F130020349BDE8F041FFF799BF00BFAC
S3150802F6F8084A040800C004082DE9F04F85B00390AB
S3150802F7082820F4F76DFE04461822002102F0C6FBEB
S3150802F718A24B3C20C4E90634A14B4FF0100B2362D6
S3150802F72804F10C036362F4F75BFEC4E900003C309B
S3150802F738A0600F20F4F754FE9A4BC4E903000F3071
S3150802F74860610093BBF1010B23D11020F4F748FE40
S3150802F7580546954B954904F11802F5F7E7FD28463B
S3150802F768F5F746FD1020F4F73BFE0546904B04F1E3
S3150802F77820029049F5F7DAFD2846F5F739FDD4E966
S3150802F78800239B1A9D105D4540F0F98005B0BDE837
S3150802F798F08FD4E90075EA1B802A39DC3B469D427C
S3150802F7A81E4622D1009BA6EB0709A3F1080AA368FD
S3150802F7B89D4201935BD0B54205F1040340D1C5F8D1
S3150802F7C800A06360E768D4E9046296424FEAA9058D
S3150802F7D807EBA903019200F09B80B3427FD14FF051
S3150802F7E8000201337A5523610EE03168043308783A
S3150802F7F8009911F8081C8842D1D333681978009BF6
S3150802F80813F8083C9942CDD1009B0833009399E72F
S3150802F8183E460099931011F808CC581056F820104D
S3150802F82806EB800E097861452FBF03461B1A03F1BA
S3150802F838FF330EF10406002BEFDCB542DDD1B1E742
S3150802F8482A4655F8041C42F80419921B6360042ACE
S3150802F858C2EB827305EB030005DD314602F005FBB0
S3150802F868C6F800A0AEE704BF3268EA50F8E752497C
S3150802F87893108A4202D1514801F07AFA012B2CBF19
S3150802F888DB1801336FF06042934228BF13469B0088
S3150802F89818460293F4F7A4FDB9F1000F804640F81A
S3150802F8A809A003DD4A46394602F014FBAD1B09F1E5
S3150802F8B80403002D434405DD18462A46314602F05C
S3150802F8C809FB03461D4427B1019B3846D91BF4F7A1
S3150802F8D893FD029BC4E900854344A36072E7324656
S3150802F8E816F8011C02F8011B711E2261CA1A012A9E
S3150802F8F8A3EB010106EB010006DD194602F0B5FA8B
S3150802F9084FF000037B557FE704BF7B5D7354F7E727
S3150802F9186FF00042A6EB07089045ACD0B8F1010F84
S3150802F9282CBFC04408F10108904528BF90464046B6
S3150802F9380293F4F755FD4FF00003B9F1000F43554A
S3150802F9488246029B04DD2A46394602F0C3FA029B1E
S3150802F958F61A0135002E554404DD3246194628465C
S3150802F96802F0B8FA354427B1019B3846D91BF4F791
S3150802F97843FD0AEB0803C4E903A5636144E7E368A0
S3150802F98813F80B30012B05D12368039853F82B304B
S3150802F9985B6898470BF1010BF5E600BF40CF0408F0
S3150802F9A854CF04087CCF0408CC3A040860D004086B
S3150802F9B8F4CE04085CD00408FCFFFF7F049F030802
S3150802F9C810B50446C068C36A2C301B6898470028D5
S3150802F9D8C9BFE368012093F8420093F84030C4BFD0
S3150802F9E81843C0F3C01010BD10B50446024B036095
S3150802F9F8F4F7B9FA204610BDE4D0040810B504464F
S3150802FA08FFF7F2FF20461821F4F7F6FC204610BD48
S3150802FA184068FFF7D5BF000038B504460D46F4F727
S3150802FA28ABFA044B20462360034BE560C4E9043469
S3150802FA3838BD00BFE4D00408D4D0040810B504467B
S3150802FA48C068D0F88C308C301B689847B4F91C30DB
S3150802FA588342D4BF0020012010BD000010B5044619
S3150802FA68024B0360F4F77FFA204610BD0CD104084E
S3150802FA7810B50446FFF7F2FF20462421F4F7BCFC2A
S3150802FA88204610BD4068FFF7D9BF000070B5044686
S3150802FA9816460D46F4F770FA0C4BE66023600C4BD3
S3150802FAA80C49C4E904346A68B5F90830C4E9061287
S3150802FAB82D6823841020F4F793FC2946064B04F193
S3150802FAC81802F5F733FC204670BD00BF0CD10408AE
S3150802FAD8FCD00408F43B04082838040870B5044620
S3150802FAE840680D4603681B68984730B1E0680368A2
S3150802FAF82946BDE870405B681847A068F7E710B55D
S3150802FB080446406803681B68984728B1E068036892
S3150802FB18BDE810401B681847A068F8E738B50446D8
S3150802FB2808200D46F4F75CFC2368456003602060EC
S3150802FB3838BD0000F8B5066805462420F4F750FCD7
S3150802FB48044632461449FFF7A1FF214606F1C000CA
S3150802FB58F4F746FA6F6804F1100107F14800FFF74F
S3150802FB68DDFF04F1100107F14000FFF7D7FF18205F
S3150802FB782D68F4F735FC044605F58871FFF74CFF3E
S3150802FB88214605F1C000F4F72BFA04F1100107F132
S3150802FB984800FFF7C3FFF8BDB0D1040808B5D0E995
S3150802FBA8001024314030FFF7B9FF08BD08B5D0E97F
S3150802FBB8001001F5AA714430FFF7B0FF08BD00002E
S3150802FBC870B5D0E900644420F4F70AFC05462246D3
S3150802FBD8074900F055FA294606F1C000F4F700FA73
S3150802FBE805F1140104F14000FFF798FF70BD00BF44
S3150802FBF8A8D1040870B5D0E900566C20F4F7F0FBD2
S3150802FC0804462A46074900F0D9F9214605F1C000F3
S3150802FC18F4F7E6F904F1640106F14000FFF77EFFFE
S3150802FC2870BD00BF84D1040870B5D0E9006470209D
S3150802FC38F4F7D6FB05462246074900F051FD294640
S3150802FC4806F1C000F4F7CCF905F1680104F14000A1
S3150802FC58FFF764FF70BD00BF60D104082DE9F041C3
S3150802FC68044605682020F4F7BBFB064605F59A778D
S3150802FC783A46154900F00AF9314605F1C000F4F783
S3150802FC88AFF92020D4F80080F4F7AAFB05463A46CD
S3150802FC980E4900F0FBF8294608F1C000F4F7A0F966
S3150802FCA82368102003F1E007F4F79AFB084B0C3691
S3150802FCB80C350146C0E900378660C5606068403081
S3150802FCC8FFF72CFFBDE8F08158D1040850D1040883
S3150802FCD824D1040870B5D0E900561820F4F780FB39
S3150802FCE80446294600F0CEFD214605F1C000F4F780
S3150802FCF877F904F10C0106F14000FFF70FFF70BD12
S3150802FD0870B5D0E900644FF46570F4F769FB0546E7
S3150802FD182246074900F0B2FA294606F1C000F4F766
S3150802FD285FF905F5637104F14000FFF7F7FE70BD48
S3150802FD382CD1040808B5D0E90010F8314030FFF78D
S3150802FD48EDFE08BD10B50446FFF7C4FF2046FFF7C7
S3150802FD5825FF2046FFF782FF2046FFF727FF2046A2
S3150802FD68FFF7E8FF237B204663B9FFF729FF2046FA
S3150802FD78FFF740FF2046FFF757FF2046BDE8104029
S3150802FD88FFF7D8BEFFF7BCFFF7E7000070B50446D1
S3150802FD984168144A28311448E5F77CFC6268102041
S3150802FDA802F13005F4F71CFB104B2A461049F5F701
S3150802FDB8BDFA61680B4A38310E48E5F76BFCD4E997
S3150802FDC800542820F4F70CFB0646294604F13002AB
S3150802FDD800F012FC314605F1C000BDE87040F4F7A0
S3150802FDE8FFB800BF2C380408C4D10408483C0408E4
S3150802FDF8C0D10408BCD1040870B5044601604C2079
S3150802FE080D46F4F7EDFA0646294600F0E5F93146B5
S3150802FE1805F1C000F4F7E4F8002304F10801666066
S3150802FE284B60074B074AA3600748E5F733FCF5F723
S3150802FE38DFF9D4E9002328332046136270BD00BFD0
S3150802FE48C83704082C38040894D20408037F1BB15F
S3150802FE58406903681B6818471846704710B5044670
S3150802FE68024B0360F4F77FF8204610BDB0D20408A7
S3150802FE7810B50446FFF7F2FF20462021F4F7BCFA2C
S3150802FE88204610BD4068FFF7E1BF000070B504467A
S3150802FE980D461646F4F770F80A4B0B4A23600B4BC5
S3150802FEA86661C4E903342B792D68A2612377102089
S3150802FEB8F4F796FA2946064B04F11802F5F736FAC4
S3150802FEC8204670BDB0D20408C8370408A0D2040870
S3150802FED82C38040810B50446024B0360F4F743F8B5
S3150802FEE8204610BDC8D2040810B50446FFF7F2FF2B
S3150802FEF820466C21F4F780FA204610BD70B50446F0
S3150802FF08C068436F74301B689847064604F1280090
S3150802FF18E1F7A5FB054604F15000E1F7A0FBAE425E
S3150802FF2834BF00250125864288BF002594F8623029
S3150802FF3885F00100984205D0002384F8620084F807
S3150802FF48613070BD94F8613094F860209A4286BF91
S3150802FF58013384F8613084F86800F2E7F8B50D468B
S3150802FF680446AB89124E088923814989A382114B13
S3150802FF782F682660E66004F10C06C4E90632A080FA
S3150802FF88E18020826182C4E908461020F4F728FA3B
S3150802FF9822463946084BF5F7C9F96D681020F4F771
S3150802FFA81FFA32462946044BF5F7C0F92046F8BD2A
S3150802FFB86C49040858390408BC39040870B504465B
S3150802FFC80E461546F3F7D8FF104B3146236005F15E
S3150802FFD8E002E56004F11000FFF7C0FF05F1E00250
S3150802FFE806F1100104F13800FFF7B8FF96F8203039
S3150802FFF8074A84F8603084F861300123204684F879
S315080300086230626684F8683070BD00BFC8D20408D7
S315080300186C38040810B50446024B0360F3F7A3FFCC
S31508030028204610BDF0D2040810B50446FFF7F2FFC0
S3150803003820464421F4F7E0F9204610BD38B50546AD
S31508030048C0683435036910301B68984755F8243C4B
S3150803005868B15A6D03F15400126890470446284656
S31508030068E1F70CFB8442ACBF0020012038BDDA6AED
S3150803007803F12C001268F0E74068FFF7DFBF0000BA
S315080300882DE9F041044615460E46F3F775FF264B48
S31508030098264A2360EB68E560C4E905242361D3F897
S315080300A8BC00E5F7A5FD23698046D3F8BC00204DB7
S315080300B8B0F91870E5F79CFD2369E561A4F8208073
S315080300C86784A084D3F8BC00E5F792FD23698046C4
S315080300D8D3F8BC00B0F91870E5F78AFD2369154A01
S315080300E8A562A4F82C80E785D6F80080E03304F1E6
S315080300F81C0704F12805C4E90D232086C4E90F75EE
S315080301081020F4F76DF93A4641460B4BF5F70EF905
S3150803011876681020F4F764F92A463146064BF5F74C
S3150803012805F92046BDE8F081F0D20408E0D20408B0
S31508030138F43B0408383904082838040810B5046851
S315080301480CB9204610BD606803681B6898470028E1
S31508030158F8D12468F4E7CB6893F8EC302BB191F817
S315080301683C30037003234370704791F824301BB15E
S31508030178012303700223F6E70B7F23B191F82C308A
S3150803018803700123EFE70B7DFAE713B504464830F6
S31508030198FFF7D4FF10B1002384F8243004F1400094
S315080301A8FFF7CCFF80F00100207504F14400FFF740
S315080301B8C5FF2146207701A8FFF7CDFF9DF805203F
S315080301C89DF80430032A84F8342084F82C3018BFA1
S315080301D884F83C3002B010BD38B504460D46F3F72B
S315080301E8CBFE0C4B0C4A236000230C49C4E90623AF
S315080301F8C4E90A2322610A4A2046C4E90E13C4E954
S315080302081033E56063616362216263632263A364EF
S3150803021838BD00BF08D304086C380408C83704086F
S31508030228143C040838B50446006808B9204638BD9E
S3150803023805680821F4F7E0F82846F6E710B50446F2
S31508030248084B40F8483BFFF7EDFF04F14400FFF776
S31508030258E9FF04F14000FFF7E5FF2046F3F783FEBD
S31508030268204610BD08D3040810B50446FFF7E6FF71
S3150803027820464C21F4F7C0F8204610BDF8B51646B3
S3150803028804460D46F3F778FE144BF16804F1140790
S3150803029823602A46E660216104F5E476384600F0C9
S315080302A801F905F110023046216900F0FBF82369C4
S315080302B8C4F88463E033C4E9DF3795F82030084A7D
S315080302C884F8883384F889330123204684F88A33E3
S315080302D8C4F88C2384F89033F8BD00BF20D30408E8
S315080302E86C38040810B50446006803681B68984701
S315080302F8D4E9012300280CBF1046184610BD2DE97A
S31508030308F04105460069C36A2C301B6898470746B7
S315080303182869436D54301B68984780462869436F94
S3150803032874301B689847044605F55F70FFF7DAFFCC
S315080303382246394600F0FEF8074605F55F70FFF7CB
S31508030348D1FF2246414600F0E2F8B842A8BF38462C
S3150803035804B2C4B12869D0F8D03100F5E8701B682F
S3150803036898470646E868036910301B68984728B112
S31508030378A642D4BF00200120BDE8F081B742CCBF0E
S3150803038800200120F8E72046F6E710B50446FFF7EC
S31508030398B6FF94F88A3380F00100C0B2984205D0B4
S315080303A8002384F88A0384F8893310BD94F88933BB
S315080303B894F888239A4286BF013384F8893384F8E4
S315080303C89003F2E770B505460446D0F8B0610EB94E
S315080303D8284670BD04F12400E2F786FB2046E2F7B7
S315080303E883FB013E4834F2E710B50446074B03601E
S315080303F800F5E470FFF7E6FF04F11400FFF7E2FFE0
S315080304082046F3F7B0FD204610BD00BF20D30408E5
S3150803041810B50446FFF7E8FF20464FF46571F3F76E
S31508030428EBFF204610BDD0F8B031013921EAE17156
S315080304389942A8BF19460846704700002DE9F043B4
S31508030448102705468C469946DFF84C8087B0134E25
S31508030458CDF8108005970DEB070393E803001346B9
S31508030468CDE901010E4A614628460096E1F780FE62
S31508030478CDE904870DEB070393E80300084ACDE99A
S3150803048801010E9B4946009605F12400E1F770FE23
S31508030498284607B0BDE8F08330D30408E43B0408CC
S315080304A8E83B04082DE9F74300250446884617461A
S315080304B84FF04809C0F8B051D8F8BC00E5F798FBDF
S315080304C82EB2864203DB204603B0BDE8F083D4F890
S315080304D8B0C1F86839687A68BB68BCF1060F01EBDE
S315080304E8860102EB860203EB860305F1010500EB99
S315080304F8860609FB0C4008D00096FFF79FFFD4F839
S31508030508B0310133C4F8B031D6E701F091FC13B51D
S315080305180446FFF788FF482303FB0040416A836ABA
S3150803052800915B1A9B100193DDE90001E1F7CDFA07
S3150803053802B010BD13B50446FFF775FF48235843A1
S31508030548231821585B6800915B1A9B100193DDE910
S315080305580001E1F7BAFA02B010BD000010B5044667
S31508030568024B0360F3F7FFFC204610BD78D3040853
S3150803057810B50446FFF7F2FF20462821F3F73CFF98
S31508030588204610BD144B70B51A681B7902600371AF
S315080305980446C8680E46436914301B6898470546D7
S315080305A8306903681B68984718B1831EDBB2012BA9
S315080305B80CD8E4F7ABFD202320706370A31C4F22E5
S315080305C81A702DB14E225A70204670BD2346F6E797
S315080305D846225A709A70F7E78CD3040813B504466B
S315080305E801466846FFF7CEFF009860619DF8043018
S315080305F8237602B010BD000070B504460E461546AC
S31508030608F3F7BAFC0C4BC4E903652360002363615B
S3150803061823760A4B1020E36104F1140323620523A6
S315080306286362F3F7DDFE064B064904F11C02F4F789
S315080306387DFE204670BD00BF78D30408AC3A04088B
S31508030648CC3A040888D3040810B50446024B036059
S31508030658F3F789FC204610BD9CD3040810B5044655
S31508030668FFF7F2FF20467021F3F7C6FE204610BDB2
S3150803067870B504462C30E1F701F8064604F1540030
S31508030688E0F7EDFF0546E068036910301B689847ED
S3150803069828B16423754395FBF3F5701B06B22069E5
S315080306A8D0F8D03100F5E8701B689847B042ACBF5C
S315080306B80020012094F86630984205D0002384F870
S315080306C8660084F8653070BD94F8653094F864203C
S315080306D89A4286BF013384F8653084F86C00F2E7DA
S315080306E82DE9F0410D4604461646F3F745FC384B03
S315080306F8B5F90C202360E660F368364EB5F90A1097
S31508030708B5F90800A2832285334AD5F8008004F18F
S315080307181407236166612662E03304F12006C4E9F7
S315080307280C3720836183A084E184E262A6631020E0
S31508030738F3F756FE3A464146284BF4F7F7FD6F6832
S315080307481020F3F74DFE32463946244BF4F7EEFDEF
S31508030758AA8B2369224E698B288BA4F84420A4F80C
S315080307685020204A04F13C07D5F81080E033E663A5
S31508030778A66404F14806C4E91523C4E91776A4F858
S315080307884000A4F84210A4F84C00A4F84E10102010
S31508030798F3F726FE3A464146134BF4F7C7FD6F6946
S315080307A81020F3F71DFE324639460F4BF4F7BEFD04
S315080307B895F820300D4A84F8643084F865300123A7
S315080307C8204684F86630A26684F86C30BDE8F08162
S315080307D89CD30408F43B0408383904082838040861
S315080307E86C49040858390408BC3904086C380408E1
S315080307F810B50446024B0360F3F7B5FB204610BD54
S31508030808C4D3040810B50446FFF7F2FF2046182197
S31508030818F3F7F2FD204610BD38B505464069C36CA3
S315080308284C301B68984704466869C36A2C301B68AA
S3150803083898476B69D3F8BC10B1F91830A34204DC9E
S31508030848A3B25A1C92B2012A06D8012015E001DA86
S31508030858887E10E0002010E05B4242421BB212B2C7
S3150803086813EA240338BF234612EA200238BF02468E
S315080308789A42ECDDC87E80F0010038BD4068FFF770
S31508030888CBBF000038B504460D46F3F775FB044B92
S3150803089820462360034B6561C4E9033438BD00BFAA
S315080308A8C4D30408B4D3040800F072B810B50446D0
S315080308B8024B036000F058F8204610BDDCD3040841
S315080308C810B50446FFF7F2FF20463021F3F794FDE7
S315080308D8204610BD10B50446C06A03681B689847C6
S315080308E8D4E90932062101FB0232934201D1FF20DA
S315080308F809E0B3F90010814206DCB3F90210814214
S3150803090802DBB3F9040010BD0633EEE710B5044657
S31508030918FFF7E0FF01462046BDE8104000F03EB861
S3150803092882B0F8B5054606AC16460F4644F8043FA2
S3150803093800F046F894E803002B46094A43F8242BA3
S3150803094883E80300EE621020F3F74AFD3246394678
S31508030958044BF4F7EBFC2846BDE8F84002B07047A9
S31508030968DCD304082838040810B50446024B036088
S31508030978F3F7F9FA204610BDF4D3040810B504466C
S31508030988FFF7F2FF20462421F3F736FD204610BD6C
S315080309980021143020F8041CF3F753BC38B50D4668
S315080309A8A1F1FF035942594104461430F3F74FFCA2
S315080309B8FF2D01D0258202E06369002BFAD038BDE2
S315080309C838B504462546F3F7D7FA0C4B012245F8FA
S315080309D80C3B00236B600A4B0A49E36004F11400D5
S315080309E8C823F5F749F91020F3F7FAFC2A46064B04
S315080309F80649F4F79BFC204638BD00BFF4D3040820
S31508030A08A037040804D4040828380408A097040857
S31508030A18FFF7BEBF10B50446024B0360FFF7A4FFF2
S31508030A28204610BD10D4040810B50446FFF7F2FF94
S31508030A3820463021F3F7E0FC204610BD0D4B70B570
S31508030A4804461868DFF770FDD4E90932D0F8CC589C
S31508030A5803EBC2029342184601D1FF2008E0016856
S31508030A68E66A6940314203F10803F3D1B0F9040091
S31508030A7870BD00BFC09E002010B50446FFF7DEFF11
S31508030A8801462046BDE81040FFF788BF37B5044638
S31508030A981D468DE80600FFF793FF9DE803002246E7
S31508030AA8044B42F8243B82E803002046E56203B078
S31508030AB830BD00BF10D4040810B50446024B0360C2
S31508030AC8FFF752FF204610BD28D4040810B504467C
S31508030AD8FFF7F2FF20465021F3F78EFC204610BD98
S31508030AE838B50446406AF2F74BFD0023263400F16D
S31508030AF87D0134F9022F4AB102F17D05A84205DCC6
S31508030B088A4203DC044A32F9130038BD0133072B3A
S31508030B18EFD1FF20F9E700BF38D4040810B5044617
S31508030B28FFF7DEFF01462046BDE81040FFF736BF4C
S31508030B38002270B500F1260100F1340631F9025F87
S31508030B4855B10C4634F9023F23B1EB1AF933B3F519
S31508030B58F97F08D9A642F5D10132062AEED1002330
S31508030B6880F84C3070BD0123FAE710B50446012115
S31508030B78406AF2F74CFD0021606AF2F737FD002355
S31508030B88204684F84C30FFF703FF2046BDE810409B
S31508030B98FFF7CEBF70B504460E461546FFF710FF96
S31508030BA81A4B23601A4B1868DFF7BEFC482303FB66
S31508030BB8050000F5207060620E22002104F1280062
S31508030BC801F06CF9134A144BC4E90E20072240F2C4
S31508030BD80671C4E9102304F148000222F5F722F83E
S31508030BE8626A102002F13005F3F7FAFB2A46314602
S31508030BF80A4BF4F79BFB1020F3F7F2FB084B09495A
S31508030C0804F13802F4F792FB204670BD28D4040889
S31508030C18C09E0020DC7004080000881328380408DE
S31508030C28B439040848D404080079704701710120C7
S31508030C387047000010B50446024B0360F3F793F9AF
S31508030C48204610BD64D4040810B50446FFF7F2FF1E
S31508030C5820464421F3F7D0FB204610BD10B50446B9
S31508030C68006903681B68984783B2062B08D894F863
S31508030C782C302BB1B4F91C309842A8BF184600B2D9
S31508030C8810BD38B50446C06803681B68984794F8C6
S31508030C98343080EA0305E9B204F13800F3F710FAA9
S31508030CA8237E012B08D9022B01D184F82C50204620
S31508030CB8FFF7D4FFA08438BD94F83C30002BF6D050
S31508030CC894F82C3083F0010384F82C30EFE70000FE
S31508030CD82DE9F041044616460D469846F3F74CF9AE
S31508030CE8C4E903560025194B30462360184BA561FA
S31508030CF863613368A4F81C801B689847154B164A22
S31508030D082362164BA084A3622263A363C4E90F551F
S31508030D1804F11407E56265631020F3F761FB3A46A5
S31508030D280F4B1049F4F702FB1020F3F759FB04F1AC
S31508030D3830020D4B0D49F4F7F9FA237E20465A1E5D
S31508030D485342534184F82C30BDE8F08164D404082F
S31508030D5854D40408A0370408C83704086C380408A8
S31508030D68FC49040878D404082C38040874D40408FD
S31508030D7808B501F05DF8000008B5C0F3C7537F3B13
S31508030D88162B01460FDC002B12DB0D4840FA03FC31
S31508030D9811EA0C0F05D04FF480001841084420EADD
S31508030DA80C01084608BD802BFBD100F011F808BDD5
S31508030DB8013300F00041F4D141F07E51F1E700BF59
S31508030DC8FFFF7F0080F0004002E000BF81F000418A
S31508030DD842001FBF5FEA410392EA030F7FEA226CC8
S31508030DE87FEA236C6AD04FEA1262D2EB1363C1BF58
S31508030DF8D218414048404140B8BF5B42192B88BFC7
S31508030E08704710F0004F40F4000020F07F4018BFE9
S31508030E18404211F0004F41F4000121F07F4118BF09
S31508030E28494292EA030F3FD0A2F1010241FA03FCB1
S31508030E3810EB0C00C3F1200301FA03F100F0004399
S31508030E4802D5494260EB4000B0F5000F13D3B0F161
S31508030E58807F06D340084FEA310102F10102FE2AD0
S31508030E6851D2B1F1004F40EBC25008BF20F0010040
S31508030E7840EA03007047490040EB0000013A28BFDF
S31508030E88B0F5000FEDD2B0FA80FCACF1080CB2EB62
S31508030E980C0200FA0CF0AABF00EBC25052421843E0
S31508030EA8BCBFD0401843704792F0000F81F4000185
S31508030EB806BF80F400000132013BB5E74FEA410358
S31508030EC87FEA226C18BF7FEA236C21D092EA030FC4
S31508030ED804D092F0000F08BF0846704790EA010F3E
S31508030EE81CBF0020704712F07F4F04D1400028BF6B
S31508030EF840F00040704712F100723CBF00F500004D
S31508030F08704700F0004343F0FE4040F40000704782
S31508030F187FEA226216BF08467FEA2363014642022E
S31508030F2806BF5FEA412390EA010F40F48000704741
S31508030F384FF0000304E000BF10F0004348BF4042E7
S31508030F485FEA000C08BF704743F0964301464FF023
S31508030F5800001CE050EA010208BF70474FF000037F
S31508030F680AE000BF50EA010208BF704711F00043C0
S31508030F7802D5404261EB41015FEA010C02BF844690
S31508030F880146002043F0B64308BFA3F18053A3F5EF
S31508030F980003BCFA8CF2083AA3EBC25310DB01FA36
S31508030FA802FC634400FA02FCC2F12002BCF1004FBA
S31508030FB820FA02F243EB020008BF20F0010070474B
S31508030FC802F1200201FA02FCC2F1200250EA4C009F
S31508030FD821FA02F243EB020008BF20EADC707047E5
S31508030FE84FF0FF0C1CEAD0521EBF1CEAD15392EAF3
S31508030FF80C0F93EA0C0F6FD01A4480EA010C4002CF
S3150803100818BF5FEA41211ED04FF0006343EA501028
S3150803101843EA5111A0FB01310CF00040B1F5000F6A
S315080310283EBF490041EAD3715B0040EA010062F119
S315080310387F02FD2A1DD8B3F1004F40EBC25008BF03
S3150803104820F00100704790F0000F0CF0004C08BF21
S3150803105849024CEA502040EA51207F3AC2BFD2F1EE
S31508031068FF0340EAC250704740F400004FF00003FC
S31508031078013A5DDC12F1190FDCBF00F00040704736
S31508031088C2F10002410021FA02F1C2F1200200FA74
S3150803109802FC5FEA310040F1000053EA4C0308BF3B
S315080310A820EADC70704792F0000F00F0004C02BF8C
S315080310B8400010F4000F013AF9D040EA0C0093F007
S315080310C8000F01F0004C02BF490011F4000F013B61
S315080310D8F9D041EA0C018FE70CEAD15392EA0C0FCF
S315080310E818BF93EA0C0F0AD030F0004C18BF31F03A
S315080310F8004CD8D180EA010000F00040704790F010
S31508031108000F17BF90F0004F084691F0000F91F0B3
S31508031118004F14D092EA0C0F01D142020FD193EA79
S315080311280C0F03D14B0218BF084608D180EA010001
S3150803113800F0004040F0FE4040F40000704740F0DD
S31508031148FE4040F4400070474FF0FF0C1CEAD052AB
S315080311581EBF1CEAD15392EA0C0F93EA0C0F69D007
S31508031168A2EB030280EA010C49024FEA402037D072
S315080311784FF0805343EA111143EA10130CF0004069
S315080311888B4238BF5B0042F17D024FF4000C8B4259
S3150803119824BF5B1A40EA0C00B3EB510F24BFA3EB39
S315080311A8510340EA5C00B3EB910F24BFA3EB910309
S315080311B840EA9C00B3EBD10F24BFA3EBD10340EA63
S315080311C8DC001B0118BF5FEA1C1CE0D1FD2A3FF6A9
S315080311D850AF8B4240EBC25008BF20F0010070475E
S315080311E80CF0004C4CEA50207F32C2BFD2F1FF0301
S315080311F840EAC250704740F400004FF00003013A32
S3150803120837E792F0000F00F0004C02BF400010F4D5
S31508031218000F013AF9D040EA0C0093F0000F01F0E9
S31508031228004C02BF490011F4000F013BF9D041EA0B
S315080312380C0195E70CEAD15392EA0C0F08D142023E
S315080312487FF47DAF93EA0C0F7FF470AF084676E711
S3150803125893EA0C0F04D14B023FF44CAF08466EE7EA
S3150803126830F0004C18BF31F0004CCAD130F00042B8
S315080312787FF45CAF31F000437FF43CAF5FE700BF10
S315080312884FF0FF3C06E000BF4FF0010C02E000BF39
S315080312984FF0010C4DF804CD4FEA40024FEA4103DB
S315080312A87FEA226C18BF7FEA236C11D001B052EA91
S315080312B8530C18BF90EA010F58BFB2EB030088BF57
S315080312C8C81738BF6FEAE17018BF40F001007047C6
S315080312D87FEA226C02D15FEA402C05D17FEA236CA8
S315080312E8E4D15FEA412CE1D05DF8040B704700BFEF
S315080312F8844608466146FFE70FB5FFF7C9FF002886
S3150803130848BF10F1000F0FBD4DF808EDFFF7F4FFBE
S315080313180CBF012000205DF808FB00BF4DF808ED57
S31508031328FFF7EAFF34BF012000205DF808FB00BF7A
S315080313384DF808EDFFF7E0FF94BF012000205DF89C
S3150803134808FB00BF4DF808EDFFF7D2FF94BF01204D
S3150803135800205DF808FB00BF4DF808EDFFF7C8FF46
S3150803136834BF012000205DF808FB00BF4FEA40029E
S31508031378B2F1FE4F0FD34FF09E03B3EB12620DD9AA
S315080313884FEA002343F0004310F0004F23FA02F014
S3150803139818BF404270474FF00000704712F1610FBB
S315080313A801D1420205D110F0004008BF6FF0004092
S315080313B870474FF00000704742000ED2B2F1FE4F55
S315080313C80BD34FF09E03B3EB126209D44FEA0023FB
S315080313D843F0004323FA02F070474FF000007047C2
S315080313E812F1610F01D1420202D14FF0FF30704763
S315080313F84FF00000704700BF7BB972B90029BEBF1A
S3150803140800204FF0004106E008BF00281CBF6FF014
S3150803141800414FF0FF3000F02DBBADF1080C6DE924
S3150803142804CE002909DB002B1ADB00F06DF8DDF87A
S3150803143804E0DDE9022304B07047404261EB410149
S31508031448002B1BDB00F060F8DDF804E0DDE9022376
S3150803145804B0404261EB4101524263EB43037047D0
S31508031468524263EB430300F04FF8DDF804E0DDE985
S31508031478022304B0404261EB41017047524263EBD1
S31508031488430300F041F8DDF804E0DDE9022304B07C
S31508031498524263EB4303704753B94AB9002908BF55
S315080314A800281CBF4FF0FF314FF0FF3000F0E2BAB7
S315080314B8ADF1080C6DE904CE00F026F8DDF804E072
S315080314C8DDE9022304B0704770B500F039FC002241
S315080314D80B4B04460D4600F0A3F900F089FC0646B3
S315080314E800F00CFC0022074B00F09AF902460B465B
S315080314F82046294600F0C4FA00F07AFC314670BD46
S315080315080000F03D0000F0412DE9F047074616466E
S315080315180846BC460D46089A002B4FD18E42B64656
S3150803152869D9B6FA86F44CB1C4F12003A54027FA5B
S3150803153803F306FA04FE1D4307FA04FC4FEA1E479B
S31508031548B5FBF7F107FB11551FFA8EF04FEA1C4353
S3150803155843EA054301FB00F59D420AD91EEB03033B
S3150803156801F1FF3680F0F6809D4240F2F380023996
S3150803157873445B1BB3FBF7F507FB153305FB00F051
S315080315881FFA8CFC4CEA034C60450AD91EEB0C0C73
S3150803159805F1FF3380F0E080604540F2DD80F444CE
S315080315A8023DACEB000C45EA0140002122B12CFAB6
S315080315B804F30024C2E90034BDE8F0878B4206D950
S315080315C80AB1C2E9007100210846BDE8F087B3FAF3
S315080315D883F100294CD1834202D3BE4200F20F811C
S315080315E8B7EB060C60EB030301201D46002AE3D07C
S315080315F8C2E900C5E0E7002E00F095801C46B6FA56
S3150803160886F3002B40F0AA808D1B0121370CB6B24E
S31508031618B5FBF7F007FB10554FEA1C4343EA0543A6
S3150803162806FB00F59D4208D91EEB030300F1FF38B4
S3150803163802D29D4200F2E88040465B1BB3FBF7F5EE
S3150803164807FB15331FFA8CFC4CEA034C06FB05F318
S31508031658634508D91EEB0C0C05F1FF3602D2634520
S3150803166800F2CF803546ACEB030C45EA00409DE70C
S31508031678C1F120058B4026FA05FC4CEA030C20FA2F
S3150803168805F44FEA1C4E06FA01F9B4FBFEF6884040
S3150803169827FA05F303430EFB16401FFA8CF807FAD5
S315080316A801FA1F0C47EA004406FB08F0A0420AD9C8
S315080316B81CEB040406F1FF3780F09F80A04240F232
S315080316C89C80023E6444241AB4FBFEF00EFB1044C5
S315080316D800FB08FE9BB243EA04439E450AD91CEB62
S315080316E8030300F1FF3480F086809E4540F2838029
S315080316F80238634440EA0640A0FB0974A3EB0E03C9
S31508031708A342BE46264665D362D052B1BAEB0E0447
S3150803171863EB060303FA05F5CC402543CB40C2E938
S315080317280053002148E77B0843EAC1734C08190CA0
S3150803173841EA04419BB2B4FBF6F04FEAC77C43EA95
S3150803174801433546B1FBF6F137461F245D1B41EACB
S3150803175800415DE731460CE71D4622E71C4606FAB3
S3150803176803FEC3F1200321FA03F5A04027FA03F37E
S3150803177807FA04FC4FEA1E470343B5FBF7F007FBD2
S3150803178810551FFA8EF6190C41EA054100FB06F5B2
S315080317988D423ED91EEB010101D28D4221D8491B40
S315080317A8B1FBF7F5A84605FB06F5013807FB18113B
S315080317B89BB243EA0143AB4229D21EEB030308F162
S315080317C8FF31C3D2AB42C1D2A8F102017344BDE7C4
S315080317D8BA459AD2B7EB090E64EB0C0401382646C8
S315080317E893E7AEEB05052944B1FBF7F50238A84696
S315080317F805FB06F5DAE720467CE73E4663E708462F
S31508031808F4E6F444023D2EE70238734415E74146E5
S315080318189CE7491BB1FBF7F5A84605FB06F5C5E79B
S3150803182870B54FF0FF0C4CF4E06C1CEA11541DBF5D
S315080318381CEA135594EA0C0F95EA0C0F00F0DEF828
S315080318482C4481EA030621EA4C5123EA4C5350EA0D
S31508031858013518BF52EA033541F4801143F480135E
S3150803186838D0A0FB02CE4FF00005E1FB02E506F0EF
S315080318780042E0FB03E54FF00006E1FB03569CF044
S31508031888000F18BF4EF0010EA4F1FF04B6F5007F4A
S3150803189864F5407404D25FEA4E0E6D4146EB0606BC
S315080318A842EAC62141EA55514FEAC52040EA5E5045
S315080318B84FEACE2EB4F1FD0C88BFBCF5E06F1ED8EF
S315080318C8BEF1004F08BF5FEA500E50F1000041EB26
S315080318D8045170BD06F0004646EA010140EA0200D3
S315080318E881EA0301B4EB5C04C2BFD4EB0C0541EAF5
S315080318F8045170BD41F480114FF0000E013C00F30A
S31508031908AB8014F1360FDEBF002001F0004170BD2D
S31508031918C4F10004203C35DA0C341BDC04F1140446
S31508031928C4F1200500FA05F320FA04F001FA05F2D2
S3150803193840EA020001F0004221F0004110EBD3709F
S3150803194821FA04F642EB06015EEA430E08BF20EACB
S31508031958D37070BDC4F10C04C4F1200500FA04F36E
S3150803196820FA05F001FA04F240EA020001F0004100
S3150803197810EBD37041F100015EEA430E08BF20EA73
S31508031988D37070BDC4F1200500FA05F24EEA020EBB
S3150803199820FA04F301FA05F243EA020321FA04F0EA
S315080319A801F0004121FA04F220EA020000EBD370A1
S315080319B85EEA430E08BF20EAD37070BD94F0000FA1
S315080319C80FD101F00046400041EB010111F4801FD5
S315080319D808BF013CF7D041EA060195F0000F18BF86
S315080319E8704703F00046520043EB030313F4801FC2
S315080319F808BF013DF7D043EA0603704794EA0C0F7C
S31508031A080CEA135518BF95EA0C0F0CD050EA410691
S31508031A1818BF52EA4306D1D181EA030101F000410E
S31508031A284FF0000070BD50EA410606BF1046194636
S31508031A3852EA430619D094EA0C0F02D150EA013642
S31508031A4813D195EA0C0F05D152EA03361CBF104683
S31508031A5819460AD181EA030101F0004141F0FE4122
S31508031A6841F470014FF0000070BD41F0FE4141F4A6
S31508031A78780170BD704700BF81F0004102E000BFDE
S31508031A8883F0004330B54FEA41044FEA430594EA25
S31508031A98050F08BF90EA020F1FBF54EA000C55EA60
S31508031AA8020C7FEA645C7FEA655C00F0E2804FEA31
S31508031AB85454D4EB5555B8BF6D420CDD2C4480EA13
S31508031AC8020281EA030382EA000083EA010180EA43
S31508031AD8020281EA0303362D88BF30BD11F0004F91
S31508031AE84FEA01314FF4801C4CEA113102D04042C7
S31508031AF861EB410113F0004F4FEA03334CEA133302
S31508031B0802D0524263EB430394EA050F00F0A78019
S31508031B18A4F10104D5F1200E0DDB02FA0EFC22FA14
S31508031B2805F2801841F1000103FA0EF2801843FA08
S31508031B3805F359410EE0A5F120050EF1200E012AF9
S31508031B4803FA0EFC28BF4CF0020C43FA05F3C01837
S31508031B5851EBE37101F0004507D54FF0000EDCF1B0
S31508031B68000C7EEB00006EEB0101B1F5801F1BD359
S31508031B78B1F5001F0CD349085FEA30004FEA3C0C5D
S31508031B8804F101044FEA445212F5800F80F09A8053
S31508031B98BCF1004F08BF5FEA500C50F1000041EB57
S31508031BA8045141EA050130BD5FEA4C0C404141EB5B
S31508031BB80101013C28BFB1F5801FE9D291F0000F56
S31508031BC804BF01460020B1FA81F308BF2033A3F105
S31508031BD80B03B3F120020CDA0C3208DD02F1140CFC
S31508031BE8C2F10C0201FA0CF021FA02F10CE002F137
S31508031BF81402D8BFC2F1200C01FA02F120FA0CFC30
S31508031C08DCBF41EA0C019040E41AA2BF01EB045178
S31508031C18294330BD6FEA04041F3C1CDA0C340EDC76
S31508031C2804F11404C4F1200220FA04F001FA02F3B9
S31508031C3840EA030021FA04F345EA030130BDC4F177
S31508031C480C04C4F1200220FA02F001FA04F340EA6C
S31508031C580300294630BD21FA04F0294630BD94F01D
S31508031C68000F83F4801306BF81F480110134013D04
S31508031C784EE77FEA645C18BF7FEA655C29D094EA75
S31508031C88050F08BF90EA020F05D054EA000C04BFF3
S31508031C981946104630BD91EA030F1EBF00210020DE
S31508031CA830BD5FEA545C05D14000494128BF41F07D
S31508031CB8004130BD14F580043CBF01F5801130BDE1
S31508031CC801F0004545F0FE4141F470014FF000006C
S31508031CD830BD7FEA645C1ABF194610467FEA655C1D
S31508031CE81CBF0B46024650EA013406BF52EA0335BF
S31508031CF891EA030F41F4002130BD00BF90F0000FAD
S31508031D0804BF0021704730B54FF4806404F13204E8
S31508031D184FF000054FF0000150E700BF90F0000FA1
S31508031D2804BF0021704730B54FF4806404F13204C8
S31508031D3810F0004548BF40424FF000013EE700BF98
S31508031D4842004FEAE2014FEA31014FEA02701FBF28
S31508031D5812F07F4393F07F4F81F06051704732F05A
S31508031D687F4208BF704793F07F4F04BF41F40021B1
S31508031D78704730B54FF4607401F0004521F000410F
S31508031D881CE700BF50EA010208BF704730B54FF099
S31508031D9800050AE050EA010208BF704730B511F09A
S31508031DA8004502D5404261EB41014FF4806404F1D2
S31508031DB832045FEA915C3FF4D8AE4FF003025FEA58
S31508031DC8DC0C18BF03325FEADC0C18BF033202EBDC
S31508031DD8DC02C2F1200300FA03FC20FA02F001FA36
S31508031DE803FE40EA0E0021FA02F11444BDE600BFD9
S31508031DF84A0011D212F5001211D20DD56FF4787371
S31508031E08B3EB62520ED44FEAC12343F0004343EAC5
S31508031E18505323FA02F070474FF00000704750EA10
S31508031E28013002D14FF0FF3070474FF0000070477A
S31508031E38062008B5F2F7AAFA0120F2F7A6FA00234C
S31508031E4801461A46184600F053B810B50139024434
S31508031E58904201D1002005E0037811F8014FA34207
S31508031E6801D0181B10BD0130F2E7884210B501EB03
S31508031E78020402D98442234607D8431EA14207D03F
S31508031E8811F8012B03F8012FF8E70244824200D11F
S31508031E9810BD13F8011D02F8011DF7E703460244AE
S31508031EA8934200D1704703F8011BF9E7014B1868F9
S31508031EB8704700BFB0430020034610B5C9B20244B1
S31508031EC8934201D1002004E01846047801338C4272
S31508031ED8F6D110BD0A44914200F1FF3300D1704789
S31508031EE810B511F8014B914203F8014FF9D110BD0A
S31508031EF82DE9F843274D0646286891460F4698461E
S31508031F0800F052F8244A14683CB9244B1360244A4F
S31508031F1812B11268C3F88820204C63681F2B06DDA4
S31508031F28286800F042F84FF0FF30BDE8F8833EB35F
S31508031F38D4F8880068B91B4B002BF1D04FF484708A
S31508031F48F2F72CFA0028EBD00023C0E94033C4F88B
S31508031F58880001216368022E40F82390D0F80021EF
S31508031F6801FA03F142EA010200EB830CC0F80021E7
S31508031F78CCF8808002BFD0F804210A43C0F80421AC
S31508031F885A1C02332868626044F8237000F00DF877
S31508031F980020CAE7AC430020849F0020F89E00204F
S31508031FA800000000A543020870477047BC1F0308D2
S31508031FB824000000684A0408484C0408304C0408FE
S31508031FC88C5F0408745F04085C5F0408445F0408AC
S31508031FD858640408E0670408C8670408F469040829
S31508031FE8DC6904082C5F0408A851040890510408FE
S31508031FF8FC560408E4560408CC560408B4560408E0
S315080320085059040838590408D45A0408BC5A040809
S31508032018A45A04088C5A04080C860408F485040888
S31508032028DC850408C4850408F86B0408A87F040833
S31508032038907F04084C750408BC71040808780408DA
S31508032048C47A040872706D2F73717274286C622DC2
S3150803205866742920285553290072706D2F73717277
S3150803206874286C622D6674292028554B29007270CA
S315080320786D2F73717274284E6D29006D41006B6755
S315080320880066742D6C62006D2F735E320066742FBA
S31508032098735E32006D7068006B706800696E6368FA
S315080320A800636D0070736900626172006B506100AA
S315080320B844697361626C656400616363656C657220
S315080320C86174696F6E526174654C696D6974696E7A
S315080320D86700616363656C657261746F72506564E2
S315080320E8616C506F736974696F6E310061636365F8
S315080320F86C657261746F72506564616C506F73694D
S3150803210874696F6E32006163636573734C657665CC
S315080321186C00626C65436F6D6D5374617465006218
S315080321286C6544656C657465426F6E64696E67733E
S3150803213800626C654C6173744661756C74696E6785
S31508032148436F6D6D5374617465006272616B65469E
S315080321586F726365006272616B6553776974636846
S31508032168006275726E53657269616C4E756D626548
S31508032178720063616C6962726174696F6E4D6F642C
S31508032188650063616E3052656365697665436F7585
S315080321986E740063616E3052656365697665457268
S315080321A8726F72436F756E740063616E3054726131
S315080321B86E736D6974436F756E740063616E30541C
S315080321C872616E736D69744572726F72436F756E59
S315080321D8740063616E3152656365697665436F7525
S315080321E86E740063616E3152656365697665457217
S315080321F8726F72436F756E740063616E31547261E0
S315080322086E736D6974436F756E740063616E3154CA
S3150803221872616E736D69744572726F72436F756E08
S315080322287400636F6E74726F6C6C65723132566FB5
S315080322386C74427573566F6C7461676500636F6E69
S3150803224874726F6C6C657235566F6C744275735617
S315080322586F6C7461676500636F6E74726F6C6C6517
S3150803226872416363656C65726F6D657465725B301D
S315080322785D00636F6E74726F6C6C65724163636538
S315080322886C65726F6D657465725B315D00636F6E3D
S3150803229874726F6C6C6572416363656C65726F6D96
S315080322A8657465725B325D00636F6E74726F6C6C0E
S315080322B86572477265656E4C454400636F6E747242
S315080322C86F6C6C657248656170416C6C6F63617499
S315080322D8696F6E436F756E7400636F6E74726F6C95
S315080322E86C65724865617052656C65617365436FA1
S315080322F8756E7400636F6E74726F6C6C657248657D
S31508032308617053697A6500636F6E74726F6C6C6576
S3150803231872486561705573656400636F6E74726F8E
S315080323286C6C6572496E7465726E616C54656D7012
S315080323386572617475726500636F6E74726F6C6C1F
S315080323486572496E7465726E616C54656D706572F3
S31508032358617475726553656E736F72566F6C7461C3
S31508032368676500636F6E74726F6C6C65724D415066
S3150803237847726F756E6400636F6E74726F6C6C6503
S31508032388724D415053656E736F72566F6C746167FD
S315080323986500636F6E74726F6C6C65724D756C74D9
S315080323A869706C6578656453656E736F72566F6C7E
S315080323B87461676500636F6E74726F6C6C65724ED1
S315080323C8766D456E747269657300636F6E74726FA2
S315080323D86C6C65724E766D53697A6500636F6E74B5
S315080323E8726F6C6C65724E766D5573656400636FB0
S315080323F86E74726F6C6C6572506172616D65746523
S3150803240872436F756E7400636F6E74726F6C6C6566
S315080324187250574D4472697665724261636B454DCE
S3150803242846436F6566665B305D00636F6E74726FED
S315080324386C6C657250574D4472697665724261636E
S315080324486B454D46436F6566665B315D00636F6E24
S3150803245874726F6C6C657250574D447269766572FF
S315080324684261636B454D46436F6566665B31305D0E
S3150803247800636F6E74726F6C6C657250574D447255
S31508032488697665724261636B454D46436F65666651
S315080324985B31315D00636F6E74726F6C6C65725075
S315080324A8574D4472697665724261636B454D464377
S315080324B86F6566665B325D00636F6E74726F6C6C0C
S315080324C8657250574D4472697665724261636B4506
S315080324D84D46436F6566665B335D00636F6E74725C
S315080324E86F6C6C657250574D4472697665724261B2
S315080324F8636B454D46436F6566665B345D00636F7C
S315080325086E74726F6C6C657250574D447269766552
S31508032518724261636B454D46436F6566665B355D17
S3150803252800636F6E74726F6C6C657250574D4472A4
S31508032538697665724261636B454D46436F656666A0
S315080325485B365D00636F6E74726F6C6C6572505799
S315080325584D4472697665724261636B454D46436FAE
S315080325686566665B375D00636F6E74726F6C6C6560
S315080325787250574D4472697665724261636B454D6D
S3150803258846436F6566665B385D00636F6E74726F84
S315080325986C6C657250574D4472697665724261630D
S315080325A86B454D46436F6566665B395D00636F6EBB
S315080325B874726F6C6C657250574D4472697665729E
S315080325C8436172726965724672657100636F6E74E8
S315080325D8726F6C6C657250574D44726976657243AF
S315080325E8757272656E745B305D00636F6E74726FB5
S315080325F86C6C657250574D44726976657243757289
S3150803260872656E745B315D00636F6E74726F6C6CA2
S31508032618657250574D447269766572437572726569
S315080326286E745B31305D00636F6E74726F6C6C65C4
S315080326387250574D44726976657243757272656E40
S31508032648745B31315D00636F6E74726F6C6C65729F
S3150803265850574D44726976657243757272656E741E
S315080326685B325D00636F6E74726F6C6C657250577C
S315080326784D44726976657243757272656E745B3317
S315080326885D00636F6E74726F6C6C657250574D4458
S31508032698726976657243757272656E745B345D002A
S315080326A8636F6E74726F6C6C657250574D447269BA
S315080326B876657243757272656E745B355D00636F12
S315080326C86E74726F6C6C657250574D447269766591
S315080326D87243757272656E745B365D00636F6E74EA
S315080326E8726F6C6C657250574D447269766572439E
S315080326F8757272656E745B375D00636F6E74726F9D
S315080327086C6C657250574D44726976657243757277
S3150803271872656E745B385D00636F6E74726F6C6C8A
S31508032728657250574D447269766572437572726558
S315080327386E745B395D00636F6E74726F6C6C657269
S3150803274850574D44726976657243757272656E742D
S31508032758436F6D6D616E645B305D00636F6E747293
S315080327686F6C6C657250574D44726976657243751A
S315080327787272656E74436F6D6D616E645B315D006D
S31508032788636F6E74726F6C6C657250574D447269D9
S3150803279876657243757272656E74436F6D6D616E95
S315080327A8645B31305D00636F6E74726F6C6C65724F
S315080327B850574D44726976657243757272656E74BD
S315080327C8436F6D6D616E645B31315D00636F6E7463
S315080327D8726F6C6C657250574D44726976657243AD
S315080327E8757272656E74436F6D6D616E645B325D87
S315080327F800636F6E74726F6C6C657250574D4472D2
S315080328086976657243757272656E74436F6D6D6129
S315080328186E645B335D00636F6E74726F6C6C65729E
S3150803282850574D44726976657243757272656E744C
S31508032838436F6D6D616E645B345D00636F6E7472AE
S315080328486F6C6C657250574D447269766572437539
S315080328587272656E74436F6D6D616E645B355D0088
S31508032868636F6E74726F6C6C657250574D447269F8
S3150803287876657243757272656E74436F6D6D616EB4
S31508032888645B365D00636F6E74726F6C6C65725049
S31508032898574D44726976657243757272656E7443E9
S315080328A86F6D6D616E645B375D00636F6E74726F0F
S315080328B86C6C657250574D447269766572437572C6
S315080328C872656E74436F6D6D616E645B385D006324
S315080328D86F6E74726F6C6C657250574D4472697675
S315080328E8657243757272656E74436F6D6D616E6456
S315080328F85B395D00636F6E74726F6C6C65725057E3
S315080329084D447269766572446974686572416D7077
S315080329186C69747564655B305D00636F6E74726F9A
S315080329286C6C657250574D4472697665724469745E
S31508032938686572416D706C69747564655B315D00B1
S31508032948636F6E74726F6C6C657250574D44726917
S31508032958766572446974686572416D706C697475D5
S3150803296864655B31305D00636F6E74726F6C6C659A
S315080329787250574D4472697665724469746865720C
S31508032988416D706C69747564655B31315D00636F9D
S315080329986E74726F6C6C657250574D4472697665BE
S315080329A872446974686572416D706C697475646597
S315080329B85B325D00636F6E74726F6C6C6572505729
S315080329C84D447269766572446974686572416D70B7
S315080329D86C69747564655B335D00636F6E74726FD7
S315080329E86C6C657250574D4472697665724469749E
S315080329F8686572416D706C69747564655B345D00EE
S31508032A08636F6E74726F6C6C657250574D44726956
S31508032A18766572446974686572416D706C69747514
S31508032A2864655B355D00636F6E74726F6C6C657293
S31508032A3850574D447269766572446974686572417C
S31508032A486D706C69747564655B365D00636F6E7467
S31508032A58726F6C6C657250574D4472697665724429
S31508032A686974686572416D706C69747564655B37FA
S31508032A785D00636F6E74726F6C6C657250574D4464
S31508032A887269766572446974686572416D706C69B2
S31508032A98747564655B385D00636F6E74726F6C6C0E
S31508032AA8657250574D4472697665724469746865E8
S31508032AB872416D706C69747564655B395D00636F23
S31508032AC86E74726F6C6C657250574D44726976658D
S31508032AD8724469746865724672657175656E637959
S31508032AE85B305D00636F6E74726F6C6C65725057FA
S31508032AF84D44726976657244697468657246726587
S31508032B087175656E63795B315D00636F6E74726F99
S31508032B186C6C657250574D4472697665724469746C
S31508032B286865724672657175656E63795B31305D82
S31508032B3800636F6E74726F6C6C657250574D44728E
S31508032B4869766572446974686572467265717565EE
S31508032B586E63795B31315D00636F6E74726F6C6C8B
S31508032B68657250574D447269766572446974686527
S31508032B78724672657175656E63795B325D00636F5C
S31508032B886E74726F6C6C657250574D4472697665CC
S31508032B98724469746865724672657175656E637998
S31508032BA85B335D00636F6E74726F6C6C6572505736
S31508032BB84D447269766572446974686572467265C6
S31508032BC87175656E63795B345D00636F6E74726FD6
S31508032BD86C6C657250574D447269766572446974AC
S31508032BE86865724672657175656E63795B355D00EE
S31508032BF8636F6E74726F6C6C657250574D44726965
S31508032C087665724469746865724672657175656E28
S31508032C1863795B365D00636F6E74726F6C6C65728D
S31508032C2850574D4472697665724469746865724685
S31508032C3872657175656E63795B375D00636F6E746C
S31508032C48726F6C6C657250574D4472697665724437
S31508032C5869746865724672657175656E63795B38FA
S31508032C685D00636F6E74726F6C6C657250574D4472
S31508032C7872697665724469746865724672657175B0
S31508032C88656E63795B395D00636F6E74726F6C6C1E
S31508032C98657250574D4472697665724475747943FB
S31508032CA879636C655B305D00636F6E74726F6C6C09
S31508032CB8657250574D4472697665724475747943DB
S31508032CC879636C655B315D00636F6E74726F6C6CE8
S31508032CD8657250574D4472697665724475747943BB
S31508032CE879636C655B31305D00636F6E74726F6C04
S31508032CF86C657250574D4472697665724475747972
S31508032D084379636C655B31315D00636F6E74726F0B
S31508032D186C6C657250574D4472697665724475745E
S31508032D28794379636C655B325D00636F6E74726FA2
S31508032D386C6C657250574D4472697665724475743E
S31508032D48794379636C655B335D00636F6E74726F81
S31508032D586C6C657250574D4472697665724475741E
S31508032D68794379636C655B345D00636F6E74726F60
S31508032D786C6C657250574D447269766572447574FE
S31508032D88794379636C655B355D00636F6E74726F3F
S31508032D986C6C657250574D447269766572447574DE
S31508032DA8794379636C655B365D00636F6E74726F1E
S31508032DB86C6C657250574D447269766572447574BE
S31508032DC8794379636C655B375D00636F6E74726FFD
S31508032DD86C6C657250574D4472697665724475749E
S31508032DE8794379636C655B385D00636F6E74726FDC
S31508032DF86C6C657250574D4472697665724475747E
S31508032E08794379636C655B395D00636F6E74726FBA
S31508032E186C6C657250574D447269766572456E6176
S31508032E28626C655B305D00636F6E74726F6C6C659C
S31508032E387250574D447269766572456E61626C6560
S31508032E485B315D00636F6E74726F6C6C6572505795
S31508032E584D447269766572456E61626C655B31309D
S31508032E685D00636F6E74726F6C6C657250574D4470
S31508032E787269766572456E61626C655B31315D00B0
S31508032E88636F6E74726F6C6C657250574D447269D2
S31508032E98766572456E61626C655B325D00636F6E5B
S31508032EA874726F6C6C657250574D447269766572A5
S31508032EB8456E61626C655B335D00636F6E74726F32
S31508032EC86C6C657250574D447269766572456E61C6
S31508032ED8626C655B345D00636F6E74726F6C6C65E8
S31508032EE87250574D447269766572456E61626C65B0
S31508032EF85B355D00636F6E74726F6C6C65725057E1
S31508032F084D447269766572456E61626C655B365DBA
S31508032F1800636F6E74726F6C6C657250574D4472AA
S31508032F2869766572456E61626C655B375D00636FCA
S31508032F386E74726F6C6C657250574D447269766518
S31508032F4872456E61626C655B385D00636F6E747299
S31508032F586F6C6C657250574D447269766572456E27
S31508032F6861626C655B395D00636F6E74726F6C6C56
S31508032F78657250574D4472697665724661756C7405
S31508032F8865645B305D00636F6E74726F6C6C657233
S31508032F9850574D4472697665724661756C746564F3
S31508032FA85B315D00636F6E74726F6C6C6572505734
S31508032FB84D4472697665724661756C7465645B31EE
S31508032FC8305D00636F6E74726F6C6C657250574D23
S31508032FD84472697665724661756C7465645B3131EA
S31508032FE85D00636F6E74726F6C6C657250574D44EF
S31508032FF872697665724661756C7465645B325D00E1
S31508033008636F6E74726F6C6C657250574D44726950
S315080330187665724661756C7465645B335D00636FC8
S315080330286E74726F6C6C657250574D447269766527
S31508033038724661756C7465645B345D00636F6E74A0
S31508033048726F6C6C657250574D4472697665724631
S3150803305861756C7465645B355D00636F6E74726F56
S315080330686C6C657250574D4472697665724661751C
S315080330786C7465645B365D00636F6E74726F6C6C33
S31508033088657250574D4472697665724661756C74F4
S3150803309865645B375D00636F6E74726F6C6C65721B
S315080330A850574D4472697665724661756C746564E2
S315080330B85B385D00636F6E74726F6C6C657250571C
S315080330C84D4472697665724661756C7465645B39D5
S315080330D85D00636F6E74726F6C6C657250574D44FE
S315080330E87269766572496E74436F6566665B305DA9
S315080330F800636F6E74726F6C6C657250574D4472C9
S3150803310869766572496E74436F6566665B315D00F9
S31508033118636F6E74726F6C6C657250574D4472693F
S31508033128766572496E74436F6566665B31305D0012
S31508033138636F6E74726F6C6C657250574D4472691F
S31508033148766572496E74436F6566665B31315D00F1
S31508033158636F6E74726F6C6C657250574D447269FF
S31508033168766572496E74436F6566665B325D00639E
S315080331786F6E74726F6C6C657250574D44726976CC
S315080331886572496E74436F6566665B335D00636F84
S315080331986E74726F6C6C657250574D4472697665B6
S315080331A872496E74436F6566665B345D00636F6E5A
S315080331B874726F6C6C657250574D44726976657292
S315080331C8496E74436F6566665B355D00636F6E7437
S315080331D8726F6C6C657250574D447269766572499D
S315080331E86E74436F6566665B365D00636F6E7472ED
S315080331F86F6C6C657250574D447269766572496E81
S3150803320874436F6566665B375D00636F6E74726FCA
S315080332186C6C657250574D447269766572496E745B
S31508033228436F6566665B385D00636F6E74726F6CB1
S315080332386C657250574D447269766572496E744364
S315080332486F6566665B395D00636F6E74726F6C6C67
S31508033258657250574D4472697665724C6173744644
S3150803326861756C74436F6D6D616E645B305D006385
S315080332786F6E74726F6C6C657250574D44726976CB
S3150803328865724C6173744661756C74436F6D6D61D1
S315080332986E645B315D00636F6E74726F6C6C657216
S315080332A850574D4472697665724C617374466175F5
S315080332B86C74436F6D6D616E645B31305D00636F6B
S315080332C86E74726F6C6C657250574D447269766585
S315080332D8724C6173744661756C74436F6D6D616E78
S315080332E8645B31315D00636F6E74726F6C6C657203
S315080332F850574D4472697665724C617374466175A5
S315080333086C74436F6D6D616E645B325D00636F6EDB
S3150803331874726F6C6C657250574D44726976657230
S315080333284C6173744661756C74436F6D6D616E6435
S315080333385B335D00636F6E74726F6C6C657250579E
S315080333484D4472697665724C6173744661756C741B
S31508033358436F6D6D616E645B345D00636F6E747283
S315080333686F6C6C657250574D4472697665724C6119
S3150803337873744661756C74436F6D6D616E645B3502
S315080333885D00636F6E74726F6C6C657250574D444B
S3150803339872697665724C6173744661756C74436FAA
S315080333A86D6D616E645B365D00636F6E74726F6C08
S315080333B86C657250574D4472697665724C617374BD
S315080333C84661756C74436F6D6D616E645B375D003A
S315080333D8636F6E74726F6C6C657250574D4472697D
S315080333E87665724C6173744661756C74436F6D6D5B
S315080333F8616E645B385D00636F6E74726F6C6C65BF
S315080334087250574D4472697665724C617374466196
S31508033418756C74436F6D6D616E645B395D00636FBC
S315080334286E74726F6C6C657250574D447269766523
S31508033438724C6173744661756C7443757272656E02
S31508033448745B305D00636F6E74726F6C6C65725073
S31508033458574D4472697665724C6173744661756C27
S315080334687443757272656E745B315D00636F6E744F
S31508033478726F6C6C657250574D4472697665724CF7
S315080334886173744661756C7443757272656E745BA1
S3150803349831305D00636F6E74726F6C6C657250576A
S315080334A84D4472697665724C6173744661756C74BA
S315080334B843757272656E745B31315D00636F6E7442
S315080334C8726F6C6C657250574D4472697665724CA7
S315080334D86173744661756C7443757272656E745B51
S315080334E8325D00636F6E74726F6C6C657250574DFC
S315080334F84472697665724C6173744661756C744374
S31508033508757272656E745B335D00636F6E74726F82
S315080335186C6C657250574D4472697665724C617363
S31508033528744661756C7443757272656E745B345D43
S3150803353800636F6E74726F6C6C657250574D447284
S31508033548697665724C6173744661756C74437572F2
S3150803355872656E745B355D00636F6E74726F6C6C3F
S31508033568657250574D4472697665724C6173744631
S3150803357861756C7443757272656E745B365D006348
S315080335886F6E74726F6C6C657250574D44726976B8
S3150803359865724C6173744661756C744375727265AA
S315080335A86E745B375D00636F6E74726F6C6C6572ED
S315080335B850574D4472697665724C617374466175E2
S315080335C86C7443757272656E745B385D00636F6EEF
S315080335D874726F6C6C657250574D4472697665726E
S315080335E84C6173744661756C7443757272656E744F
S315080335F85B395D00636F6E74726F6C6C65725057D6
S315080336084D4472697665724C6173744661756C7458
S31508033618547970655B305D00636F6E74726F6C6C9A
S31508033628657250574D4472697665724C6173744670
S3150803363861756C74547970655B315D00636F6E747C
S31508033648726F6C6C657250574D4472697665724C25
S315080336586173744661756C74547970655B31305D52
S3150803366800636F6E74726F6C6C657250574D447253
S31508033678697665724C6173744661756C74547970AE
S31508033688655B31315D00636F6E74726F6C6C65725E
S3150803369850574D4472697665724C61737446617501
S315080336A86C74547970655B325D00636F6E74726F00
S315080336B86C6C657250574D4472697665724C6173C2
S315080336C8744661756C74547970655B335D00636F12
S315080336D86E74726F6C6C657250574D447269766571
S315080336E8724C6173744661756C74547970655B348E
S315080336F85D00636F6E74726F6C6C657250574D44D8
S3150803370872697665724C6173744661756C7454791B
S3150803371870655B355D00636F6E74726F6C6C65728A
S3150803372850574D4472697665724C61737446617570
S315080337386C74547970655B365D00636F6E74726F6B
S315080337486C6C657250574D4472697665724C617331
S31508033758744661756C74547970655B375D00636F7D
S315080337686E74726F6C6C657250574D4472697665E0
S31508033778724C6173744661756C74547970655B38F9
S315080337885D00636F6E74726F6C6C657250574D4447
S3150803379872697665724C6173744661756C7454798B
S315080337A870655B395D00636F6E74726F6C6C6572F6
S315080337B850574D4472697665724D6F64655B305D23
S315080337C800636F6E74726F6C6C657250574D4472F2
S315080337D8697665724D6F64655B315D00636F6E74F8
S315080337E8726F6C6C657250574D4472697665724D83
S315080337F86F64655B31305D00636F6E74726F6C6CF2
S31508033808657250574D4472697665724D6F64655B88
S3150803381831315D00636F6E74726F6C6C65725057E5
S315080338284D4472697665724D6F64655B325D0063F4
S315080338386F6E74726F6C6C657250574D4472697605
S3150803384865724D6F64655B335D00636F6E74726F83
S315080338586C6C657250574D4472697665724D6F6420
S31508033868655B345D00636F6E74726F6C6C6572505A
S31508033878574D4472697665724D6F64655B355D00AD
S31508033888636F6E74726F6C6C657250574D447269C8
S315080338987665724D6F64655B365D00636F6E747229
S315080338A86F6C6C657250574D4472697665724D6FC5
S315080338B864655B375D00636F6E74726F6C6C6572F3
S315080338C850574D4472697665724D6F64655B385D0A
S315080338D800636F6E74726F6C6C657250574D4472E1
S315080338E8697665724D6F64655B395D00636F6E74DF
S315080338F8726F6C6C657250574D447269766572506F
S31508033908696E746C65447574794379636C655B3061
S315080339185D00636F6E74726F6C6C657250574D44B5
S31508033928726976657250696E746C65447574794301
S3150803393879636C655B315D00636F6E74726F6C6C6B
S31508033948657250574D44726976657250696E746C20
S3150803395865447574794379636C655B31305D0063D7
S315080339686F6E74726F6C6C657250574D44726976D4
S31508033978657250696E746C65447574794379636CBA
S31508033988655B31315D00636F6E74726F6C6C65725B
S3150803399850574D44726976657250696E746C6544FE
S315080339A87574794379636C655B325D00636F6E740E
S315080339B8726F6C6C657250574D44726976657250AE
S315080339C8696E746C65447574794379636C655B339E
S315080339D85D00636F6E74726F6C6C657250574D44F5
S315080339E8726976657250696E746C65447574794341
S315080339F879636C655B345D00636F6E74726F6C6CA8
S31508033A08657250574D44726976657250696E746C5F
S31508033A1865447574794379636C655B355D00636FD3
S31508033A286E74726F6C6C657250574D44726976651D
S31508033A387250696E746C65447574794379636C65F9
S31508033A485B365D00636F6E74726F6C6C6572505784
S31508033A584D44726976657250696E746C65447574FB
S31508033A68794379636C655B375D00636F6E74726F50
S31508033A786C6C657250574D44726976657250696EF7
S31508033A88746C65447574794379636C655B385D0052
S31508033A98636F6E74726F6C6C657250574D447269B6
S31508033AA876657250696E746C65447574794379637F
S31508033AB86C655B395D00636F6E74726F6C6C6572E7
S31508033AC850574D44726976657250696E746C6546CB
S31508033AD872657175656E63795B305D00636F6E74C5
S31508033AE8726F6C6C657250574D447269766572507D
S31508033AF8696E746C654672657175656E63795B3153
S31508033B085D00636F6E74726F6C6C657250574D44C3
S31508033B18726976657250696E746C654672657175F5
S31508033B28656E63795B31305D00636F6E74726F6CB3
S31508033B386C657250574D44726976657250696E742E
S31508033B486C654672657175656E63795B31315D00BF
S31508033B58636F6E74726F6C6C657250574D447269F5
S31508033B6876657250696E746C654672657175656EAD
S31508033B7863795B325D00636F6E74726F6C6C657222
S31508033B8850574D44726976657250696E746C65460A
S31508033B9872657175656E63795B335D00636F6E7401
S31508033BA8726F6C6C657250574D44726976657250BC
S31508033BB8696E746C654672657175656E63795B348F
S31508033BC85D00636F6E74726F6C6C657250574D4403
S31508033BD8726976657250696E746C65467265717535
S31508033BE8656E63795B355D00636F6E74726F6C6CB3
S31508033BF8657250574D44726976657250696E746C6E
S31508033C08654672657175656E63795B365D00636FC4
S31508033C186E74726F6C6C657250574D44726976652B
S31508033C287250696E746C654672657175656E6379EB
S31508033C385B375D00636F6E74726F6C6C6572505791
S31508033C484D44726976657250696E746C6546726519
S31508033C587175656E63795B385D00636F6E74726F31
S31508033C686C6C657250574D44726976657250696E05
S31508033C78746C654672657175656E63795B395D0043
S31508033C88636F6E74726F6C6C657250574D447269C4
S31508033C9876657250726F70436F6566665B305D0052
S31508033CA8636F6E74726F6C6C657250574D447269A4
S31508033CB876657250726F70436F6566665B315D0031
S31508033CC8636F6E74726F6C6C657250574D44726984
S31508033CD876657250726F70436F6566665B31305DE1
S31508033CE800636F6E74726F6C6C657250574D4472CD
S31508033CF86976657250726F70436F6566665B3131B4
S31508033D085D00636F6E74726F6C6C657250574D44C1
S31508033D18726976657250726F70436F6566665B3251
S31508033D285D00636F6E74726F6C6C657250574D44A1
S31508033D38726976657250726F70436F6566665B3330
S31508033D485D00636F6E74726F6C6C657250574D4481
S31508033D58726976657250726F70436F6566665B340F
S31508033D685D00636F6E74726F6C6C657250574D4461
S31508033D78726976657250726F70436F6566665B35EE
S31508033D885D00636F6E74726F6C6C657250574D4441
S31508033D98726976657250726F70436F6566665B36CD
S31508033DA85D00636F6E74726F6C6C657250574D4421
S31508033DB8726976657250726F70436F6566665B37AC
S31508033DC85D00636F6E74726F6C6C657250574D4401
S31508033DD8726976657250726F70436F6566665B388B
S31508033DE85D00636F6E74726F6C6C657250574D44E1
S31508033DF8726976657250726F70436F6566665B396A
S31508033E085D00636F6E74726F6C6C657250574D44C0
S31508033E187269766572536F6C656E6F6964526573FA
S31508033E28697374616E63655B305D00636F6E747284
S31508033E386F6C6C657250574D447269766572536F29
S31508033E486C656E6F6964526573697374616E6365CD
S31508033E585B315D00636F6E74726F6C6C6572505775
S31508033E684D447269766572536F6C656E6F696452F1
S31508033E786573697374616E63655B31305D00636F7F
S31508033E886E74726F6C6C657250574D4472697665B9
S31508033E9872536F6C656E6F6964526573697374617F
S31508033EA86E63655B31315D00636F6E74726F6C6C3C
S31508033EB8657250574D447269766572536F6C656EB1
S31508033EC86F6964526573697374616E63655B325DA2
S31508033ED800636F6E74726F6C6C657250574D4472DB
S31508033EE869766572536F6C656E6F69645265736933
S31508033EF87374616E63655B335D00636F6E74726FAB
S31508033F086C6C657250574D447269766572536F6C5B
S31508033F18656E6F6964526573697374616E63655B0D
S31508033F28345D00636F6E74726F6C6C657250574DAF
S31508033F38447269766572536F6C656E6F6964526508
S31508033F4873697374616E63655B355D00636F6E745D
S31508033F58726F6C6C657250574D4472697665725305
S31508033F686F6C656E6F6964526573697374616E63A2
S31508033F78655B365D00636F6E74726F6C6C65725041
S31508033F88574D447269766572536F6C656E6F6964CB
S31508033F98526573697374616E63655B375D00636F36
S31508033FA86E74726F6C6C657250574D447269766598
S31508033FB872536F6C656E6F6964526573697374615E
S31508033FC86E63655B385D00636F6E74726F6C6C65E0
S31508033FD87250574D447269766572536F6C656E6F86
S31508033FE86964526573697374616E63655B395D00E9
S31508033FF8636F6E74726F6C6C65725265644C454474
S3150803400800636F6E74726F6C6C6572526573657450
S31508034018536F7572636500636F6E74726F6C6C6544
S31508034028725370617265496E7075744672657175F7
S31508034038656E637900636F6E74726F6C6C65725420
S31508034048616368496E7075744672657175656E63E2
S315080340587900636F6E74726F6C6C657254656D70F4
S3150803406865726174757265496E70757431566F6CCD
S315080340787461676500636F6E74726F6C6C657254EE
S31508034088656D7065726174757265496E707574329B
S31508034098566F6C7461676500636F6E74726F6C6CC8
S315080340A865725468726F74746C65506F7369746952
S315080340B86F6E53656E736F7247726F756E640063BE
S315080340C86F6E74726F6C6C65725468726F74746C05
S315080340D865506F736974696F6E53656E736F72563D
S315080340E86F6C7461676500636F6E74726F6C6C6569
S315080340F87254495353496E7075744672657175657A
S315080341086E637900636F6E74726F6C6C6572544F65
S315080341185353496E7075744672657175656E63791E
S3150803412800636F6E74726F6C6C6572555342436F96
S315080341386E6E65637400636F6E74726F6C6C65720A
S31508034148555342506F77657200636F6E74726F6C5E
S315080341586C6572566F6C7461676500636F6E74720B
S315080341686F6C6C6572566F6C746167654F7574709E
S315080341787574314672657175656E637900636F6E1A
S3150803418874726F6C6C6572566F6C746167654F757C
S315080341987470757431566F6C746167655B305D004E
S315080341A8636F6E74726F6C6C6572566F6C74616745
S315080341B8654F757470757431566F6C746167655B92
S315080341C8315D00636F6E74726F6C6C6572566F6CD3
S315080341D8746167654F75747075743246726571755F
S315080341E8656E637900636F6E74726F6C6C6572566D
S315080341F86F6C746167654F757470757432566F6C36
S31508034208746167655B305D00636F6E74726F6C6C9F
S315080342186572566F6C746167654F75747075743219
S31508034228566F6C746167655B315D00637275697394
S3150803423865436F6E74726F6C416374697665006360
S315080342487275697365436F6E74726F6C456E6162D6
S315080342586C656400646961676E6F737469634D6F2F
S31508034268646500646966666572656E7469616C4936
S315080342786E707574537065656400646966666572FD
S31508034288656E7469616C4F7574707574537065657A
S315080342986400646966666572656E7469616C5465FB
S315080342A86D706572617475726500646973706C61A3
S315080342B879466163746F72795365747570006472AD
S315080342C8697665727344656D616E64506572636574
S315080342D86E74546F727175650064746341637469A7
S315080342E87665436F756E740064746341637469769F
S315080342F865436F756E744279547970655B305D00F2
S31508034308647463416374697665436F756E74427939
S31508034318547970655B315D006474634163746976C7
S3150803432865436F756E744279547970655B325D00BF
S31508034338647463416374697665436F756E74427909
S31508034348547970655B335D00647463436C656172A5
S31508034358006474635265636F72646564436F756E4C
S3150803436874006474635265636F72646564436F7536
S315080343786E744279547970655B305D006474635270
S3150803438865636F72646564436F756E7442795479AD
S3150803439870655B315D006474635265636F72646547
S315080343A864436F756E744279547970655B325D0040
S315080343B86474635265636F72646564436F756E7478
S315080343C84279547970655B335D0064746352656337
S315080343D86F726465645175657565006474635265BF
S315080343E8636F7264656451756575653200656E67D2
S315080343F8696E6541637475616C4169724675656C66
S31508034408526174696F00656E67696E654163747591
S31508034418616C4C616D62646100656E67696E6541BE
S31508034428637475616C50657263656E74546F7271E3
S31508034438756500656E67696E6541637475616C5465
S315080344486F7271756500656E67696E65436F6F6C24
S31508034458616E7454656D706572617475726500650D
S315080344686E67696E6544656D616E645065726365EA
S315080344786E74546F7271756500656E67696E654902
S31508034488646C6553687574646F776E41637469768B
S315080344986500656E67696E6549646C655368757406
S315080344A8646F776E54696D657241637469766500DE
S315080344B8656E67696E65496E74616B6541697254A1
S315080344C8656D706572617475726500656E67696E88
S315080344D8654D616E69666F6C644162736F6C75745A
S315080344E865507265737375726500656E67696E657F
S315080344F84D415050657263656E7461676500656EF4
S3150803450867696E65537065656400656E67696E6588
S315080345185461726765744169724675656C5261744C
S31508034528696F00656E67696E655461726765744C71
S31508034538616D62646100656E67696E655468726F5A
S3150803454874746C65506F736974696F6E00656E670A
S31508034558696E65546F727175654D6F646500666C2F
S3150803456865784675656C457468616E6F6C506572D7
S3150803457863656E74616765006C65667446726F6E0B
S3150803458874576865656C5370656564006C6566740D
S3150803459852656172576865656C5370656564007022
S315080345A872657373757265446961676E6F73746947
S315080345B86300726967687446726F6E7457686565CF
S315080345C86C537065656400726967687452656172CD
S315080345D8576865656C5370656564007363686564D5
S315080345E8756C6572466F726567726F756E6443702C
S315080345F8755573616765007365637572697479437D
S315080346086F6465007368696674436F6E74726F6C5A
S315080346184D6F646500736869667443757272656E6F
S315080346287447656172007368696674446961676E7D
S315080346386F7374696347656172007368696674475B
S31508034648656172546578745B305D0073686966746E
S3150803465847656172546578745B315D00736869668A
S315080346687447656172546578745B325D007368696B
S31508034678667447656172546578745B335D0073685D
S3150803468869667447656172546578745B345D00734B
S315080346986869667448696768657374506F7373697C
S315080346A8626C65476561720073686966744C6F77EF
S315080346B8657374506F737369626C654765617200D5
S315080346C873686966745265636F6D6D656E64656450
S315080346D847656172007368696674526571756573AF
S315080346E874656447656172007368696674526571AF
S315080346F875657374656452616E67655B305D0073CF
S315080347086869667452657175657374656452616E12
S3150803471867655B315D00736869667453656C6563C1
S315080347287465644765617200736869667453656C72
S31508034738656374656452616E67655B305D007368AB
S3150803474869667453656C656374656452616E6765F7
S315080347585B315D00736869667453656C6563746F6A
S31508034768724765617200736869667453656C656335
S31508034778746F7253656E736F72566F6C746167657F
S315080347880074634361706163697479416461707421
S3150803479843616E4C6561726E00746343617061634D
S315080347A8697479466163746F7200746363436F6EE1
S315080347B874726F6C4D6F64650074636343757272C4
S315080347C8656E7453746174650074636344696167D9
S315080347D86E6F7374696353746174650074636350A5
S315080347E8726573737572655265674465726976543B
S315080347F865726D0074636350726573737572655277
S315080348086567496E745465726D007463635072659F
S3150803481873737572655265674D65616E4F75747006
S31508034828757400746363507265737375726552653C
S31508034838674F757470757400746363507265737320
S3150803484875726552656750726F705465726D007438
S3150803485863635072657373757265526567524D5310
S315080348684F757470757400746363526567756C6104
S3150803487874696F6E50686173650074636353656C16
S315080348886563746564536C69700074636353656C14
S31508034898656374656453746174650074636354610A
S315080348A872676574536C69700074636354657874C6
S315080348B85B305D00746363546578745B315D0074BB
S315080348C86363546578745B325D007463635465780F
S315080348D8745B335D00746363546578745B345D0095
S315080348E87463536C697000746353706565645261C5
S315080348F874696F00746F72717565436F6E76657246
S3150803490874657254656D7065726174757265007441
S3150803491872616E7366657243617365496E70757401
S315080349285370656564007472616E73666572436174
S3150803493873654F757470757453706565640074721E
S31508034948616E736665724361736554656D706572E6
S315080349586174757265007472616E736D69737369D0
S315080349686F6E436C75746368507265737375726595
S315080349785B305D007472616E736D697373696F6E0C
S31508034988436C7574636850726573737572655B31C6
S315080349985D007472616E736D697373696F6E436CC8
S315080349A87574636850726573737572655B325D00F7
S315080349B87472616E736D697373696F6E436C75741C
S315080349C8636850726573737572655B335D007472D9
S315080349D8616E736D697373696F6E436C7574636817
S315080349E850726573737572655B345D007472616EB4
S315080349F8736D697373696F6E436C75746368507204
S31508034A086573737572655B355D007472616E736D74
S31508034A18697373696F6E436C7574636850726573EB
S31508034A28737572655B365D007472616E736D69734F
S31508034A3873696F6E436C75746368507265737375BF
S31508034A4872655B375D007472616E736D697373693A
S31508034A586F6E496E707574536861667453706565CD
S31508034A6864007472616E736D697373696F6E4D61F1
S31508034A78696E4C696E6550726573737572650074F1
S31508034A8872616E736D697373696F6E4F696C4C6582
S31508034A9876656C007472616E736D697373696F6E8C
S31508034AA84F696C4C6576656C4D6561737572656D92
S31508034AB8656E74537461747573007472616E736D7D
S31508034AC8697373696F6E4F696C4C6576656C536564
S31508034AD86E736F72566F6C74616765007472616E74
S31508034AE8736D697373696F6E4F696C4C6576656C1C
S31508034AF8536574746C696E6754696D65007472617D
S31508034B086E736D697373696F6E4F757470757453C5
S31508034B18686166745370656564007472616E736D53
S31508034B28697373696F6E50726573737572655365C6
S31508034B386E736F72007472616E736D697373696FDE
S31508034B486E507265737375726553656E736F7256B5
S31508034B586F6C74616765007472616E736D697373DC
S31508034B68696F6E526174696F007472616E736D69E9
S31508034B787373696F6E536861667453706565645BAE
S31508034B88305D007472616E736D697373696F6E5302
S31508034B986861667453706565645B315D0074726138
S31508034BA86E736D697373696F6E5368616674537050
S31508034BB86565645B325D007472616E736D697373E0
S31508034BC8696F6E536861667453706565645B335DB4
S31508034BD8007472616E736D697373696F6E53686176
S31508034BE8667453706565645B345D007472616E73CD
S31508034BF86D697373696F6E53686166745370656517
S31508034C08645B355D007472616E736D697373696F7E
S31508034C186E5368696674416363756D756C61746F01
S31508034C287250657263656E74616765007472616E46
S31508034C38736D697373696F6E5368696674417070C7
S31508034C486C79436C757463685072657373757265AA
S31508034C58007472616E736D697373696F6E536869ED
S31508034C6866744E65787447656172007472616E730B
S31508034C786D697373696F6E536869667452656744B9
S31508034C88657269765465726D007472616E736D69BF
S31508034C987373696F6E5368696674526567496E7488
S31508034CA85465726D007472616E736D697373696F97
S31508034CB86E53686966745265674D65616E4F757498
S31508034CC8707574007472616E736D697373696F6E48
S31508034CD853686966745265674F757470757400749A
S31508034CE872616E736D697373696F6E5368696674F7
S31508034CF852656750726F705465726D007472616E8F
S31508034D08736D697373696F6E5368696674526567F9
S31508034D18524D534F7574707574007472616E736D62
S31508034D28697373696F6E536869667452656C6561EE
S31508034D387365436C757463685072657373757265C6
S31508034D48007472616E736D697373696F6E536869FC
S31508034D586674537461747573007472616E736D69DE
S31508034D687373696F6E536869667454696D657200FF
S31508034D787472616E736D697373696F6E536C697058
S31508034D88007472616E736D697373696F6E54434306
S31508034D984D696E47656172007472616E736D6973E6
S31508034DA873696F6E544343507265737375726500FE
S31508034DB87472616E736D697373696F6E54656D701A
S31508034DC865726174757265007472616E736D697361
S31508034DD873696F6E54656D70657261747572655320
S31508034DE8656E736F7231566F6C746167650074729A
S31508034DF8616E736D697373696F6E54656D706572E9
S31508034E08617475726553656E736F7232566F6C7417
S31508034E186167650076656869636C65416363656C94
S31508034E2865726174696F6E0076656869636C655344
S31508034E38706565640076656869636C65537065654E
S31508034E486453656E736F72537065656400766F6C29
S31508034E58746167654D415053656E736F72566F6C0F
S31508034E687461676500766F6C74616765545053435C
S31508034E78616C6962726174696F6E496E68696269A1
S31508034E887453746174757300766F6C7461676554CB
S31508034E98505343616C6962726174696F6E50726FBD
S31508034EA8677265737300766F6C74616765545053DC
S31508034EB843616C6962726174696F6E537461727463
S31508034EC800766F6C74616765545053566F6C7461DA
S31508034ED86765007863705265736574496E746F42C3
S31508034EE86F6F746C6F6164657200476561722061E0
S31508034EF86E64204D6F6465005472616E73204F6942
S31508034F086C2054656D70005468726F74746C6520F0
S31508034F18506F736974696F6E0056656869636C6563
S31508034F282053706565640042617474657279205606
S31508034F386F6C74616765004C696E6520507265739A
S31508034F487375726520436D64004C696E65205072EB
S31508034F586573737572652053656E736F720053684C
S31508034F68696674204C6576657220506F736974692F
S31508034F786F6E005472616E73204F696C204C6576A8
S31508034F88656C005472616E7320496E70757420538C
S31508034F9868616674205370656564005472616E733C
S31508034FA8204F75747075742053686166742053703E
S31508034FB8656564005472616E7320536C6970005496
S31508034FC872616E7320526174696F004D41502050A7
S31508034FD8657263656E7461676500456E67696E65B4
S31508034FE82050657263656E7420546F727175650017
S31508034FF853686966742053656C2052616E67652029
S315080350082848616C662053637265656E2900456E88
S3150803501867696E65205370656564202846756C6CE8
S315080350282053637265656E29005472616E73204F47
S31508035038696C2054656D70202846756C6C2053631B
S315080350487265656E290056656869636C65205370D1
S31508035058656564202846756C6C2053637265656EAE
S3150803506829005472616E732053686166742031206F
S315080350785370656564005472616E7320536861667C
S315080350887420322053706565640044544320416391
S315080350987469766520436F756E74004454432052C9
S315080350A865636F7264656420436F756E7400546F25
S315080350B87271756520436F6E7665727465722053CF
S315080350C86C697000536869667420526567204D6574
S315080350D8616E204F75747075740053686966742019
S315080350E852656720524D53204F7574707574004383
S315080350F8616C6962726174696F6E204D6F646500CD
S315080351084F76657264726976652043616E63656C6A
S31508035118004D4150004941540041637475616C2040
S3150803512841465200546172676574204146520041EC
S31508035138637475616C204C616D62646100546172B5
S31508035148676574204C616D62646100457468616EB5
S315080351586F6C202500546F7271756520436F6E76E0
S3150803516865727465722054656D7000446566617569
S315080351786C7400456D707479004761736F6C696E5A
S315080351886520456E67696E6520772F73656E736F3D
S3150803519872730048696768205370656564204469B3
S315080351A86573656C20772F73656E736F7273004C1E
S315080351B86F772053706565642044696573656C2049
S315080351C8772F73656E736F72730041636573204532
S315080351D846492043414E0041454D2053657269654A
S315080351E87320322043414E0043687279736C6572A3
S315080351F82044696573656C2043414E204300436820
S315080352087279736C6572204761736F6C696E652072
S3150803521843414E20430043687279736C657220488C
S31508035228656C6C6361742043414E0043756D6D6903
S315080352386E732052322E382043414E004543554D4E
S31508035248617374657220426C61636B2043414E0037
S315080352584564656C62726F636B2050726F20466C87
S315080352686F20342043414E00456D74726F6E204398
S31508035278414E0046415354205846492043414E005F
S31508035288466F726420436F796F74652031204341F2
S315080352984E00466F726420436F796F746520322017
S315080352A843414E00466F726420436F796F746520D5
S315080352B8332043414E004675656C5465636820433D
S315080352C8414E00474D4C616E2031204761736F6C20
S315080352D8696E6500474D4C616E2032204761736FCE
S315080352E86C696E650048616C7465636820456C690A
S315080352F874652043414E0048616C746563682050A1
S315080353086C6174696E756D2043414E00486F6C6C09
S315080353186579204546492043414E00486F6C6C65BC
S3150803532879205261636570616B2043414E00486F6B
S315080353386C6C6579205465726D696E61746F722039
S31508035348582043414E004A31393339204761736F30
S315080353586C696E65004A31393339204869676820AC
S3150803536853706565642044696573656C004A313909
S315080353783339204C6F772053706565642044696513
S3150803538873656C004C616E6420526F7665722044AF
S31508035398757261746F727120322E324C2043414EF6
S315080353A8004C616E6420526F76657220447572618B
S315080353B8746F727120322E344C2043414E004D616E
S315080353C878784563752043414E004D656761737167
S315080353D8756972742043414E004D6F546543204DD9
S315080353E8312043414E004E697373616E205A443324
S315080353F8302043414E004F425220436F6E74726FFA
S315080354086C2053797374656D732045384720434177
S315080354184E005343532044656C74612043414E0040
S31508035428546F796F7461203155522D46452043418F
S315080354384E00546F796F7461203156442D4654567D
S315080354482043414E00546F796F7461203156442DB9
S31508035458465456204450462043414E005657204743
S3150803546861736F6C696E652043414E203100565748
S3150803547820486967682053706565642044696573BD
S31508035488656C2043414E203100522D4E004E2D5255
S31508035498004E2D3100312D4E00474D20344C363001
S315080354A845204E6F6E2D50574D2054434300474DA4
S315080354B820344C363045205472616E7361786C65B6
S315080354C8204E6F6E2D50574D2054434300474D20A9
S315080354D8344C3630452050574D2054434300474DE6
S315080354E820344C363045205472616E7361786C6586
S315080354F82050574D2054434300474D20344C3730EA
S3150803550820772F494D5300474D20344C38304500F2
S31508035518474D20345436354500474D2034543635DF
S315080355284520772F494D5300474D20345438304585
S3150803553800474D20345438304520772F494D5300BA
S31508035548466F7264203452313030204E6F6E2D50B8
S31508035558574D2054434300466F7264203452313002
S31508035568302050574D2054434300466F7264203405
S3150803557852373057204E6F6E2D50574D205443439C
S3150803558800466F72642034523730572050574D20DF
S315080355985443432000466F726420345237355720E4
S315080355A84E6F6E2D50574D2054434300466F726411
S315080355B82034523735572050574D20544343004615
S315080355C86F726420414F4445204E6F6E2D50574DD8
S315080355D82054434300466F726420414F4445205084
S315080355E8574D2054434300466F72642045344F444D
S315080355F8204E6F6E2D50574D2054434300466F7205
S31508035608642045344F442050574D2054434300469D
S315080356186F72642045344F44204E6F6E2D50574D94
S3150803562820544343205241425300466F726420452F
S31508035638344F442050574D20544343205241425334
S3150803564800466F7264203552313130005A46203489
S315080356584850323420772F44322073776974636845
S31508035668005A4620344850323420772F503338208E
S31508035678737769746368005A46203448503234206D
S31508035688772F48474D204C657665722053656E73A8
S315080356986F72005A4620344850323420772F424DC9
S315080356A857204C657665722053656E736F72004E84
S315080356B8697373616E2052453452303341004E691B
S315080356C87373616E205245355230354120547970CB
S315080356D8652043004E697373616E2052453552300F
S315080356E8354120547970652042004E697373616E9B
S315080356F8205245355230354120547970652041008A
S31508035708546F796F7461203434324600546F796F55
S315080357187461203434324620772F50435300546F2C
S31508035728796F7461204133343000546F796F74612B
S31508035738204133343100546F796F7461204133340F
S315080357483300546F796F7461204142363000546FC1
S31508035758796F7461204137353020537769746368E4
S31508035768204C6576657200546F796F7461204137EA
S3150803577835302047617465204C6576657200546F29
S31508035788796F746120413334302033302D34304CEB
S315080357985300416973696E20415734204561726C19
S315080357A87900416973696E20415734204C617465E1
S315080357B8004D657263656465732057354133333025
S315080357C8004D65726365646573205735413538300E
S315080357D8004F75747075742053686166740046695A
S315080357E86E616C2044726976650056616C6964005B
S315080357F8536574746C696E67005472616E736D6968
S315080358087373696F6E20496E204765617200547217
S31508035818616E736D697373696F6E20546F6F204376
S315080358286F6C64005472616E736D697373696F6E16
S31508035838204F696C20546F6F20486F74005665684B
S3150803584869636C65204D6F76696E67005665686986
S31508035858636C65204E6F74204C6576656C00456EDF
S3150803586867696E6520537065656420546F6F204CAD
S315080358786F7700456E67696E6520537065656420A2
S31508035888546F6F2048696768004E6F2052657175B3
S3150803589865737420466F722052656164696E670082
S315080358A84E6F7420446566696E65642031004E6FD1
S315080358B87420446566696E65642032004E6F7420E9
S315080358C8446566696E6564203300496E76616C695A
S315080358D86420436F6E646974696F6E73004E6F74E0
S315080358E820417661696C61626C650049646C652060
S315080358F8476F7665726E6F720043727569736520B2
S31508035908436F6E74726F6C0050544F20476F7665F9
S31508035918726E6F7200526F616420537065656420F6
S31508035928476F7665726E6F720041535220436F6EE6
S3150803593874726F6C005472616E736D697373696FF1
S315080359486E0041425320436F6E74726F6C00546F36
S3150803595872717565204C696D6974696E6700486963
S31508035968676820537065656420476F7665726E6F3E
S3150803597872004272616B696E672053797374656D39
S315080359880052656D6F746520416363656C65726162
S31508035998746F7200536572766963652050726F6314
S315080359A86564757265004E6F7420446566696E652D
S315080359B864004F74686572006D73004E6F6E6500F8
S315080359C844656C70686920313231363038353500AC
S315080359D8546F796F74612054797065204100266481
S315080359E865673B4600266465673B430046696C6CF6
S315080359F8005374726F6B65004C6F636B696E67004F
S31508035A0846756C6C204C6F636B656400556E6C6FDA
S31508035A18636B696E6700526567756C6174656420A4
S31508035A28536C697000534730005347310053473264
S31508035A380053473300534734005347350053473613
S31508035A4800534737005347380053473900534731FC
S31508035A583000534731310053473132005347313306
S31508035A6800535030005350310053503200535033CB
S31508035A7800535034005350350053503600535037AB
S31508035A88003A310053746172747570203100537487
S31508035A98617274757020320053746172747570205C
S31508035AA833005374617274757020340044726976CE
S31508035AB8696E6720310044726976696E6720320019
S31508035AC844726976696E6720330044726976696E2B
S31508035AD86720340046696C6C20310046696C6C2073
S31508035AE8320046696C6C20330046696C6C203400B6
S31508035AF846696C6C2041626F7274005374726F6BDB
S31508035B08652031005374726F6B65203200537472C3
S31508035B186F6B652033005374726F6B6520340053BB
S31508035B2874726F6B652041626F72740047617261A4
S31508035B3867652031004761726167652032004761EE
S31508035B4872616765203300476172616765203400AF
S31508035B584761726167652041626F727400546F7298
S31508035B687175655370656564203100546F72717574
S31508035B78655370656564203200546F727175655391
S31508035B8870656564203300546F7271756553706563
S31508035B986564203400546F7271756553706565645E
S31508035BA82041626F7274005370656564546F72712D
S31508035BB875652031005370656564546F7271756530
S31508035BC82032005370656564546F727175652033A6
S31508035BD8005370656564546F727175652034005394
S31508035BE870656564546F727175652041626F727466
S31508035BF800436C75746368204170706C79203100B2
S31508035C08436C75746368204170706C79203200435D
S31508035C186C75746368204170706C79203300436C23
S31508035C2875746368204170706C79203400436C7509
S31508035C38746368204170706C792041626F727400CE
S31508035C48436C757463682052656C656173652031A6
S31508035C5800436C757463682052656C6561736520C7
S31508035C683200436C757463682052656C65617365A5
S31508035C78203300436C757463682052656C656173D9
S31508035C8865203400436C757463682052656C6561D6
S31508035C9873652041626F727400416363756D756C31
S31508035CA861746F72203100416363756D756C617435
S31508035CB86F72203200416363756D756C61746F7218
S31508035CC8203300416363756D756C61746F72203494
S31508035CD800416363756D756C61746F722041626FF9
S31508035CE87274004F76657272756E2031004F766549
S31508035CF87272756E2032004F76657272756E20332E
S31508035D08004F76657272756E2034004F7665727227
S31508035D18756E2041626F727400496E7465726E619E
S31508035D286C203100496E7465726E616C20320049C5
S31508035D386E7465726E616C203300496E7465726E93
S31508035D48616C203400496E7465726E616C20416219
S31508035D586F72740041626F727420310041626F7208
S31508035D687420320041626F727420330041626F7285
S31508035D787420340046696E69736820310046696E73
S31508035D8869736820320046696E697368203300466A
S31508035D98696E6973682034004661696C7361666560
S31508035DA800556E6B6E6F776E004D6F6D656E746119
S31508035DB872792C20496E697469616C6C79204F660F
S31508035DC866004D6F6D656E746172792C20496E692C
S31508035DD87469616C6C79204F6E00546F67676C65DC
S31508035DE80052656400477265656E00426C75650006
S31508035DF86F686D0042726F776E6F75740050696EBF
S31508035E0800506F7765722D6F6E00496E646570650D
S31508035E186E64656E74207761746368646F67005788
S31508035E28696E646F77207761746368646F67004C7B
S31508035E386F772D706F776572206D616E6167656D13
S31508035E48656E7400536F6674776172652C2067658F
S31508035E586E6572696300536F6674776172652C2081
S31508035E686C6F772031325600536F667477617265A3
S31508035E782C20626F6F746C6F6164657200496E7665
S31508035E88616C69640070706D006D562F412F487AEE
S31508035E9800526567756C617465642053696E6B0097
S31508035EA8526567756C6174656420536F75726365AB
S31508035EB8005361747572617465642053696E6B0067
S31508035EC853617475726174656420536F757263657B
S31508035ED8006D562F6D412F73005265732E204C6F34
S31508035EE877005265732E204869676800437572728E
S31508035EF82E2048696768005265672E204143005279
S31508035F0865672E204C6F77005265672E20486967A8
S31508035F186800426164204D6F64650052657369734E
S31508035F2874616E6365204C6F770052657369737481
S31508035F38616E636520486967680043757272656EA2
S31508035F4874204869676800526567756C6174696F78
S31508035F586E20416C7465726E6174696E670052656A
S31508035F6867756C6174696F6E204C6F770052656745
S31508035F78756C6174696F6E204869676800496E763F
S31508035F88616C6964204D6F6465007073692F6C6270
S31508035F982D6674006261722F6C622D6674006B50ED
S31508035FA8612F4E6D007073692F6B72706D2D7300B8
S31508035FB86261722F6B72706D2D73006B50612F6B54
S31508035FC872706D2D73007073692F6B72706D2F73F2
S31508035FD8006261722F6B72706D2F73006B50612F9D
S31508035FE86B72706D2F73007073692F6B72706D0007
S31508035FF86261722F6B72706D006B50612F6B7270D2
S315080360086D0053656E642043435653310053656EDA
S315080360186420444D310053656E6420454543310079
S3150803602853656E6420454543320053656E642045BF
S3150803603854310053656E64204554320053656E64C3
S3150803604820455443310053656E6420455443320052
S3150803605853656E6420455443360053656E6420457C
S315080360685443370053656E642053485554444E00C9
S3150803607853656E6420545246310053656E64205442
S315080360885246320053656E642056455032005265AF
S3150803609863656976652049433100526563656976A0
S315080360A8652041465231004B62005472616E736D26
S315080360B8697373696F6E20436F6E74726F6C2053BE
S315080360C8797374656D2052657374617274205265A9
S315080360D8717569726564005468726F74746C6520A7
S315080360E8506F736974696F6E2053656E736F722088
S315080360F84E6F742043616C69627261746564004DFE
S31508036108616E69666F6C64204162736F6C7574653A
S31508036118205072657373757265202D204261726FFC
S315080361286D65747269632050726573737572652039
S31508036138436F7272656C6174696F6E004D616E693F
S31508036148666F6C64204162736F6C75746520507250
S315080361586573737572652F4261726F6D65747269BB
S31508036168632050726573737572652053656E736F12
S31508036178722043697263756974004D616E69666F47
S315080361886C64204162736F6C75746520507265730D
S31508036198737572652F4261726F6D657472696320D0
S315080361A850726573737572652053656E736F7220C3
S315080361B843697263756974204C6F77004D616E691C
S315080361C8666F6C64204162736F6C757465205072D0
S315080361D86573737572652F4261726F6D657472693B
S315080361E8632050726573737572652053656E736F92
S315080361F8722043697263756974204869676800453C
S315080362086E67696E6520436F6F6C616E742054659B
S315080362186D70657261747572652053656E736F72F6
S315080362282031204369726375697400456E67696E20
S315080362386520436F6F6C616E742054656D70657263
S3150803624861747572652053656E736F7220312043C6
S31508036258697263756974204C6F7700456E67696E52
S315080362686520436F6F6C616E742054656D70657233
S3150803627861747572652053656E736F722031204396
S315080362886972637569742048696768005468726F28
S3150803629874746C652F506564616C20506F736974E8
S315080362A8696F6E2053656E736F722F5377697463BC
S315080362B86820412043697263756974005468726F6C
S315080362C874746C652F506564616C20506F736974B8
S315080362D8696F6E2053656E736F722F53776974638C
S315080362E86820412043697263756974204C6F770087
S315080362F85468726F74746C652F506564616C2050AA
S315080363086F736974696F6E2053656E736F722F5353
S3150803631877697463682041204369726375697420D1
S3150803632848696768005472616E736D697373696F38
S315080363386E204F766572686561746564202D2053EF
S31508036348656E736F7220410056656869636C6520CC
S3150803635853706565642053656E736F7220412043D5
S315080363686972637569740053797374656D20566F1A
S315080363786C746167650053797374656D20566F6C21
S3150803638874616765204C6F770053797374656D205C
S31508036398566F6C74616765204869676800436F6E52
S315080363A874726F6C204D6F64756C652050726F67D5
S315080363B872616D6D696E67204572726F7200436FFD
S315080363C86E74726F6C204D6F64756C6520496E74B4
S315080363D865726E616C2054656D7065726174757249
S315080363E865204120546F6F204869676800546872AE
S315080363F86F74746C65204163747561746F72204396
S315080364086F6E74726F6C2052616E67652F50657272
S31508036418666F726D616E63652042616E6B2031002B
S315080364285472616E736D697373696F6E2052616E08
S3150803643867652053656E736F7220412043697263DB
S31508036448756974202850524E444C20496E707574E9
S3150803645829005472616E736D697373696F6E20527E
S31508036468616E67652053656E736F722041204369B1
S3150803647872637569742052616E67652F5065726613
S315080364886F726D616E6365005472616E736D6973BD
S3150803649873696F6E2052616E67652053656E736FF5
S315080364A87220412043697263756974204C6F7700BB
S315080364B85472616E736D697373696F6E2052616E78
S315080364C867652053656E736F72204120436972634B
S315080364D87569742048696768005472616E736D69D3
S315080364E87373696F6E20466C756964204C657665A7
S315080364F86C2053656E736F7220436972637569748A
S31508036508005472616E736D697373696F6E20466C96
S31508036518756964204C6576656C2053656E736F726E
S315080365282043697263756974204C6F7700547261E6
S315080365386E736D697373696F6E20466C756964202B
S315080365484C6576656C2053656E736F722043697262
S31508036558637569742048696768005472616E736D58
S31508036568697373696F6E20466C756964204C657622
S31508036578656C20546F6F204C6F77005472616E7385
S315080365886D697373696F6E20466C75696420546503
S315080365986D70657261747572652053656E736F7273
S315080365A820412043697263756974005472616E7376
S315080365B86D697373696F6E20466C756964205465D3
S315080365C86D70657261747572652053656E736F7243
S315080365D820412043697263756974204C6F770054A8
S315080365E872616E736D697373696F6E20466C75692C
S315080365F8642054656D706572617475726520536598
S315080366086E736F72204120436972637569742048F3
S3150803661869676800496E7075742F54757262696E76
S3150803662865205368616674205370656564205365ED
S315080366386E736F72204120436972637569740047E4
S31508036648656172203620496E636F727265637420BA
S31508036658526174696F00496E636F72726563742059
S315080366684765617220526174696F004765617220D4
S315080366783120496E636F7272656374205261746957
S315080366886F0047656172203220496E636F727265BF
S31508036698637420526174696F0047656172203320F9
S315080366A8496E636F727265637420526174696F0009
S315080366B847656172203420496E636F727265637425
S315080366C820526174696F0047656172203520496EE7
S315080366D8636F727265637420526174696F005265D9
S315080366E8766572736520496E636F72726563742083
S315080366F8526174696F00556E61626C6520746F2008
S31508036708456E67616765204E65757472616C0055D9
S315080367186E61626C6520746F20456E6761676520D4
S315080367285265766572736500556E61626C65207489
S315080367386F20456E6761676520476561722031007A
S31508036748546F7271756520436F6E766572746572D8
S3150803675820436C7574636820436972637569742F7B
S315080367684F70656E00507265737375726520436F53
S315080367786E74726F6C20536F6C656E6F6964204113
S3150803678800536869667420536F6C656E6F69642075
S315080367984100536869667420536F6C656E6F696444
S315080367A8204200536869667420536F6C656E6F6977
S315080367B864204700536869667420536F6C656E6F67
S315080367C86964204300536869667420536F6C656E61
S315080367D86F6964204400536869667420536F6C654F
S315080367E86E6F696420480047656172203720496ED1
S315080367F8636F727265637420526174696F005368B4
S3150803680869667420536F6C656E6F6964204500501A
S315080368187265737375726520436F6E74726F6C2035
S31508036828536F6C656E6F6964204200312D322053AD
S315080368386869667400322D332053686966740033B1
S315080368482D3420536869667400342D3520536869D6
S3150803685866740053686966742054696D696E67209F
S31508036868536F6C656E6F6964204100536869667473
S315080368782054696D696E6720536F6C656E6F69641A
S31508036888204200507265737375726520436F6E7480
S31508036898726F6C20536F6C656E6F6964204300478B
S315080368A8656172203820496E636F72726563742056
S315080368B8526174696F00362D372053686966740008
S315080368C8372D3820536869667400496E636F727288
S315080368D86563742053686966742046726F6D20472A
S315080368E8656172203200496E636F7272656374203C
S315080368F853686966742046726F6D2047656172200E
S315080369083300496E636F72726563742053686966E8
S31508036918742046726F6D2047656172203400496E8C
S31508036928636F727265637420536869667420467266
S315080369386F6D2047656172203500496E636F727201
S315080369486563742053686966742046726F6D2047B9
S31508036958656172203600496E636F727265637420C7
S3150803696853686966742046726F6D2047656172209D
S315080369783700496E636F7272656374205368696674
S31508036988742046726F6D2047656172203800476523
S315080369986172203920496E636F7272656374205277
S315080369A86174696F004765617220313020496E63E7
S315080369B86F727265637420526174696F00352D3678
S315080369C8205368696674005472616E736D697373CC
S315080369D8696F6E20466C75696420507265737375A2
S315080369E872652053656E736F722F5377697463687C
S315080369F8204720436972637569742052616E676517
S31508036A082F506572666F726D616E636500547261A5
S31508036A186E736D697373696F6E20466C7569642046
S31508036A2850726573737572652053656E736F722F2B
S31508036A385377697463682041204369726375697477
S31508036A48005472616E736D697373696F6E20466C51
S31508036A587569642050726573737572652053656E1C
S31508036A68736F722F53776974636820412043697279
S31508036A78637569742052616E67652F506572666F10
S31508036A88726D616E6365005472616E736D697373B3
S31508036A98696F6E20466C75696420507265737375E1
S31508036AA872652053656E736F722F537769746368BB
S31508036AB820412043697263756974204C6F770054C3
S31508036AC872616E736D697373696F6E20466C756947
S31508036AD8642050726573737572652053656E736F98
S31508036AE8722F537769746368204120436972637503
S31508036AF869742048696768005472616E736D6973AF
S31508036B0873696F6E20466C75696420507265737372
S31508036B187572652053656E736F722F53776974633D
S31508036B2868204220436972637569742052616E67E7
S31508036B38652F506572666F726D616E636500547270
S31508036B48616E736D697373696F6E20466C756964D4
S31508036B582050726573737572652053656E736F7209
S31508036B682F53776974636820482043697263756984
S31508036B78742052616E67652F506572666F726D6110
S31508036B886E6365005472616E736D697373696F6EAC
S31508036B9820466C756964205072657373757265202F
S31508036BA848696768005472616E736D697373696FB0
S31508036BB86E20466C756964205072657373757265C1
S31508036BC82053656E736F722F53776974636820430E
S31508036BD820436972637569742052616E67652F501D
S31508036BE86572666F726D616E6365005472616E7362
S31508036BF86D697373696F6E20466C75696420507284
S31508036C086573737572652053656E736F722F537741
S31508036C1869746368204420436972637569742052EA
S31508036C28616E67652F506572666F726D616E63650F
S31508036C380047656172205368696674204C6F636BF5
S31508036C4820536F6C656E6F69642F4163747561743D
S31508036C586F7220436F6E74726F6C20436972637523
S31508036C68697420412F4F70656E004765617220531A
S31508036C7868696674204C6F636B20536F6C656E6F17
S31508036C8869642F4163747561746F7220436F6E74F8
S31508036C98726F6C204369726375697420422F4F704B
S31508036CA8656E004879647261756C6963204163632C
S31508036CB8756D756C61746F7220536F6C656E6F6949
S31508036CC86420436972637569742F4F70656E00543F
S31508036CD872616E736D697373696F6E20466C756935
S31508036CE8642050726573737572652053656E736F86
S31508036CF8722F5377697463682045204369726375ED
S31508036D0869742052616E67652F506572666F726D76
S31508036D18616E6365005472616E736D697373696F27
S31508036D286E20466C7569642050726573737572654F
S31508036D382053656E736F722F537769746368204699
S31508036D4820436972637569742052616E67652F50AB
S31508036D586572666F726D616E6365005468726F74E7
S31508036D68746C652F506564616C20506F7369746918
S31508036D786F6E2053656E736F722F537769746368E2
S31508036D8820412F4220566F6C7461676520436F72E2
S31508036D9872656C6174696F6E00536869667420530B
S31508036DA86F6C656E6F6964204600507265737375F8
S31508036DB8726520436F6E74726F6C20536F6C656EC1
S31508036DC86F6964204400507265737375726520434E
S31508036DD86F6E74726F6C20536F6C656E6F6964207F
S31508036DE84500507265737375726520436F6E7472C6
S31508036DF86F6C20536F6C656E6F6964204600547216
S31508036E08616E736D697373696F6E204F7665726801
S31508036E186561746564202D2053656E736F7220420D
S31508036E28005472616E736D697373696F6E20466C6D
S31508036E387569642054656D70657261747572652029
S31508036E4853656E736F72204220436972637569745A
S31508036E58005472616E736D697373696F6E20466C3D
S31508036E687569642054656D706572617475726520F9
S31508036E7853656E736F72204220436972637569742A
S31508036E88204C6F77005472616E736D697373696FFB
S31508036E986E20466C7569642054656D7065726174F5
S31508036EA87572652053656E736F7220422043697243
S31508036EB863756974204869676800546F72717565E4
S31508036EC820436F6E76657274657220436C757463B6
S31508036ED86820507265737375726520436F6E747292
S31508036EE86F6C20536F6C656E6F696400496E7075B5
S31508036EF8742F54757262696E6520536861667420C7
S31508036F0853706565642053656E736F722042204318
S31508036F18697263756974005072657373757265204F
S31508036F28436F6E74726F6C20536F6C656E6F69640A
S31508036F38204700507265737375726520436F6E74C4
S31508036F48726F6C20536F6C656E6F696420480050C6
S31508036F587265737375726520436F6E74726F6C20EE
S31508036F68536F6C656E6F6964204A00507265737354
S31508036F7875726520436F6E74726F6C20536F6C65F8
S31508036F886E6F6964204B004C6F737420436F6D6D85
S31508036F98756E69636174696F6E20576974682045ED
S31508036FA8434D2F50434D2041004C6F737420436F54
S31508036FB86D6D756E69636174696F6E205769746858
S31508036FC82054434D004C6F737420436F6D6D756E73
S31508036FD869636174696F6E205769746820547261AE
S31508036FE86E73666572204361736520436F6E7472A8
S31508036FF86F6C204D6F64756C65004C6F7374204312
S315080370086F6D6D756E69636174696F6E2057697400
S31508037018682043727569736520436F6E74726F6C63
S31508037028204D6F64756C65004C6F737420436F6DE0
S315080370386D756E69636174696F6E20576974682024
S31508037048416E74692D4C6F636B204272616B6520C0
S3150803705853797374656D20284142532920436F6E0B
S3150803706874726F6C204D6F64756C65004C6F73741E
S3150803707820436F6D6D756E69636174696F6E20570A
S31508037088697468204272616B652053797374656DF8
S3150803709820436F6E74726F6C204D6F64756C650050
S315080370A84C6F737420436F6D6D756E69636174698C
S315080370B86F6E205769746820416363656C657261EE
S315080370C8746F7220506564616C204D6F64756C65C6
S315080370D8004C6F737420436F6D6D756E69636174C5
S315080370E8696F6E2057697468205472616E736D6987
S315080370F87373696F6E2052616E676520436F6E748A
S31508037108726F6C204D6F64756C65004C6F737420D1
S31508037118436F6D6D756E69636174696F6E20576920
S31508037128746820526164696F205472616E7363656B
S3150803713869766572004C6F737420436F6D6D756E4F
S3150803714869636174696F6E20576974682048796240
S315080371587269642F455620506F7765727472616930
S315080371686E20436F6E74726F6C204D6F64756C6511
S3150803717800496E76616C69642044617461205265BE
S315080371886365697665642046726F6D2045434D2F9E
S3150803719850434D204100496E76616C696420446109
S315080371A874612052656365697665642046726F6DF6
S315080371B82054434D00496E76616C696420446174B2
S315080371C8612052656365697665642046726F6D202A
S315080371D85472616E73666572204361736520436FE3
S315080371E86E74726F6C204D6F64756C6500496E76A4
S315080371F8616C6964204461746120526563656976C4
S3150803720865642046726F6D204372756973652043FA
S315080372186F6E74726F6C204D6F64756C6500496E7A
S3150803722876616C6964204461746120526563656993
S315080372387665642046726F6D20416E74692D4C6FAE
S31508037248636B204272616B652053797374656D208D
S31508037258284142532920436F6E74726F6C204D6F11
S3150803726864756C6500496E76616C6964204461745B
S31508037278612052656365697665642046726F6D2079
S315080372884272616B652053797374656D20436F6E1B
S3150803729874726F6C204D6F64756C6500496E766100
S315080372A86C6964204461746120526563656976650F
S315080372B8642046726F6D20416363656C65726174F9
S315080372C86F7220506564616C204D6F64756C650038
S315080372D8496E76616C6964204461746120526563FA
S315080372E865697665642046726F6D205472616E739C
S315080372F86D697373696F6E2052616E676520436F94
S315080373086E74726F6C204D6F64756C6500496E7682
S31508037318616C6964204461746120526563656976A2
S3150803732865642046726F6D204879627269642F45D1
S315080373385620506F776572747261696E20436F6E53
S3150803734874726F6C204D6F64756C650049005261E1
S315080373586E67652073656C656374696F6E004D6146
S315080373686E75616C20676561722073656C656374F5
S31508037378696F6E004D6F646520412C2048696768FC
S315080373882052616E6765004D6F646520412C204C59
S315080373986F772052616E6765004D6F646520422CCE
S315080373A820486967682052616E6765004D6F646592
S315080373B820422C204C6F772052616E676500416224
S315080373C86F7665206E6F726D616C0042656C6F77B8
S315080373D8206E6F726D616C00496E7465726D69749F
S315080373E874656E7400566F6C7461676520746F6F85
S315080373F8206869676800566F6C7461676520746FDF
S315080374086F206C6F770043757272656E7420746F9C
S315080374186F206C6F770043757272656E7420746F8C
S315080374286F2068696768004E6F7420726573706F9A
S315080374386E64696E670041626E6F726D616C207463
S31508037448696D696E670041626E6F726D616C20754E
S31508037458706461746520726174650041626E6F7247
S315080374686D616C206368616E676520726174650077
S31508037478556E6B6E6F776E206661756C7400426124
S315080374886420636F6D706F6E656E74004E6F74203B
S3150803749863616C69627261746564005365727669BF
S315080374A863652072657175697265640041626F76F2
S315080374B865206E6F726D616C20284C290041626FD6
S315080374C87665206E6F726D616C20284D29004265BA
S315080374D86C6F77206E6F726D616C20284C29004299
S315080374E8656C6F77206E6F726D616C20284D290065
S315080374F84E6574776F726B20646174612065727266
S315080375086F720044726966746564206869676800FF
S3150803751844726966746564206C6F770050726F7479
S31508037528656374005761726E0053746F7000466121
S31508037538696C2073616665004D616E75616C0041FF
S3150803754875746F007B7B636C757463684E616D65D0
S31508037558307D7D007B7B636C757463684E616D65EE
S31508037568317D7D007B7B636C757463684E616D65DD
S31508037578327D7D007B7B636C757463684E616D65CC
S31508037588337D7D007B7B636C757463684E616D65BB
S31508037598347D7D007B7B636C757463684E616D65AA
S315080375A8357D7D007B7B636C757463684E616D6599
S315080375B8367D7D007B7B636C757463684E616D6588
S315080375C8377D7D007B7B636C757463684E616D6577
S315080375D8387D7D004E6F0059657300546F204772D6
S315080375E86F756E6400546F20506F776572004E6F1F
S315080375F8726D616C005265766572736564006C62B8
S315080376082D66742F286B52504D295E32004E6D2F06
S31508037618286B52504D295E32007469636B004E6FAE
S315080376286E2D426F6E6461626C6500496E697400FB
S31508037638426F6F74696E67004F6E6C696E650053A7
S3150803764865637572697479436F6E66696700426F15
S315080376586E6461626C65436F6E6669670047657435
S3150803766874696E6753657269616C4E756D62657286
S3150803767848616E646C650053657474696E6753650F
S315080376887269616C4E756D626572005365747469C7
S315080376986E674164766572746973696E67005761C4
S315080376A86974696E67466F72436F6E6E65637400B5
S315080376B857616974696E67466F7243686172616375
S315080376C8746572697374696300436F6E6E65637470
S315080376D8656400446973636F6E6E656374696E6780
S315080376E800426F6E6453746F72616765436F6E66A3
S315080376F869670047657474696E6746775665727372
S31508037708696F6E00496E6974696E67576869746547
S315080377186C69737400496E6974696E674761747432
S3150803772800496E6974696E674761700053657474B6
S31508037738696E674465766963654E616D6500536569
S31508037748747570476174740053657474696E674910
S315080377586F4361706162696C6974790053657474FF
S31508037768696E6741757468526571756972656D6581
S315080377786E740053657474696E67446973636F76C8
S31508037788657261626C650052656D6F76696E6754DA
S3150803779878506F7765725265636F726400416464E3
S315080377A8696E675365727669636555756964526563
S315080377B8636F726400436865636B696E67426F6ECD
S315080377C86465645374617465004175746F6D617497
S315080377D8696300426173696300416476616E636530
S315080377E864003C693E673C2F693E0066742F733C08
S315080377F87375703E323C2F7375703E006D2F733C5C
S315080378087375703E323C2F7375703E004E6D2F7339
S3150803781865630072706D2F7365630043544D50009A
S3150803782845544825005441464C0054414652004F96
S3150803783844434C0043414C005352524F0053524D54
S315080378484F0054534C500044544352004454434144
S315080378580053533200535331005350440054454D93
S315080378685000544143480054525125004D41502570
S315080378780052415400534C495000544F5353005433
S31508037888495353004F4C564C0050524E44005053DC
S315080378984E530050434D440042415454005450003B
S315080378A84745415200536574205365637572697475
S315080378B87920436F646500416363657373204C6578
S315080378C876656C00466F7267657420426C756574D5
S315080378D86F6F7468204465766963657300546869CD
S315080378E8732077696C6C2064656C65746520616CB4
S315080378F86C20426C7565746F6F7468206465766965
S315080379086365732066726F6D2074686520636F6E8E
S3150803791874726F6C6C65722773206D656D6F7279F7
S315080379282E20496620796F752061726520757369FB
S315080379386E6720426C7565746F6F746820746F2060
S315080379486163636573732074686520636F6E747205
S315080379586F6C6C65722C206D616B65207375726527
S3150803796820746F206669727374207365742074684B
S315080379786520426C7565746F6F7468204C45204D95
S315080379886F646520746F20426F6E6461626C65204C
S31508037998736F207468617420796F752063616E202C
S315080379A872656761696E20616363657373206672BE
S315080379B86F6D20796F75722063757272656E7420A0
S315080379C86465766963652E20596F75206D6179201C
S315080379D8616C736F206E65656420746F20666F72B9
S315080379E86765742074686520636F6E74726F6C6C50
S315080379F865722066726F6D20796F75722064657675
S31508037A08696365277320426C7565746F6F7468209C
S31508037A1873657474696E6773206D656E752E004297
S31508037A286C7565746F6F7468204D6F64650053656C
S31508037A38637572697479005265736574204469734A
S31508037A48706C6179004D61737320556E69747300A0
S31508037A58546F7271756520556E6974730041636353
S31508037A68656C65726174696F6E20556E6974730007
S31508037A7854656D706572617475726520556E69749F
S31508037A88730056656869636C652053706565642079
S31508037A98556E697473004C656E67746820556E690C
S31508037AA8747300507265737375726520556E6974BD
S31508037AB873004D6561737572656D656E7420556ED1
S31508037AC869747300426C7565204C6576656C004766
S31508037AD87265656E204C6576656C00526564204C44
S31508037AE86576656C00436F6E7472617374004272CF
S31508037AF8696768746E65737300446973706C617932
S31508037B08205365747570004A31393339204D6573C6
S31508037B187361676573004F7074696F6E00584350D5
S31508037B2820536C61766520496400584350204D619B
S31508037B3873746572204964004A31393339205368A6
S31508037B486966742053656C6563746F72204164644F
S31508037B5872657373004A3139333920456E67696E1E
S31508037B68652041646472657373004A313933392071
S31508037B785472616E736D697373696F6E20416464B9
S31508037B88726573730043414E20427573203220424F
S31508037B9861756420526174650043414E20427573CA
S31508037BA8203120426175642052617465004E6574FC
S31508037BB8776F726B205365747570005265636F72BD
S31508037BC86465642044544320436F756E7420427970
S31508037BD82054797065004163746976652044544373
S31508037BE820436F756E742042792054797065005066
S31508037BF86172616D65746572204D656D6F72792062
S31508037C085573656400506172616D65746572204DBC
S31508037C18656D6F72792053697A6500536176656471
S31508037C2820506172616D6574657273004163746986
S31508037C38766520506172616D65746572730048656F
S31508037C4861702052656C6561736520436F756E7440
S31508037C58004865617020416C6C6F636174696F6E67
S31508037C6820436F756E7400486561702055736564A3
S31508037C7800486561702053697A65005265736574AF
S31508037C8820536F75726365004350552055736167B2
S31508037C9865004465627567204C6576656C005265B0
S31508037CA86D6F7465204D6F646500426F6F746C6FF2
S31508037CB8616465722056657273696F6E00536F66E1
S31508037CC874776172652056657273696F6E00536FB0
S31508037CD866747761726520446961676E6F73746940
S31508037CE8637300416363656C65726174696F6E20BB
S31508037CF85A00416363656C65726174696F6E2059CE
S31508037D0800416363656C65726174696F6E20580018
S31508037D184D41502047726F756E640054505320477F
S31508037D28726F756E6400526564204C454400477249
S31508037D3865656E204C454400496E7465726E616CC0
S31508037D482054656D70657261747572650055534282
S31508037D5820436F6E6E6563740055534220506F77E0
S31508037D6865720053657269616C204E756D6265723A
S31508037D7800436F6E74726F6C6C6572204469616731
S31508037D886E6F737469637300424C45204C61737450
S31508037D98204661756C74696E6720436F6D6D205351
S31508037DA87461746500424C4520436F6D6D205374A6
S31508037DB86174650043414E2042757320322054721C
S31508037DC8616E736D6974204572726F7220436F759D
S31508037DD86E740043414E2042757320322052656300
S31508037DE865697665204572726F7220436F756E747E
S31508037DF80043414E204275732032205472616E73D4
S31508037E086D697420436F756E740043414E2042753D
S31508037E18732032205265636569766520436F756EEC
S31508037E28740043414E204275732031205472616EA3
S31508037E38736D6974204572726F7220436F756E7419
S31508037E480043414E204275732031205265636569A4
S31508037E587665204572726F7220436F756E74004398
S31508037E68414E204275732031205472616E736D69D1
S31508037E787420436F756E740043414E204275732010
S31508037E8831205265636569766520436F756E74009C
S31508037E984E6574776F726B20446961676E6F737486
S31508037EA86963730043617272696572204672657104
S31508037EB875656E6379004261636B20454D462043B9
S31508037EC86F65666600496E74656772616C20436FF1
S31508037ED86566660050726F706F7274696F6E616C4F
S31508037EE820436F6566660044726976657220313287
S31508037EF80044726976657220313100447269766581
S31508037F0872203130004472697665722039004472EA
S31508037F186976657220380044726976657220370077
S31508037F2844726976657220360044726976657220EA
S31508037F383500447269766572203400447269766539
S31508037F487220330044726976657220320050574DA1
S31508037F58204472697665722050696E746C6520448C
S31508037F68757479204379636C650050574D204472BC
S31508037F78697665722050696E746C652046726571F8
S31508037F8875656E63790050574D2044726976657234
S31508037F982044697468657220416D706C69747564E8
S31508037FA8650050574D204472697665722044697492
S31508037FB8686572204672657175656E6379005057F0
S31508037FC84D2044726976657220536F6C656E6F69C6
S31508037FD86420526573697374616E63650050574DFF
S31508037FE8204472697665722043757272656E7420C9
S31508037FF8436F6D6D616E640050574D204472697600
S315080380086572204C617374204661756C74204375D8
S315080380187272656E740050574D204472697665729C
S31508038028204C617374204661756C7420436F6D6DBB
S31508038038616E64004661756C7420547970650050E6
S31508038048574D20447269766572204C6173742046CD
S3150803805861756C740050574D2044726976657220B1
S315080380684661756C7465640050574D204472697689
S3150803807865722043757272656E740050574D2044B5
S31508038088726976657220456E61626C650050574D54
S315080380982044726976657220447574792043796336
S315080380A86C650050574D20447269766572204D6F8A
S315080380B864650050574D20446961676E6F73746928
S315080380C8637300446966666572656E7469616C20D4
S315080380D854656D7000446966666572656E74696190
S315080380E86C204F75747075742052504D0044696638
S315080380F8666572656E7469616C20496E707574205D
S3150803810852504D005472616E7366657220436173EB
S3150803811865204C6F772052616E6765005472616EED
S315080381287366657220436173652054656D7065725D
S315080381386174757265004C656674205265617220B0
S31508038148576865656C205370656564005269676886
S3150803815874205265617220576865656C205370658B
S315080381686564004C6566742046726F6E742057689A
S3150803817865656C2053706565640052696768742081
S3150803818846726F6E7420576865656C20537065650B
S3150803819864004272616B6520537769746368005695
S315080381A8656869636C652053706565642053656EF5
S315080381B8736F722053706565640056656869636CE6
S315080381C86520446961676E6F7374696373005368DE
S315080381D8696674205265672044205465726D005396
S315080381E868696674205265672049205465726D006C
S315080381F85368696674205265672050205465726D02
S3150803820800536869667420526567204F75747075DC
S315080382187400436C757463682038205072657373E9
S3150803822875726500436C75746368203720507265E8
S31508038238737375726500436C7574636820362050CA
S315080382487265737375726500436C75746368203554
S3150803825820507265737375726500436C7574636829
S31508038268203420507265737375726500436C757490
S315080382786368203320507265737375726500436C9F
S315080382887574636820322050726573737572650056
S31508038298436C7574636820312050726573737572FD
S315080382A865005443432050726573737572650054A9
S315080382B872616E736D697373696F6E204D61696E4A
S315080382C820507265737375726500446961676E6FCA
S315080382D873746963204C696E652050726573737588
S315080382E8726500446961676E6F73746963205443E2
S315080382F8430043757272656E74205443432053745E
S315080383086174650053656C656374656420544343F7
S315080383182053746174650054434320436F6E747223
S315080383286F6C204D6F6465004C6F776573742050C6
S315080383386F737369626C652054434320476561729A
S315080383480053656C65637465642052616E676500DE
S315080383585265717565737465642052616E67650045
S31508038368526571756573746564204765617200485B
S3150803837869676865737420506F737369626C6520DF
S3150803838847656172005265636F6D6D656E646564F2
S315080383982047656172004C6F7765737420506F7355
S315080383A87369626C65204765617200446961676E23
S315080383B86F737469632047656172005368696674E5
S315080383C820436F6E74726F6C204D6F646500536536
S315080383D86C656374656420476561720043757272D8
S315080383E8656E742047656172005472616E732E2038
S315080383F84F696C204C6576656C20536574746C6993
S315080384086E672054696D65005472616E732E204F2A
S31508038418696C204C6576656C204D65617375726564
S315080384286D656E7420537461747573005472616E46
S31508038438736D697373696F6E204F696C204C657623
S31508038448656C2053656E736F7220566F6C7461671B
S3150803845865005472616E736D697373696F6E204F25
S31508038468696C204C6576656C005472616E736D6928
S315080384787373696F6E2050726573737572652053CB
S31508038488656E736F72005368696674204C65766502
S31508038498722053656E736F7220566F6C74616765C5
S315080384A8005472616E736D697373696F6E20536CCA
S315080384B86970005472616E736D697373696F6E20A0
S315080384C84F757470757420536861667420537065A4
S315080384D86564005472616E736D697373696F6E2090
S315080384E8496E7075742053686166742053706565A0
S315080384F864005472616E736D697373696F6E204392
S31508038508757272656E742047656172205261746963
S315080385186F005472616E736D697373696F6E204465
S315080385286961676E6F73746963204D6F6465005478
S3150803853872616E736D697373696F6E2052617469BC
S315080385486F73005472616E736D697373696F6E2006
S31508038558446961676E6F73746963730043727569F7
S31508038568736520436F6E74726F6C20416374697602
S31508038578650043727569736520436F6E74726F6C11
S3150803858820456E61626C656400416363656C657258
S3150803859861746F7220506564616C203200416363AD
S315080385A8656C657261746F7220506564616C2031FD
S315080385B8005472616E736665722043617365204F52
S315080385C87574707574205370656564005472616EAA
S315080385D873666572204361736520496E70757420E6
S315080385E8537065656400456E67696E6520436F6FEA
S315080385F86C616E742054656D706572617475726505
S3150803860800456E67696E652044656D616E6420254D
S3150803861820546F727175650049646C6520536875D3
S3150803862874646F776E2054696D6572205374617428
S31508038638650049646C652053687574646F776E20A2
S3150803864841637469766500456E67696E652041639B
S315080386587475616C20546F7271756500416363653F
S315080386686C65726174696F6E2052617465204C6912
S315080386786D6974696E670044726976657220446524
S315080386886D616E64202520546F7271756500456E99
S3150803869867696E652041637475616C202520546F7C
S315080386A87271756500456E67696E6520546F7271D8
S315080386B87565204D6F646500456E67696E65204D5F
S315080386C8616E69666F6C642050726573737572653B
S315080386D800456E67696E6520446961676E6F7374D2
S315080386E869637300537061726520496E70757420E7
S315080386F84672657175656E637900544F53532049FD
S315080387086E707574204672657175656E6379005463
S3150803871849535320496E7075742046726571756599
S315080387286E6379005461636820496E7075742046D0
S3150803873872657175656E637900537065656420495A
S315080387486E70757420446961676E6F7374696373B1
S3150803875800537769746368204D6F6E69746F722066
S31508038768566F6C7461676500416E616C6F67204567
S315080387786E61626C656400537769746368204D6F2C
S315080387886E69746F7220416E616C6F6720456E61FE
S31508038798626C6500537769746368204D6F6E6974F4
S315080387A86F722053776974636820746F20506F77E4
S315080387B865720043757272656E7420456E61626CE4
S315080387C8656400537769746368204D6F6E69746FBF
S315080387D8722043757272656E7420456E61626C65A4
S315080387E800537769746368204D6F6E69746F7220D6
S315080387F8496E70757400537769746368204D6F6E94
S3150803880869746F7220446961676E6F7374696373F9
S3150803881800313220566F6C7420537570706C79006A
S315080388283520566F6C7420537570706C79004D75C6
S315080388386C7469706C657865642053656E736F72BA
S3150803884800566F6C74616765204F7574707574206C
S3150803885832204869676800566F6C74616765204FEC
S3150803886875747075742032204C6F7700566F6C7464
S31508038878616765204F757470757420322046726572
S315080388887175656E637900566F6C74616765204FF9
S3150803889875747075742031204869676800566F6C5B
S315080388A874616765204F75747075742031204C6F31
S315080388B87700566F6C74616765204F7574707574A5
S315080388C82031204672657175656E63790054656D46
S315080388D8706572617475726520496E707574203295
S315080388E80054656D706572617475726520496E709A
S315080388F87574203100496E7465726E616C2054650F
S315080389086D70657261747572652053656E736F72DF
S31508038918005468726F74746C6520506F7369746950
S315080389286F6E2053656E736F7200566F6C7461674A
S315080389386520446961676E6F73746963730054438A
S3150803894843204465726976617469766520436F6E58
S315080389587374616E740054434320496E7465677271
S31508038968616C20436F6E7374616E740054434320BD
S3150803897850726F706F7274696F6E616C20436F6E95
S315080389887374616E740054434320536C69702045AD
S3150803899872726F72204465616462616E640054433F
S315080389A84320537065656420506861736520417078
S315080389B8706C792054696D650054434320546F726B
S315080389C8717565205068617365204170706C7920EC
S315080389D854696D6500544343204D61782050726588
S315080389E87373757265005443432043617061636901
S315080389F8747900544343204170706C792054696D27
S31508038A086500544343205374726F6B65205072652F
S31508038A18737375726500544343205374726F6B6599
S31508038A282054696D65005443432046696C6C20508D
S31508038A3872657373757265005443432046696C6C93
S31508038A482054696D650053706565642052617469BD
S31508038A586F00436170616369747920466163746F53
S31508038A687200546F7271756520436F6E76657274FA
S31508038A78657220436170616369747920466163741A
S31508038A886F72730054434320526567756C61746942
S31508038A986F6E00544343205374616C6C205072659F
S31508038AA876656E74696F6E20456E67696E652053C1
S31508038AB8706565640054434320456E61626C65209E
S31508038AC854656D7065726174757265005443432005
S31508038AD844697361626C656420696E2053776974A7
S31508038AE863682053686966742042005443432044E4
S31508038AF8697361626C652050657263656E74616734
S31508038B0865204200544343204D696E2E20546872EB
S31508038B186F74746C65204200544343204D61782E64
S31508038B28205468726F74746C65204200544343205A
S31508038B38456E61626C65205370656564204200540E
S31508038B48434320456E61626C65204765617220421E
S31508038B58005443432044697361626C656420696EF3
S31508038B6820537769746368205368696674204100DB
S31508038B785443432044697361626C65205065726384
S31508038B88656E74616765204100544343204D696ED9
S31508038B982E205468726F74746C65204100544343DD
S31508038BA8204D61782E205468726F74746C65204161
S31508038BB80054434320456E61626C652053706565AE
S31508038BC86420410054434320456E61626C6520471F
S31508038BD8656172204100544343205461626C65738E
S31508038BE8204220362D35005468726F74746C6500FC
S31508038BF8544343205461626C6573204220352D36ED
S31508038C0800544343205461626C6573204220352D12
S31508038C183400544343205461626C657320422034FC
S31508038C282D3500544343205461626C6573204220F2
S31508038C38342D3300544343205461626C65732042D0
S31508038C4820332D3400544343205461626C657320E2
S31508038C584220332D3200544343205461626C6573B2
S31508038C68204220322D3300544343205461626C65F5
S31508038C7873204220322D3100544343205461626CD9
S31508038C886573204220312D320054434320546162D0
S31508038C986C65732042203655005443432054616259
S31508038CA86C6573204220364C005443432054616252
S31508038CB86C6573204220355500544343205461623A
S31508038CC86C6573204220354C005443432054616233
S31508038CD86C6573204220345500544343205461621B
S31508038CE86C6573204220344C005443432054616214
S31508038CF86C657320422033550054434320546162FC
S31508038D086C6573204220334C0054434320546162F4
S31508038D186C657320422032550054434320546162DC
S31508038D286C6573204220324C0054434320546162D5
S31508038D386C657320422031550054434320546162BD
S31508038D486C6573204220314C0054434320546162B6
S31508038D586C6573204200544343205461626C6573FF
S31508038D68204120362D3500544343205461626C65EF
S31508038D7873204120352D3600544343205461626CD1
S31508038D886573204120352D340054434320546162CA
S31508038D986C6573204120342D3500544343205461B0
S31508038DA8626C6573204120342D33005443432054A1
S31508038DB861626C6573204120332D34005443432084
S31508038DC85461626C6573204120332D320054434342
S31508038DD8205461626C6573204120322D3300544355
S31508038DE843205461626C6573204120322D31005447
S31508038DF84343205461626C6573204120312D320048
S31508038E08544343205461626C6573204120365500E8
S31508038E18544343205461626C6573204120364C00E1
S31508038E28544343205461626C6573204120355500C9
S31508038E38544343205461626C6573204120354C00C2
S31508038E48544343205461626C6573204120345500AA
S31508038E58544343205461626C6573204120344C00A3
S31508038E68544343205461626C65732041203355008B
S31508038E78544343205461626C6573204120334C0084
S31508038E88544343205461626C65732041203255006C
S31508038E98544343205461626C6573204120324C0065
S31508038EA8544343205461626C65732041203155004D
S31508038EB8544343205461626C6573204120314C0046
S31508038EC8544343205461626C6573204100557365A6
S31508038ED820544343205461626C657300544343200A
S31508038EE85365747570007B7B70696E746C65536F14
S31508038EF86C656E6F69644E616D65377D7D007B7B36
S31508038F0870696E746C65536F6C656E6F69644E61D0
S31508038F186D65367D7D007B7B70696E746C65536FF2
S31508038F286C656E6F69644E616D65357D7D007B7B07
S31508038F3870696E746C65536F6C656E6F69644E61A0
S31508038F486D65347D7D007B7B70696E746C65536FC4
S31508038F586C656E6F69644E616D65337D7D007B7BD9
S31508038F6870696E746C65536F6C656E6F69644E6170
S31508038F786D65327D7D007B7B70696E746C65536F96
S31508038F886C656E6F69644E616D65317D7D007B7BAB
S31508038F9870696E746C65536F6C656E6F69644E6140
S31508038FA86D65307D7D0050696E746C6520536F6CF2
S31508038FB8656E6F696420437572766573007B7B7388
S31508038FC86F6C656E6F69644E616D65377D7D007B71
S31508038FD87B736F6C656E6F69644E616D65367D7DEF
S31508038FE8007B7B736F6C656E6F69644E616D65355F
S31508038FF87D7D007B7B736F6C656E6F69644E616DEF
S3150803900865347D7D007B7B736F6C656E6F69644E13
S31508039018616D65337D7D007B7B736F6C656E6F69E8
S31508039028644E616D65327D7D007B7B736F6C656EFF
S315080390386F69644E616D65317D7D007B7B736F6CEB
S31508039048656E6F69644E616D65307D7D00536F6C1F
S31508039058656E6F696420507265737375726520430C
S31508039068757276657300536869667420546F7271EE
S315080390787565204C696D69747300546F72717565EB
S31508039088204C696D6974250050657263656E7400B2
S315080390984E2D3120416363756D756C61746F72204B
S315080390A85072657373757265004E2D31205368695E
S315080390B866742050726573737572650047617261C9
S315080390C867652053686966742054696D6500476146
S315080390D87261676520536869667420546F7271757F
S315080390E865204C696D697400546F727175652053F0
S315080390F868696674204420436F6E7374616E7400DE
S31508039108546F7271756520536869667420492043DC
S315080391186F6E7374616E7400546F7271756520533C
S3150803912868696674205020436F6E7374616E7400A1
S3150803913853542053706565642053796E63205469C4
S315080391486D650054532053706565642053796E63BF
S315080391582054696D6500535420546F7271756520E0
S315080391685472616E736665722054696D650054534B
S3150803917820546F72717565205472616E73666572D1
S315080391882054696D6500535420557073686966746D
S3150803919820546F72717565205468726573686F6CAD
S315080391A86400535420446F776E7368696674205451
S315080391B86F72717565205468726573686F6C64009D
S315080391C8382D3700372D3600446F776E736869660E
S315080391D8742052656C65617365205072657373757F
S315080391E8726500446F776E73686966742041707098
S315080391F86C7920507265737375726500372D38005C
S31508039208362D3700557073686966742052656C6520
S31508039218617365205072657373757265005570734B
S3150803922868696674204170706C7920507265737327
S31508039238757265005570736869667420416363754A
S315080392486D756C61746F7220507265737375726588
S3150803925800436C7574636800436C757463682053BC
S3150803926874726F6B65205072657373757265004304
S315080392786C75746368205374726F6B652054696DD3
S315080392886500436C757463682046696C6C20507274
S3150803929865737375726500436C75746368204669EC
S315080392A86C6C2054696D6500436C75746368205249
S315080392B8656C656173652054696D650053686966ED
S315080392C87420436F6E74726F6C20416476616E63A3
S315080392D86564205365747570004C696E6520507211
S315080392E8657373757265204220367468004C696E17
S315080392F865205072657373757265204220357468E4
S31508039308004C696E652050726573737572652042E1
S3150803931820347468004C696E6520507265737375DA
S315080393287265204220337264004C696E6520507258
S31508039338657373757265204220326E64004C696ED4
S31508039348652050726573737572652042203173748C
S31508039358004C696E65205072657373757265204291
S315080393680052324C20507265737375726520426FCA
S315080393786F73742042005072657373757265204162
S31508039388646A7573742042004C696E652050726569
S315080393987373757265204120367468004C696E6567
S315080393A82050726573737572652041203574680099
S315080393B84C696E6520507265737375726520412012
S315080393C8347468004C696E652050726573737572D8
S315080393D865204120337264004C696E6520507265B6
S315080393E87373757265204120326E64004C696E6525
S315080393F82050726573737572652041203173740042
S315080394084C696E65205072657373757265204100E1
S3150803941852324C20507265737375726520426F6FAA
S3150803942873742041005072657373757265204164BD
S315080394386A757374204100536869667420436F6EAE
S3150803944874726F6C20536574757000446F776E7306
S31508039458686966742042205461626C6573204C6F90
S31508039468636B656400446F776E7368696674204135
S31508039478205461626C6573204C6F636B6564005393
S3150803948868696674205461626C6573204220446F68
S31508039498776E005368696674205461626C65732035
S315080394A84120446F776E0053686966742054616275
S315080394B86C65732042205570005368696674205496
S315080394C861626C6573204120557000536869667438
S315080394D820436F6E74726F6C204D6F64652042006B
S315080394E8446F776E73686966742053656E73697417
S315080394F869766974792042004D61782E20456E672E
S31508039508696E652053706565642042005368696609
S31508039518742053706565642041646A7573742042C0
S3150803952800536869667420436F6E74726F6C204DB6
S315080395386F6465204100446F776E736869667420A3
S3150803954853656E73697469766974792041004D6148
S31508039558782E20456E67696E6520537065656420A5
S3150803956841005368696674205370656564204164CD
S315080395786A75737420410053686966742053706565
S31508039588656420536574757000456E67696E652052
S3150803959849646C652053687574646F776E205469DB
S315080395A86D6500456E67696E652052756E6E696EE0
S315080395B86720446574656374696F6E2053706565BF
S315080395C86400456E67696E65204D6178696D756DCA
S315080395D820546F72717565004D4150206174204D92
S315080395E8617820456E67696E6520546F7271756573
S315080395F800557365204D415020666F7220746F724B
S31508039608717565207369676E616C004D4150205307
S31508039618656E736F722047726F756E640053656C57
S3150803962865637420342042617220426F736368202D
S315080396384D41502053656E736F720053656C6563AD
S315080396487420332042617220426F736368204D4148
S31508039658502053656E736F720053656C6563742087
S31508039668322E352042617220426F736368204D415A
S31508039678502053656E736F720053656C6563742067
S31508039688312042617220426F736368204D4150202E
S3150803969853656E736F720053656C65637420332064
S315080396A842617220474D204D41502053656E736FB2
S315080396B8720053656C6563742032204261722047D1
S315080396C84D204D41502053656E736F720053656C78
S315080396D865637420312042617220474D204D4150FD
S315080396E82053656E736F720053656C656374204DFA
S315080396F841502053656E736F722054797065004D17
S3150803970841502053656E736F7220566F6C74616788
S3150803971865005468726F74746C652046696C746561
S31508039728722053697A6500545053204D6178205640
S315080397386F6C7461676500545053204D696E2056E3
S315080397486F6C74616765005468726F74746C65200E
S31508039758506F736974696F6E2053656E736F7220E1
S31508039768566F6C7461676500416476616E636564F8
S3150803977820456E67696E6520536574757000526572
S3150803978876657273652054505300545053204361C9
S315080397986C6962726174696F6E004E756D62657283
S315080397A8206F6620456E67696E652043796C696E16
S315080397B864657273004C6F772052616E676520473C
S315080397C8656172204C696D697400546F72717565A9
S315080397D820436F6E7665727465722054656D70657D
S315080397E8726174757265204C696D69740054726187
S315080397F86E736D697373696F6E2054656D706572E0
S315080398086174757265204C696D6974005472616E6A
S31508039818736D697373696F6E2050726F74656374B9
S31508039828696F6E005368696674204C65766572209D
S315080398384765617220566F6C746167657300536573
S3150803984874204431005365742044320053657420E8
S3150803985844330053657420443400536574204E001A
S31508039868536574205265766572736500536574206B
S315080398785061726B005368696674204C6576657225
S315080398882043616C6962726174696F6E00496E7010
S31508039898757420536861667420537065656420532C
S315080398A8656E736F722050756C736520436F756E9A
S315080398B8740054757262696E652053706565642011
S315080398C853656E736F722050756C736520436F7595
S315080398D86E740056656869636C65205370656564BC
S315080398E82053656E736F72204C6F636174696F6E6C
S315080398F80056656869636C6520537065656420530B
S31508039908656E736F722050756C736520436F756E39
S315080399187400486173204C696E65205072657373C9
S315080399287572652053656E736F723F0054656D7063
S31508039938657261747572652053656E736F72205408
S31508039948797065004861732050574D205443432066
S31508039958536F6C656E6F69643F0048617320416392
S3150803996863756D756C61746F7220436F6E74726F6D
S315080399786C20536F6C656E6F69643F00486173208A
S31508039988507265737375726520436F6E74726F6C64
S3150803999820536F6C656E6F69643F004D6F64652C61
S315080399A8205472616E73666572204361736500534A
S315080399B868696674204C657665722053706F72748D
S315080399C8204D6F64652046756E6374696F6E004F24
S315080399D876657264726976652043616E63656C2081
S315080399E85377697463682053656E7365004F7665A4
S315080399F87264726976652043616E63656C20537772
S31508039A086974636820416374696F6E005472616E82
S31508039A18736D697373696F6E204F7074696F6E73AC
S31508039A28004C6F772052616E6765205377697463B4
S31508039A38682042696173004C6F772052616E6765C7
S31508039A48205377697463682053656E7365004C6F92
S31508039A58772052616E676520476561722052617483
S31508039A68696F0053706565646F6D65746572204F19
S31508039A7875747075742043616C6962726174696F71
S31508039A886E0056656869636C652057656967687407
S31508039A980054697265204469616D65746572004688
S31508039AA8696E616C20447269766520526174696FC0
S31508039AB8005472616E736D697373696F6E20547996
S31508039AC8706500536574205472616E736D69737398
S31508039AD8696F6E2F456E67696E65205479706500E0
S31508039AE856656869636C6520536574757000436CBD
S31508039AF86561722074726F75626C6520636F64653D
S31508039B087300546869732077696C6C20636C6561A4
S31508039B187220616C6C2061637469766520616E6472
S31508039B282073746F72656420636F6465732E0044CB
S31508039B38617368626F61726400766563746F723AFB
S31508039B483A5F4D5F7265616C6C6F635F61707065D0
S31508039B586E6400252D34732535732000203C2000B8
S31508039B6843616E6E6F742072756E206E6F772E0062
S31508039B78507265737320555020746F20636F6E6631
S31508039B8869726D2E002575252500436F6D706C6502
S31508039B987465004E6F204454437320736574002517
S31508039BA8336C752F252D336C75202535732025358C
S31508039BB86C75256300436F6E6669726D202573009D
S31508039BC848474D20434F4D5055534849465420332B
S31508039BD80063616E6E6F74206372656174652073C2
S31508039BE874643A3A766563746F72206C6172676552
S31508039BF872207468616E206D61785F73697A652867
S31508039C0829006E756C6C004E6F20666C6F61740064
S31508039C1825302A580025632530345800252A642E0A
S31508039C2825302A6400252A6400636C757463684EB4
S31508039C38616D653000436C75746368203100636C25
S31508039C48757463684E616D653100436C7574636832
S31508039C58203200636C757463684E616D6532004320
S31508039C686C75746368203300636C757463684E6136
S31508039C786D653300436C75746368203400636C75CB
S31508039C887463684E616D653400436C757463682044
S31508039C983500636C757463684E616D653500436C8E
S31508039CA875746368203600636C757463684E616DF2
S31508039CB8653600436C75746368203700636C75747E
S31508039CC863684E616D653700436C7574636820383D
S31508039CD800636C757463684E616D653800436C750B
S31508039CE874636820390070696E746C65536F6C65A4
S31508039CF86E6F69644E616D65300050696E746C6584
S31508039D0820310070696E746C65536F6C656E6F6984
S31508039D18644E616D65310050696E746C6520320056
S31508039D2870696E746C65536F6C656E6F69644E61A2
S31508039D386D65320050696E746C6520330070696E00
S31508039D48746C65536F6C656E6F69644E616D6533C4
S31508039D580050696E746C6520340070696E746C659E
S31508039D68536F6C656E6F69644E616D65340050692F
S31508039D786E746C6520350070696E746C65536F6C08
S31508039D88656E6F69644E616D65350050696E746CEE
S31508039D986520360070696E746C65536F6C656E6FF3
S31508039DA869644E616D65360050696E746C65203753
S31508039DB80070696E746C65536F6C656E6F69644E73
S31508039DC8616D65370050696E746C65203800736F6A
S31508039DD86C656E6F69644E616D653000536F6C65AB
S31508039DE86E6F6964203100736F6C656E6F69644EB4
S31508039DF8616D653100536F6C656E6F696420320057
S31508039E08736F6C656E6F69644E616D653200536F67
S31508039E186C656E6F6964203300736F6C656E6F6962
S31508039E28644E616D653300536F6C656E6F696420A4
S31508039E383400736F6C656E6F69644E616D653400C3
S31508039E48536F6C656E6F6964203500736F6C656E46
S31508039E586F69644E616D653500536F6C656E6F691E
S31508039E6864203600736F6C656E6F69644E616D6541
S31508039E783600536F6C656E6F6964203700736F6CB1
S31508039E88656E6F69644E616D653700536F6C656EF1
S31508039E986F696420380042340042330044697265A6
S31508039EA863742032004232004F7665724472762F05
S31508039EB84500436F617374004231004C6F775265EE
S31508039EC8762F440048694C6F526576004334004937
S31508039ED86E746D642F430044697265637420310098
S31508039EE84333004469726563742F4200466F727779
S31508039EF86172642F410046726F6E740076656374E7
S31508039F086F723A3A5F4D5F7265616C6C6F635F692E
S31508039F186E73657274000000ECA00408309F03088A
S31508039F280200000002000000000000008C2003085D
S31508039F380100000086200308ECA00408509F0308C4
S31508039F48020000000500000000000000892003083D
S31508039F5801000000AA5F0308ECA00408709F030821
S31508039F680300000006000000000000008F20030815
S31508039F78010000009520030802000000F97603088B
S31508039F88ECA00408989F03080200000001000000DB
S31508039F9800000000046E0308010000001C520308B1
S31508039FA8ECA00408B89F0308030000000300000098
S31508039FB8000000009C20030801000000A0200308F5
S31508039FC802000000EB5F0308ECA00408E09F0308FF
S31508039FD8020000000400000000000000A420030893
S31508039FE801000000A9200308ECA0040800A0030840
S31508039FF8030000000300000000000000AC2003086B
S3150803A00801000000B020030802000000B42003087A
S3150803A018ECA0040828A00308290000001C00000077
S3150803A02800000000AF45030801000000815103083A
S3150803A038020000009B51030803000000B7510308F8
S3150803A0482E000000D251030811000000DF5103084F
S3150803A0580B000000F05103080A0000000652030823
S3150803A068210000001E5203082B0000003352030880
S3150803A07826000000445203081F000000585203082C
S3150803A08823000000705203081D0000007B520308D2
S3150803A0980700000088520308160000009A520308AE
S3150803A0A820000000AC5203082F000000BE52030824
S3150803A0B808000000CB52030809000000DC52030815
S3150803A0C819000000ED52030818000000FF520308A0
S3150803A0D827000000145303081B0000002353030832
S3150803A0E82800000036530308040000004E530308EB
S3150803A0F8050000005D5303080600000075530308AE
S3150803A1080C0000008C5303080D000000A95303082C
S3150803A1182D000000C653030822000000D253030883
S3150803A1281E000000E153030814000000EE53030859
S3150803A13829000000FE530308300000001A540308D8
S3150803A1480E000000285403082A0000003A5403089E
S3150803A1582C0000004D540308240000006454030827
S3150803A1682500000076540308ECA0040880A1030818
S3150803A1780E000000030000000000000091540308C5
S3150803A18801000000955403080200000099540308C7
S3150803A198030000009D54030804000000048E030806
S3150803A1A805000000F38D030806000000E28D030886
S3150803A1B807000000D18D030808000000C08D0308B6
S3150803A1C809000000AF8D03080A0000009E8D0308E6
S3150803A1D80B0000008D8D03080C0000007C8D030816
S3150803A1E80D0000006B8D0308ECA0040800A2030801
S3150803A1F82D0000001E00000000000000BF800308B1
S3150803A20864000000A154030865000000B654030857
S3150803A21866000000D554030867000000E6540308DF
S3150803A2286E00000001550308780000000F5503085F
S3150803A2388200000018550308830000002155030807
S3150803A2488C000000305503088D00000039550308B3
S3150803A258C800000048550308C90000005F550308ED
S3150803A268CA00000072550308CB0000008955030885
S3150803A278CC0000009D550308CD000000B45503081B
S3150803A288CE000000C7550308CF000000DD550308B4
S3150803A298D0000000EF550308D1000000055603084F
S3150803A2A8D200000017560308D300000032560308E5
S3150803A2B8D4000000495603082C0100005456030825
S3150803A2C82D010000695603082E0100007F5603086E
S3150803A2D82F0100009B56030890010000B756030890
S3150803A2E891010000C656030892010000DC560308CC
S3150803A2F893010000F2560308F401000008570308FF
S3150803A308F501000014570308F60100002657030849
S3150803A318F701000032570308F80100003E570308FF
S3150803A328F90100004A570308FA01000056570308BB
S3150803A338FB0100006F570308FD0100008657030851
S3150803A348260200009A57030827020000AA5703089B
S3150803A358E8030000B9570308E9030000C9570308C7
S3150803A368ECA0040878A30308030000000D00000006
S3150803A37800000000D957030801000000A99903083B
S3150803A38802000000E65703085CA104080000000061
S3150803A398A0860100000000000000C8420100000072
S3150803A3A86E5E0308000000000000000004000000B9
S3150803A3B8050000005CA104080000000040420F00E5
S3150803A3C80000000000007A44020000006E5E0308DD
S3150803A3D80000000000000000060000000700000057
S3150803A3E85CA104080000000040420F0000000000BA
S3150803A3F800A00C4700000000A02003080000000086
S3150803A4080000000005000000050000005CA1040820
S3150803A4180000000040420F0000000000BAC2AE4622
S3150803A428000000009C20030800000000000000004C
S3150803A43805000000050000005CA1040800000000F0
S3150803A44840420F000000000000401C4601000000BF
S3150803A458EB5F030800000000000000000600000088
S3150803A46807000000ECA004087CA4030810000000F9
S3150803A4781800000000000000F25703080100000056
S3150803A488F8570308020000000158030803000000F0
S3150803A49816580308040000002C5803080500000092
S3150803A4A84558030806000000545803080700000027
S3150803A4B866580308080000007B58030809000000CB
S3150803A4C8915803080A000000A85803080B0000005F
S3150803A4D8B65803080C000000C45803080D0000000A
S3150803A4E8D25803080F000000C063030810000000D1
S3150803A4F8E55803085CA104080000000010270000BB
S3150803A508000000000000C84201000000EB5F0308D2
S3150803A51828A5030804000000000000000000000046
S3150803A5280000803F50B1030802200000000080BFE6
S3150803A53860AB030800A00000DB0F494000000000D9
S3150803A548000000008988883C00000000000000001D
S3150803A5585CA10408000000001027000000000000A2
S3150803A5680000B44301000000A020030884A50308DB
S3150803A5780400000000000000000000000000803FFF
S3150803A58850B1030802200000000080BF60AB03082F
S3150803A59800A00000DB0F494000000000000000008F
S3150803A5A88988883C00000000000000005CA10408B4
S3150803A5B800000000102700000000000092B15F4366
S3150803A5C8010000009C200308E0A503080400000016
S3150803A5D800000000000000000000803F50B1030897
S3150803A5E802200000000080BF60AB030800A000003B
S3150803A5F8DB0F494000000000000000008988883CFA
S3150803A60800000000000000005CA104080000000028
S3150803A61800CA9A3B00000000286B6E4E0000000033
S3150803A6280660030800000000000000000A00000096
S3150803A6380A000000ECA004084CA603081000000052
S3150803A6481300000000000000F35803080100000087
S3150803A6589059030802000000015903080300000083
S3150803A66810590308040000001D59030805000000D3
S3150803A67831590308060000003D590308070000007E
S3150803A6884A59030808000000565903080900000038
S3150803A698665903080A0000007A5903080B000000E4
S3150803A6A8895903080C0000009C5903080D0000008B
S3150803A6B8AE5903080E000000BA5903080F00000034
S3150803A6C8E55803085CA10408C0BDF0FF40420F0023
S3150803A6D8A01134C9A01134490000000089200308D1
S3150803A6E80000000000000000060000000700000044
S3150803A6F85CA10408C0BDF0FF40420F00002474C9DA
S3150803A7080024744900000000AA5F0308000000003B
S3150803A7180000000007000000080000005CA1040808
S3150803A728000000009F860100000000005CFF7944D2
S3150803A73802000000C69B0308000000000000000092
S3150803A74805000000060000005CA1040800000000DC
S3150803A7580F27000000000000004BC3470000000055
S3150803A768C0590308000000000000000005000000A7
S3150803A77805000000ECA004088CA7030803000000E2
S3150803A7880F00000000000000C35903080100000079
S3150803A798C859030802000000D85903085CA104082D
S3150803A7A856F5FFFF1027000033B3E5C30000E54459
S3150803A7B800000000046E0308000000000000000003
S3150803A7C804000000050000005CA1040856F5FFFF15
S3150803A7D810270000008088C300007A4400000000A0
S3150803A7E81C520308000000000000000004000000D3
S3150803A7F8050000005CA1040856F5FFFF10270000B2
S3150803A80833B3E5C30000E54401000000E65903082D
S3150803A8180000000000000000050000000700000013
S3150803A8285CA1040856F5FFFF10270000008088C3BB
S3150803A83800007A4401000000ED59030800000000EF
S3150803A8480000000005000000070000005CA10408DA
S3150803A85856F5FFFF1027000033B3E5C30000E544A8
S3150803A86801000000046E0308000000000000000051
S3150803A87805000000070000005CA1040856F5FFFF61
S3150803A88810270000008088C300007A4401000000EE
S3150803A8981C52030800000000000000000500000021
S3150803A8A807000000ECA00408BCA80308160000006B
S3150803A8B804000000000000002D5A030801000000E8
S3150803A8C8315A030802000000355A0308030000003A
S3150803A8D8395A0308040000003D5A03080500000016
S3150803A8E8415A030806000000455A030807000000F2
S3150803A8F8495A0308080000004D5A030809000000CE
S3150803A908515A03080A000000555A03080B000000A9
S3150803A9185A5A03080C0000005F5A03080D00000082
S3150803A928645A03080E000000695A03080F0000005A
S3150803A9386D5A030810000000715A03081100000035
S3150803A948755A030812000000795A03081300000011
S3150803A9587D5A030814000000815A030815000000ED
S3150803A968855A03085CA104080000000040420F004A
S3150803A9780000000000401C4602000000895A03082C
S3150803A988000000000000000007000000080000009F
S3150803A998ECA00408A8A90308100000000200000098
S3150803A9A8000000001B510308010000009754030820
S3150803A9B8020000006698030803000000745403089D
S3150803A9C8040000007F5B030805000000D79B030803
S3150803A9D8060000009B5B030807000000519E030856
S3150803A9E8080000006A9E030809000000839E0308FE
S3150803A9F80A0000009C9E03080B000000EC9C030851
S3150803AA080C0000000A7F03080D000000007F0308F6
S3150803AA180E000000F67E03080F000000665A0308B6
S3150803AA28ECA0040838AA030803000000180000006D
S3150803AA3800000000B15D030801000000CA5D0308B1
S3150803AA4802000000E25D03085CA10408F0D8FFFFD2
S3150803AA581027000000401CC600401C4600000000E2
S3150803AA680660030800000000000000000500000057
S3150803AA78060000005CA1040800000000A086010087
S3150803AA88000000000050C3470000000006600308E2
S3150803AA980000000000000000060000000600000091
S3150803AAA85CA1040800000000A0860100000000005D
S3150803AAB80000C84203000000F85D03080000000010
S3150803AAC8000000000600000007000000ECA00408C8
S3150803AAD8E4AA03080A0000001400000000000000A6
S3150803AAE8FC5D030801000000055E03080200000078
S3150803AAF8095E030803000000125E03080400000049
S3150803AB08275E030805000000375E030806000000F1
S3150803AB184C5E0308070000005E5E03080800000091
S3150803AB28705E030809000000855E03085CA1040833
S3150803AB380000000040420F000000000000007A44AD
S3150803AB4803000000895A03080000000000000000FB
S3150803AB5807000000080000005CA1040800000000C4
S3150803AB6840420F000000000000401C460200000097
S3150803AB78895A0308000000000000000007000000C7
S3150803AB88080000005CA1040800000000E8030000B0
S3150803AB98000000000000484301000000915E030816
S3150803ABA80000000000000000040000000500000083
S3150803ABB8ECA00408C8AB0308060000001000000050
S3150803ABC800000000C65D030801000000995E03083B
S3150803ABD802000000A85E030803000000677F030855
S3150803ABE804000000B95E030805000000C85E0308F0
S3150803ABF85CA1040800000000A0860100000000000C
S3150803AC080050C34700000000D95E0308000000008F
S3150803AC18000000000600000006000000ECA0040877
S3150803AC2834AC030808000000160000000000000002
S3150803AC38C359030801000000235F03080200000044
S3150803AC48325F030803000000425F0308040000009C
S3150803AC584F5F030805000000665F03080600000047
S3150803AC68755F030807000000855F03085CA10408ED
S3150803AC7800FFFFFF000100000000C8C20000C84229
S3150803AC88010000005B5103080000000000000000F3
S3150803AC9804000000060000005CA104080000000088
S3150803ACA81027000000000000E5509D41040000003D
S3150803ACB8925F030800000000000000000600000079
S3150803ACC8070000005CA10408000000001027000024
S3150803ACD800000000DB8AAD3F040000009C5F030800
S3150803ACE80000000000000000050000000600000040
S3150803ACF85CA10408000000001027000000000000FB
S3150803AD080000C84203000000A65F0308000000000D
S3150803AD180000000006000000070000005CA1040804
S3150803AD280000000000CA9A3B000000009B510A4D28
S3150803AD3801000000AD5F03080000000000000000E2
S3150803AD480A0000000B0000005CA1040800000000CC
S3150803AD5800CA9A3B000000008096184B02000000C0
S3150803AD68B85F030800000000000000000A0000009E
S3150803AD780B0000005CA104080000000000CA9A3B07
S3150803AD8800000000286B6E4E00000000C35F03082E
S3150803AD9800000000000000000A0000000A00000086
S3150803ADA85CA104080000000000CA9A3B00000000E2
S3150803ADB84B0CB14903000000CE5F030800000000EE
S3150803ADC8000000000A0000000B0000005CA104084C
S3150803ADD80000000000CA9A3B000000000050C34761
S3150803ADE804000000D95F0308000000000000000003
S3150803ADF80A0000000B0000005CA10408000000001C
S3150803AE0800CA9A3B000000008096184B020000000F
S3150803AE18E45F030800000000000000000A000000C1
S3150803AE280B0000005CA104080000000000CA9A3B56
S3150803AE38000000004B0CB14901000000EF5F03084E
S3150803AE4800000000000000000800000009000000D8
S3150803AE585CA104080000000000CA9A3B0000000031
S3150803AE680050C34702000000F85F0308000000000B
S3150803AE780000000008000000090000005CA104089F
S3150803AE880000000000CA9A3B000000008096184B91
S3150803AE98000000000160030800000000000000002D
S3150803AEA808000000080000005CA10408F1D8FFFFA9
S3150803AEB80F2700006F47B5C46F47B5440000000065
S3150803AEC8AC2003080000000000000000040000008E
S3150803AED8050000005CA10408F1D8FFFF0F2700004E
S3150803AEE8E1FAC7C2E1FAC74201000000B020030825
S3150803AEF8000000000000000004000000060000002F
S3150803AF085CA10408F1D8FFFF0F270000003C1CC604
S3150803AF18003C1C4600000000B4200308000000009B
S3150803AF280000000004000000050000005CA10408F6
S3150803AF38000000000F270000000000006F47B54413
S3150803AF4801000000AC200308000000000000000010
S3150803AF5805000000060000005CA1040800000000C4
S3150803AF680F27000000000000E1FAC74202000000AC
S3150803AF78B0200308000000000000000004000000D9
S3150803AF88050000005CA10408000000000F27000064
S3150803AF9800000000003C1C4600000000B42003081B
S3150803AFA80000000000000000040000000400000080
S3150803AFB85CA1040800000000E80300000000000084
S3150803AFC80000C842010000005B51030800000000A6
S3150803AFD80000000004000000050000005CA1040846
S3150803AFE80000000064000000000000000000C842DA
S3150803AFF8000000005B510308000000000000000081
S3150803B0080300000003000000ECA0040820B00308AE
S3150803B018100000000C000000000000000A60030886
S3150803B0280100000015600308020000001E600308FB
S3150803B03803000000286003080400000032600308C0
S3150803B048050000003B600308060000004460030887
S3150803B058070000004E60030808000000586003084C
S3150803B06809000000626003080A0000006C60030810
S3150803B0780B000000786003080C00000082600308D0
S3150803B0880D0000008C600308800000009660030822
S3150803B09881000000A26003085CA104080000008080
S3150803B0A8FFFFFF7F000000CF0000004F00000000ED
S3150803B0B8679B030800000000000000000A00000060
S3150803B0C80B0000005CA1040800000000A08601002C
S3150803B0D800000000914B5748000000008C20030825
S3150803B0E8000000000000000006000000060000003B
S3150803B0F85CA1040800000000A08601000000000007
S3150803B1080050C3470000000086200308000000001B
S3150803B1180000000006000000060000005CA1040801
S3150803B1280000000040420F000000000014CA194737
S3150803B13801000000065E0308000000000000000086
S3150803B14806000000070000005CA1040800000000D0
S3150803B15840420F00000000000050C34701000000EA
S3150803B168A9200308000000000000000007000000EB
S3150803B178080000005CA1040800000000E8030000BA
S3150803B1880000000000007A4400000000AF600308CE
S3150803B198000000000000000004000000040000008E
S3150803B1A8ECA00408B8B103087B00000046000000B9
S3150803B1B800170000B260030801170000DF600308E0
S3150803B1C869000000076103080501000044610308D4
S3150803B1D8070100008261030808010000C461030827
S3150803B1E81501000007620308170100003362030804
S3150803B1F8180100006362030820010000946203082B
S3150803B20822010000C462030823010000F862030848
S3150803B218180200002D63030800050000506303089D
S3150803B228600500006F630308620500007E63030870
S3150803B238630500009163030802060000A563030873
S3150803B24834060000C663030838060000F5630308D6
S3150803B2580507000028640308060700005A6403085C
S3150803B268070700009064030808070000B864030882
S3150803B2780A070000E16403080C07000009650308C8
S3150803B2880D070000356503080F0700006265030804
S3150803B298100700008365030812070000B36503084F
S3150803B2A813070000E7650308150700001C6603086B
S3150803B2B82907000047660308300700005E66030887
S3150803B2C83107000073660308320700008A66030815
S3150803B2D833070000A166030834070000B8660308A5
S3150803B2E835070000CF66030836070000E666030835
S3150803B2F83D070000FE6603083E07000017670308B4
S3150803B3083F0700003067030840070000486703083B
S3150803B318450700006D670308500700008967030897
S3150803B328550700009A6703085A070000AB6703081E
S3150803B33860070000BC67030865070000CD670308B4
S3150803B3486A070000DE6703086F070000EF6703084C
S3150803B35870070000066803087507000017680308DE
S3150803B3688107000033680308820700003D6803085D
S3150803B3788307000047680308840700005168030821
S3150803B388850700005B6803088A07000073680308D3
S3150803B398950700008B680308D9070000A768030800
S3150803B3A8DA070000BE680308DB070000C868030855
S3150803B3B8DD070000D2680308DE070000EE68030805
S3150803B3C8DF0700000A690308E0070000266903087F
S3150803B3D8E107000042690308E20700005E690308FB
S3150803B3E8E30700007A690308F60700009669030865
S3150803B3F8F7070000AD69030829080000C5690308AB
S3150803B4083B080000CF69030840080000156A0308CB
S3150803B41841080000496A0308420800008F6A0308BE
S3150803B42843080000C76A030846080000006B0308B8
S3150803B4384B080000466B0308690800008C6B030871
S3150803B44871080000AD6B030876080000F36B030860
S3150803B45828090000396C03082A090000726C0308D6
S3150803B4683A090000AB6C030888090000D76C03087F
S3150803B478930900001D6D030835210000636D030851
S3150803B48806270000A16D030813270000B26D0308F9
S3150803B49822270000CE6D030831270000EA6D03084A
S3150803B4A83F270000066E030840270000296E030895
S3150803B4B842270000596E0308432700008D6E0308C8
S3150803B4C856270000C26E030865270000F46E0308B2
S3150803B4D8072800001F6F0308162800003B6F030898
S3150803B4E81F280000576F030828280000736F0308EE
S3150803B4F800C100008F6F030801C10000B16F03087C
S3150803B50802C10000CD6F030804C1000002700308D6
S3150803B51821C100003070030829C1000074700308AC
S3150803B5283CC10000A87003089EC10000D97003082F
S3150803B53858C200001371030893C200003D7103083B
S3150803B54801C400007971030802C400009E71030848
S3150803B55803C40000BD71030805C40000F571030898
S3150803B56815C400002672030818C400006D72030880
S3150803B5783DC40000A47203089FC40000D8720308D8
S3150803B58894C500001573030834A1040810A1040818
S3150803B5980200000010A104080400000010A1040812
S3150803B5A808000000ECA00408BCB503080A0000005C
S3150803B5B801000000FF00000054730308FB000000A5
S3150803B5C81B510308FFFFFFFF9754030800000000F9
S3150803B5D86698030801000000745403080200000073
S3150803B5E87F5B030803000000D79B030804000000D9
S3150803B5F89B5B030805000000519E0308060000002C
S3150803B6086A9E0308ECA004081CB603080200000097
S3150803B6181500000000000000567303080100000027
S3150803B62866730308ECA004083CB603080400000084
S3150803B63812000000000000007C73030801000000E4
S3150803B6488F73030802000000A173030803000000B0
S3150803B658B47303085CA1040800000000A08601006F
S3150803B6680000000000401C4601000000965E03081F
S3150803B67800000000000000000600000007000000A4
S3150803B688ECA0040898B603080400000009000000A3
S3150803B6980000000024750308010000002C75030840
S3150803B6A80200000031750308030000003675030815
S3150803B6B85CA1040880C1FFFF803E000000007AC62B
S3150803B6C800007A46000000008320030800000000F3
S3150803B6D80000000005000000060000005CA104083D
S3150803B6E880C1FFFF803E0000000080C10000804142
S3150803B6F803000000AF6F0308000000000000000005
S3150803B70805000000070000005CA10408000000000B
S3150803B718E70300000000000000C0794400000000A9
S3150803B728679B0308000000000000000003000000F0
S3150803B738030000005CA10408000000006300000081
S3150803B7480000803F0000C84200000000679B03080A
S3150803B75800000000000000000300000003000000CA
S3150803B7685CA1040800000000630000000000000054
S3150803B7780000C64200000000679B0308000000009B
S3150803B7880000000002000000020000005CA1040893
S3150803B79800000000000010000000000000008049B7
S3150803B7A800000000679B0308000000000000000073
S3150803B7B80700000007000000ECA00408D0B7030838
S3150803B7C8040000000A000000000000004075030892
S3150803B7D8010000004775030802000000A08103085A
S3150803B7E803000000AF450308ECA0040800B80308E3
S3150803B7F8090000000F000000000000004C7503084C
S3150803B808010000005C750308020000006C75030854
S3150803B818030000007C750308040000008C75030800
S3150803B828050000009C75030806000000AC750308AC
S3150803B83807000000BC75030808000000CC75030858
S3150803B848ECA0040858B80308020000000100000029
S3150803B85800000000AF6F030801000000458B0308CA
S3150803B868ECA0040878B803080200000003000000E7
S3150803B87800000000DC75030801000000DF750308F3
S3150803B888ECA0040898B803080200000009000000A1
S3150803B89800000000E375030801000000ED750308BE
S3150803B8A8ECA00408B8B80308020000000300000067
S3150803B8B800000000C65D030801000000DF5D0308F9
S3150803B8C8ECA00408D8B80308020000000800000022
S3150803B8D800000000F675030801000000FD7503085B
S3150803B8E85CA1040800000000FFFF00000000000038
S3150803B8F8000C9745010000000676030800000000BF
S3150803B9080000000005000000060000005CA104080A
S3150803B91800000000FFFF000000000000000C974528
S3150803B9280100000006760308000000000000000076
S3150803B93805000000060000005CA1040800000000DA
S3150803B948FFFF00000000000000CCCC450100000002
S3150803B9581576030800000000000000000500000033
S3150803B96806000000ECA004087CB9030803000000DD
S3150803B9780C000000000000002A76030801000000F6
S3150803B9882676030803000000C65D0308ECA004082E
S3150803B998A4B90308210000001900000000000000EC
S3150803B9A8337603080100000038760308020000000E
S3150803B9B840760308030000002A2103080400000050
S3150803B9C847760308050000005676030806000000B4
S3150803B9D865760308070000007F7603080800000059
S3150803B9E89376030809000000A67603080A000000F0
S3150803B9F8B87603080B000000D17603080C0000008C
S3150803BA08DB7603080D000000E976030864000000E6
S3150803BA1833760308650000003876030866000000D5
S3150803BA28FB760308670000000C7703086800000024
S3150803BA381D77030869000000297703086A000000D0
S3150803BA48347703086B000000467703086D00000087
S3150803BA58507703086E000000647703086F00000038
S3150803BA6840760308700000002A21030871000000C5
S3150803BA787B770308720000008F77030873000000BA
S3150803BA88A577030874000000A67603087500000066
S3150803BA98BD77030876000000D1760308770000000F
S3150803BAA8DB760308ECA00408BCBA03080200000006
S3150803BAB80900000000000000D17703080100000010
S3150803BAC840750308ECA00408DCBA03080300000061
S3150803BAD80800000000000000DB77030801000000E7
S3150803BAE8E1770308020000000D5A03085CA104085D
S3150803BAF8F0D8FFFF10270000932723C19327234174
S3150803BB0803000000EA7703080000000000000000AD
S3150803BB1805000000070000005CA10408F0D8FFFF31
S3150803BB2810270000C00AA4C3C00AA44301000000E2
S3150803BB38F377030800000000000000000400000073
S3150803BB48060000005CA10408F0D8FFFF10270000D0
S3150803BB580000C8C20000C8420200000004780308AF
S3150803BB6800000000000000000500000007000000B0
S3150803BB785CA10408F0D8FFFF10270000932723C108
S3150803BB889327234103000000F97603080000000001
S3150803BB980000000005000000070000005CA1040877
S3150803BBA8F0D8FFFF10270000C00AA4C3C00AA4439D
S3150803BBB801000000952003080000000000000000AB
S3150803BBC804000000060000005CA10408F0D8FFFF83
S3150803BBD8102700000000C8C20000C842020000007F
S3150803BBE88F2003080000000000000000050000007D
S3150803BBF80700000004BC03080A00000044BE030843
S3150803BC080500000004BE0308030000007CBE030801
S3150803BC1800BE030801000000ECBD0308020000008B
S3150803BC2878BE0308E4BD030802000000B4BD030890
S3150803BC380300000074BE0308A8BD03080300000038
S3150803BC488CBD03080200000070BE030884BD030800
S3150803BC58020000005CBD0308030000006CBE03086D
S3150803BC6858BD03080100000044BD0308020000008C
S3150803BC7868BE030840BD0308010000002CBD03087D
S3150803BC880200000064BE030828BD0308010000007B
S3150803BC9814BD03080200000060BE030810BD0308AC
S3150803BCA801000000F0BC0308030000005CBE03089B
S3150803BCB8ECBC030801000000CCBC03080300000021
S3150803BCC858BE0308E8BC030801000000E4BC0308DF
S3150803BCD801000000ECBC030801000000CCAC030813
S3150803BCE8A0AC0308F8AC03080CBD03080100000060
S3150803BCF808BD03080100000010BD03080100000081
S3150803BD0814B90308E8B8030840B9030824BD0308A7
S3150803BD180100000028BD030801000000B8B603089F
S3150803BD28E4B603083CBD03080100000040BD030848
S3150803BD3801000000CCB00308F8B0030854BD030893
S3150803BD480100000058BD030801000000CCA603083B
S3150803BD58F8A6030884BD0308020000007CBD03088F
S3150803BD680200000074BD03080200000078BB03083C
S3150803BD78F4BA0308A4BB030820BB0308D0BB03080B
S3150803BD884CBB03089CBD030803000000A8BD0308B1
S3150803BD980300000054A80308FCA70308A4A703087C
S3150803BDA880A8030828A80308D0A70308DCBD030846
S3150803BDB802000000D4BD030802000000CCBD030836
S3150803BDC80200000040A40308FCA40308E8A3030828
S3150803BDD858A5030814A40308B4A5030840A403082C
S3150803BDE810A60308FCBD03080100000000BE0308EB
S3150803BDF80100000024B1030850B1030830BE030844
S3150803BE08050000001CBE03080500000044BE03081D
S3150803BE180500000060AF0308DCAE030858AE030844
S3150803BE2850AD0308D4AD030834AF0308B0AE03080E
S3150803BE382CAE030824AD0308A8AD03088CAF030882
S3150803BE4808AF030884AE03087CAD030800AE0308ED
S3150803BE580911007C0811007C0711007C0611007C77
S3150803BE680511007C0411007C0311007C0211007C77
S3150803BE780111007C0011007C88BE03080400000039
S3150803BE88843504085C350408343504080C35040875
S3150803BE9808C20308F8C10308E4C10308D0C10308A4
S3150803BEA8BCC10308ACC1030898C1030884C10308C5
S3150803BEB870C103085CC1030848C1030834C10308F1
S3150803BEC820C103080CC10308F8C00308E4C0030823
S3150803BED8D0C00308C0C00308ACC0030898C0030849
S3150803BEE884C0030870C003085CC0030848C0030875
S3150803BEF834C0030820C003080CC00308F8BF0308A6
S3150803BF08E4BF0308D0BF0308BCBF0308A8BF0308D8
S3150803BF1894BF030880BF03086CBF030858BF030808
S3150803BF2844BF030830BF0308488E0408010000000D
S3150803BF382378030804380000D0A70308488E0408A2
S3150803BF48010000002878030870780000E4AF0308A6
S3150803BF58488E0408010000002D780308517800006C
S3150803BF6860AB0308488E0408010000002E7803080E
S3150803BF785078000060AB0308488E040801000000E7
S3150803BF88327803086178000060AB0308488E040812
S3150803BF9801000000285103086078000060AB030815
S3150803BFA8488E0408010000001D5103083178000073
S3150803BFB8D0A70308488E040801000000195103088E
S3150803BFC82278000008AF0308488E04080100000019
S3150803BFD83778030802980000A8B80308488E0408A7
S3150803BFE8010000003C78030800F8000048B8030875
S3150803BFF8488E0408010000004078030895380000B5
S3150803C00808AF0308488E04080100000045780308AA
S3150803C0189438000008AF0308488E04080100000096
S3150803C0284A7803080264000050AA0308488E0408DD
S3150803C038010000004F78030801E8000094B70308D5
S3150803C048488E04080100000054780308E0E8000055
S3150803C05894B70308488E04080100000059780308B2
S3150803C0681B3800007CAA0308488E04080100000050
S3150803C0785D7803081A3800007CAA0308608E04084A
S3150803C08808000000617803080028000040A4030894
S3150803C098608E040808000000657803080538000060
S3150803C0A880A80308608E0408080000006A78030855
S3150803C0B8007800007CAA0308548E040804000000CC
S3150803C0C8679B030812480000488E0408010000000D
S3150803C0D86F78030802780000E4AF0308488E04085B
S3150803C0E8010000007478030820780000E4AF030809
S3150803C0F8488E04080100000079780308033800000D
S3150803C10860AB0308488E0408010000007D7803081D
S3150803C1181338000050AA0308488E040801000000D3
S3150803C12882780308123800007CAA0308488E040894
S3150803C1380100000087780308113800007CAA030861
S3150803C148488E0408010000008C78030806380000A6
S3150803C158E4AF0308488E0408010000009178030831
S3150803C16800980000ACB50308488E040801000000CF
S3150803C178967803083138000008AF0308488E040880
S3150803C188010000009B7803082038000008AF03085D
S3150803C198488E040801000000A07803082C0800004C
S3150803C1A890A303086C8E0408010000006E55030863
S3150803C1B804680000488E0408010000006178030833
S3150803C1C80028000040A40308488E0408010000005C
S3150803C1D8A578030810780000E4AF0308488E040816
S3150803C1E8010000006578030805380000D0A703088E
S3150803C1F86C8E040801000000A87803081348000099
S3150803C208488E0408010000006A78030800780000CD
S3150803C2187CAA0308B48F0408C8C203083CC20308E7
S3150803C228A8C20308AD78030881F000009CB5030883
S3150803C23800000000B48F0408C8C203085CC20308D8
S3150803C2481CC20308B178030880F000009CB50308EC
S3150803C25800000000A48E0408C8C203087CC20308A9
S3150803C2683CC20308BF78030882F00000CCBA030867
S3150803C27800000000588F0408C8C20308A8C20308A8
S3150803C2885CC20308CC780308E57803089CC203084C
S3150803C29801000000F83404080100000080C8000003
S3150803C2A8A48E0408C8C203081CC203087CC2030870
S3150803C2B8277A030880C000006CB903080000000049
S3150803C2C8FC8E0408B8350408A4C40308B83504085A
S3150803C2D8367A0308A8C20308588F0408A4C40308AF
S3150803C2E8ECC3030884C403083F7A03080000000064
S3150803C2F800C3030801000000F8340408010000001D
S3150803C30800180000A48E0408ECC303082CC303080A
S3150803C318CCC303084D7A030806110000209F0308B7
S3150803C32800000000A48E0408ECC303084CC30308E2
S3150803C3380CC30308587A030805110000409F03082D
S3150803C34800000000A48E0408ECC303086CC30308A2
S3150803C3582CC30308657A030804110000609F0308C1
S3150803C36800000000A48E0408ECC303088CC3030862
S3150803C3784CC30308787A030803110000889F030847
S3150803C38800000000A48E0408ECC30308ACC3030822
S3150803C3986CC303088A7A030802110000A89F0308D6
S3150803C3A800000000A48E0408ECC30308CCC30308E2
S3150803C3B88CC303089E7A030801110000D09F03085B
S3150803C3C800000000A48E0408ECC303080CC3030882
S3150803C3D8ACC30308AB7A030800110000F09F0308EF
S3150803C3E800000000FC8E0408A4C4030804C4030858
S3150803C3F8E0C20308BA7A0308CCC30308B48F04084F
S3150803C408A4C4030824C40308ECC30308CC7A0308A2
S3150803C41804100200E4AF030800000000B48F040800
S3150803C428A4C4030844C4030804C40308D77A03083E
S3150803C43804100100E4AF030800000000B48F0408E1
S3150803C448A4C4030864C4030824C40308E37A0308D2
S3150803C45804100000E4AF030800000000B48F0408C2
S3150803C468A4C4030884C4030844C40308ED7A030868
S3150803C47803100000E4AF030800000000B48F0408A3
S3150803C488A4C40308E0C2030864C40308F67A0308C5
S3150803C49802100000E4AF030800000000FC8E04083D
S3150803C4A8B8350408F8C50308C8C20308017B030896
S3150803C4B884C403080C90040800C50308BCC403080D
S3150803C4C8BCC403080F7B0308F4C403081E7B0308CC
S3150803C4D801010000E8C40308958703080000000063
S3150803C4E880A1040841C0000068B8030880A10408AD
S3150803C4F840C0000010B00308FC8E0408F8C50308FA
S3150803C50818C50308D8C503080F7B0308BCC4030862
S3150803C518B48F0408F8C5030838C5030800C5030813
S3150803C528257B030831C00000A4B5030800000000F2
S3150803C538B48F0408F8C5030858C5030818C50308BB
S3150803C548327B030830C00000A4B5030800000000C6
S3150803C558B48F0408F8C5030878C5030838C503085B
S3150803C568407B030822C0000010B703080000000038
S3150803C578B48F0408F8C5030898C5030858C50308FB
S3150803C5885D7B030821C0000010B7030800000000FC
S3150803C598B48F0408F8C50308B8C5030878C503089B
S3150803C5A8727B030820C0000010B7030800000000C8
S3150803C5B8B48F0408F8C50308D8C5030898C503083B
S3150803C5C88D7B030810C000007CB103080000000037
S3150803C5D8B48F0408F8C5030800C50308B8C50308D3
S3150803C5E8A17B030800C000007CB103080000000013
S3150803C5F8FC8E0408B835040898F80308A4C4030885
S3150803C608B57B0308D8C503080C9004085CC6030859
S3150803C61810C6030810C60308679B030848C6030819
S3150803C628E39A0308010100003CC60308B05003084F
S3150803C6380000000080A1040803E8000094B7030873
S3150803C648D8A1040804000000000000000100000047
S3150803C65888B60308FC8E0408B8C80308C0C60308C6
S3150803C66898C80308C37B030810C603080C90040874
S3150803C678C0C6030874C6030874C60308679B030879
S3150803C688ACC60308E39A030801010000A0C6030819
S3150803C698B05003080000000080A10408E2E800007F
S3150803C6A894B70308D8A10408040000000000000092
S3150803C6B80100000088B60308FC8E0408B8C80308F6
S3150803C6C8D8C603085CC60308DE7B030874C60308D2
S3150803C6D8B48F0408B8C80308F8C60308C0C603080D
S3150803C6E8F77B03080D08000094B703080000000049
S3150803C6F8B48F0408B8C8030818C70308D8C60308B4
S3150803C7080D7C03080E08000094B703080000000010
S3150803C718B48F0408B8C8030838C70308F8C6030853
S3150803C728237C03080F08000094B7030800000000D9
S3150803C738B48F0408B8C8030858C7030818C70308F2
S3150803C748347C03081008000094B7030800000000A7
S3150803C758B48F0408B8C8030878C7030838C7030892
S3150803C768467C03080B08000094B70308000000007A
S3150803C778B48F0408B8C8030898C7030858C7030832
S3150803C788597C03080A08000094B703080000000048
S3150803C798B48F0408B8C80308B8C7030878C70308D2
S3150803C7A86F7C03080808000094B703080000000014
S3150803C7B8B48F0408B8C80308D8C7030898C7030872
S3150803C7C8797C03080908000094B7030800000000E9
S3150803C7D8B48F0408B8C80308F8C70308B8C7030812
S3150803C7E8837C03080C080000D4AA03080000000089
S3150803C7F8B48F0408B8C8030818C80308D8C70308B1
S3150803C808907C030800090000E4AF03080000000051
S3150803C818B48F0408B8C8030838C80308F8C7030850
S3150803C8289A7C030803F8000094B50308000000007F
S3150803C838A48E0408B8C8030858C8030818C8030800
S3150803C848A67C030802F80000A8B80308000000003D
S3150803C858B48F0408B8C8030878C8030838C803088F
S3150803C8689697030800F8000048B803080000000074
S3150803C87838900408B8C8030898C8030858C80308AA
S3150803C888B27C030802080000A84300200100000040
S3150803C89838900408B8C803085CC6030878C80308A8
S3150803C8A8C57C030801080000A8430020010000000E
S3150803C8B8FC8E040898F8030830CA030880F80308A6
S3150803C8C8D67C030898C80308B48F040830CA030833
S3150803C8D8F0C8030810CA0308EB7C030830080200EB
S3150803C8E8D0BB030800000000B48F040830CA030845
S3150803C8F810C90308D0C80308FA7C030830080100DE
S3150803C908D0BB030800000000B48F040830CA030824
S3150803C91830C90308F0C80308097D0308300800006E
S3150803C928D0BB030800000000A48E040830CA030815
S3150803C93850C9030810C90308187D030876080000B8
S3150803C948A8B8030800000000A48E040830CA030820
S3150803C95870C9030830C90308237D0308750800004E
S3150803C968A8B8030800000000A48E040830CA030800
S3150803C97890C9030850C903082E7D030872080000E6
S3150803C988A8B8030800000000A48E040830CA0308E0
S3150803C998B0C9030870C90308367D0308710800007F
S3150803C9A8A8B8030800000000B48F040830CA0308AF
S3150803C9B8D0C9030890C90308407D03082308000063
S3150803C9C880A8030800000000A48E040830CA0308D8
S3150803C9D8F0C90308B0C90308557D0308770800009A
S3150803C9E8A8B8030800000000A48E040830CA030880
S3150803C9F810CA0308D0C90308617D03087008000034
S3150803CA08A8B80308000000003890040830CA0308C9
S3150803CA18D0C80308F0C903086B7D030805F80000A6
S3150803CA28A843002001000000FC8E040898F80308B0
S3150803CA3888CB0308B8C80308797D030810CA03080E
S3150803CA48A48E040888CB030868CA030868CB0308B6
S3150803CA58907D030871C8000094B903080000000014
S3150803CA68A48E040888CB030888CA030848CA030897
S3150803CA78AD7D030870C8000094B9030800000000D8
S3150803CA88B48F040888CB0308A8CA030868CA030826
S3150803CA98BC7D030810C8000094B70308000000000B
S3150803CAA8B48F040888CB0308C8CA030888CA0308C6
S3150803CAB8DB7D030811C8000094B7030800000000CB
S3150803CAC8B48F040888CB0308E8CA0308A8CA030866
S3150803CAD8F97D030812C8000094B70308000000008C
S3150803CAE8B48F040888CB030808CB0308C8CA030805
S3150803CAF8127E030813C8000094B703080000000051
S3150803CB08B48F040888CB030828CB0308E8CA0308A4
S3150803CB182A7E030800C8000094B70308000000002B
S3150803CB28B48F040888CB030848CB030808CB030843
S3150803CB38497E030801C8000094B7030800000000EB
S3150803CB48B48F040888CB030868CB030828CB0308E3
S3150803CB58677E030802C8000094B7030800000000AC
S3150803CB68B48F040888CB030848CA030848CB0308C4
S3150803CB78807E030803C8000094B703080000000072
S3150803CB88FC8E040898F80308A0E9030830CA0308C2
S3150803CB98987E030868CB0308B48F0408A0E903083A
S3150803CBA8E0CD030888E90308AC7E0308A408000057
S3150803CBB85CB6030800000000B48F0408E0CD030838
S3150803CBC8E0CB0308C0CD0308BE7E0308A3080B0001
S3150803CBD874AC030800000000B48F0408E0CD03080A
S3150803CBE800CC0308C0CB0308CD7E0308A2080B00B4
S3150803CBF8F8AB030800000000B48F0408E0CD030867
S3150803CC0820CC0308E0CB0308DC7E0308A1080B0045
S3150803CC188CAB030800000000B48F0408E0CD0308B2
S3150803CC2840CC030800CC0308607F030885080B007B
S3150803CC38B8AF030800000000B48F0408E0CD030862
S3150803CC4860CC030820CC03087D7F030884080B00FF
S3150803CC585CB6030800000000B48F0408E0CD030897
S3150803CC6880CC030840CC0308997F030882080B0085
S3150803CC78E4B6030800000000B48F0408E0CD0308EF
S3150803CC88A0CC030860CC0308B57F030881080B000A
S3150803CC985CB6030800000000B48F0408E0CD030857
S3150803CCA8C0CC030880CC0308D17F030883080B008C
S3150803CCB8A8AA030800000000B48F0408E0CD0308F7
S3150803CCC8E0CC0308A0CC0308F07F030887080B0009
S3150803CCD8E4B6030800000000B48F0408E0CD03088F
S3150803CCE800CD0308C0CC03080B8003088C080B0087
S3150803CCF8E4B6030800000000B48F0408E0CD03086F
S3150803CD0820CD0308E0CC0308298003088B080B0009
S3150803CD18A0B0030800000000A48E0408E0CD0308A9
S3150803CD2840CD030800CD0308528003088A080B0080
S3150803CD3824AC030800000000A48E0408E0CD030809
S3150803CD4860CD030820CD03086880030889080B000B
S3150803CD5868B8030800000000B48F0408E0CD030888
S3150803CD6880CD030840CD03087B80030888080B0099
S3150803CD78E4B6030800000000A48E0408E0CD0308FF
S3150803CD88A0CD030860CD03089587030886080B001A
S3150803CD98A8B8030800000000B48F0408E0CD030808
S3150803CDA8C0CD030880CD0308677F030890080B00E6
S3150803CDB8B8AF030800000000A48E0408E0CD0308F2
S3150803CDC8C0CB0308A0CD030832850308A0080B00C7
S3150803CDD8B8AB030800000000FC8E0408A0E90308A2
S3150803CDE818D00308A0CB0308EF7E0308C0CD0308B1
S3150803CDF8B48F040818D0030818CE0308F8CF030815
S3150803CE08BE7E0308A3080A0074AC030800000000E2
S3150803CE18B48F040818D0030838CE0308F8CD0308D6
S3150803CE28CD7E0308A2080A00F8AB03080000000031
S3150803CE38B48F040818D0030858CE030818CE030875
S3150803CE48DC7E0308A1080A008CAB0308000000006F
S3150803CE58B48F040818D0030878CE030838CE030815
S3150803CE68607F030885080A00B8AF030800000000B6
S3150803CE78B48F040818D0030898CE030858CE0308B5
S3150803CE887D7F030884080A005CB6030800000000CF
S3150803CE98B48F040818D00308B8CE030878CE030855
S3150803CEA8997F030882080A00E4B60308000000000D
S3150803CEB8B48F040818D00308D8CE030898CE0308F5
S3150803CEC8B57F030881080A005CB60308000000005A
S3150803CED8B48F040818D00308F8CE0308B8CE030895
S3150803CEE8D17F030883080A00A8AA030800000000DC
S3150803CEF8B48F040818D0030818CF0308D8CE030834
S3150803CF08F07F030887080A00E4B603080000000050
S3150803CF18B48F040818D0030838CF0308F8CE0308D3
S3150803CF280B8003088C080A00E4B60308000000000F
S3150803CF38B48F040818D0030858CF030818CF030872
S3150803CF48298003088B080A00A0B00308000000001C
S3150803CF58A48E040818D0030878CF030838CF030823
S3150803CF68528003088A080A0024AC03080000000054
S3150803CF78A48E040818D0030898CF030858CF0308C3
S3150803CF886880030889080A0068B8030800000000CF
S3150803CF98B48F040818D00308B8CF030878CF030852
S3150803CFA87B80030888080A00E4B603080000000023
S3150803CFB8A48E040818D00308D8CF030898CF030803
S3150803CFC89587030886080A00A8B80308000000001E
S3150803CFD8B48F040818D00308F8CF0308B8CF030892
S3150803CFE8677F030890080A00B8AF03080000000023
S3150803CFF8A48E040818D00308F8CD0308D8CF030865
S3150803D00832850308A0080A00B8AB03080000000025
S3150803D018FC8E0408A0E9030850D20308E0CD0308E8
S3150803D028F97E0308F8CF0308B48F040850D2030817
S3150803D03850D0030830D20308BE7E0308A3080900A4
S3150803D04874AC030800000000B48F040850D2030820
S3150803D05870D0030830D00308CD7E0308A208090058
S3150803D068F8AB030800000000B48F040850D203087D
S3150803D07890D0030850D00308DC7E0308A1080900EA
S3150803D0888CAB030800000000B48F040850D20308C9
S3150803D098B0D0030870D00308607F03088508090021
S3150803D0A8B8AF030800000000B48F040850D2030879
S3150803D0B8D0D0030890D003087D7F030884080900A5
S3150803D0C85CB6030800000000B48F040850D20308AE
S3150803D0D8F0D00308B0D00308997F0308820809002B
S3150803D0E8E4B6030800000000B48F040850D2030806
S3150803D0F810D10308D0D00308B57F030881080900AF
S3150803D1085CB6030800000000B48F040850D203086D
S3150803D11830D10308F0D00308D17F03088308090030
S3150803D128A8AA030800000000B48F040850D203080D
S3150803D13850D1030810D10308F07F030887080900AC
S3150803D148E4B6030800000000B48F040850D20308A5
S3150803D15870D1030830D103080B8003088C0809002B
S3150803D168E4B6030800000000B48F040850D2030885
S3150803D17890D1030850D10308298003088B080900AE
S3150803D188A0B0030800000000A48E040850D20308C0
S3150803D198B0D1030870D10308528003088A08090026
S3150803D1A824AC030800000000A48E040850D2030820
S3150803D1B8D0D1030890D103086880030889080900B1
S3150803D1C868B8030800000000B48F040850D203089F
S3150803D1D8F0D10308B0D103087B800308880809003F
S3150803D1E8E4B6030800000000A48E040850D2030816
S3150803D1F810D20308D0D103089587030886080900BF
S3150803D208A8B8030800000000B48F040850D203081E
S3150803D21830D20308F0D10308677F0308900809008A
S3150803D228B8AF030800000000A48E040850D2030808
S3150803D23830D0030810D2030832850308A00809006A
S3150803D248B8AB030800000000FC8E0408A0E903082D
S3150803D25888D4030818D00308037F030830D20308C1
S3150803D268B48F040888D4030888D2030868D4030843
S3150803D278BE7E0308A308080074AC03080000000070
S3150803D288B48F040888D40308A8D2030868D2030805
S3150803D298CD7E0308A2080800F8AB030800000000BF
S3150803D2A8B48F040888D40308C8D2030888D20308A5
S3150803D2B8DC7E0308A10808008CAB030800000000FD
S3150803D2C8B48F040888D40308E8D20308A8D2030845
S3150803D2D8607F030885080800B8AF03080000000044
S3150803D2E8B48F040888D4030808D30308C8D20308E4
S3150803D2F87D7F0308840808005CB60308000000005D
S3150803D308B48F040888D4030828D30308E8D2030883
S3150803D318997F030882080800E4B60308000000009A
S3150803D328B48F040888D4030848D3030808D3030822
S3150803D338B57F0308810808005CB6030800000000E7
S3150803D348B48F040888D4030868D3030828D30308C2
S3150803D358D17F030883080800A8AA03080000000069
S3150803D368B48F040888D4030888D3030848D3030862
S3150803D378F07F030887080800E4B6030800000000DE
S3150803D388B48F040888D40308A8D3030868D3030802
S3150803D3980B8003088C080800E4B60308000000009D
S3150803D3A8B48F040888D40308C8D3030888D30308A2
S3150803D3B8298003088B080800A0B0030800000000AA
S3150803D3C8A48E040888D40308E8D30308A8D3030853
S3150803D3D8528003088A08080024AC030800000000E2
S3150803D3E8A48E040888D4030808D40308C8D30308F2
S3150803D3F8688003088908080068B80308000000005D
S3150803D408B48F040888D4030828D40308E8D3030880
S3150803D4187B80030888080800E4B6030800000000B0
S3150803D428A48E040888D4030848D4030808D4030830
S3150803D4389587030886080800A8B8030800000000AB
S3150803D448B48F040888D4030868D4030828D40308BF
S3150803D458677F030890080800B8AF030800000000B0
S3150803D468A48E040888D4030868D2030848D4030892
S3150803D47832850308A0080800B8AB030800000000B3
S3150803D488FC8E0408A0E90308C0D6030850D203088B
S3150803D4980D7F030868D40308B48F0408C0D60308A5
S3150803D4A8C0D40308A0D60308BE7E0308A30807004A
S3150803D4B874AC030800000000B48F0408C0D6030838
S3150803D4C8E0D40308A0D40308CD7E0308A2080700FE
S3150803D4D8F8AB030800000000B48F0408C0D6030895
S3150803D4E800D50308C0D40308DC7E0308A10807008F
S3150803D4F88CAB030800000000B48F0408C0D60308E1
S3150803D50820D50308E0D40308607F030885080700C5
S3150803D518B8AF030800000000B48F0408C0D6030890
S3150803D52840D5030800D503087D7F03088408070048
S3150803D5385CB6030800000000B48F0408C0D60308C5
S3150803D54860D5030820D50308997F030882080700CE
S3150803D558E4B6030800000000B48F0408C0D603081D
S3150803D56880D5030840D50308B57F03088108070053
S3150803D5785CB6030800000000B48F0408C0D6030885
S3150803D588A0D5030860D50308D17F030883080700D5
S3150803D598A8AA030800000000B48F0408C0D6030825
S3150803D5A8C0D5030880D50308F07F03088708070052
S3150803D5B8E4B6030800000000B48F0408C0D60308BD
S3150803D5C8E0D50308A0D503080B8003088C080700D1
S3150803D5D8E4B6030800000000B48F0408C0D603089D
S3150803D5E800D60308C0D50308298003088B08070053
S3150803D5F8A0B0030800000000A48E0408C0D60308D8
S3150803D60820D60308E0D50308528003088A080700CA
S3150803D61824AC030800000000A48E0408C0D6030837
S3150803D62840D6030800D60308688003088908070054
S3150803D63868B8030800000000B48F0408C0D60308B6
S3150803D64860D6030820D603087B80030888080700E2
S3150803D658E4B6030800000000A48E0408C0D603082D
S3150803D66880D6030840D60308958703088608070063
S3150803D678A8B8030800000000B48F0408C0D6030836
S3150803D688A0D6030860D60308677F0308900807002F
S3150803D698B8AF030800000000A48E0408C0D6030820
S3150803D6A8A0D4030880D6030832850308A008070010
S3150803D6B8B8AB030800000000FC8E0408A0E90308B9
S3150803D6C8F8D8030888D40308167F0308A0D60308DE
S3150803D6D8B48F0408F8D80308F8D60308D8D8030873
S3150803D6E8BE7E0308A308060074AC030800000000FE
S3150803D6F8B48F0408F8D8030818D70308D8D6030834
S3150803D708CD7E0308A2080600F8AB0308000000004C
S3150803D718B48F0408F8D8030838D70308F8D60308D3
S3150803D728DC7E0308A10806008CAB0308000000008A
S3150803D738B48F0408F8D8030858D7030818D7030872
S3150803D748607F030885080600B8AF030800000000D1
S3150803D758B48F0408F8D8030878D7030838D7030812
S3150803D7687D7F0308840806005CB6030800000000EA
S3150803D778B48F0408F8D8030898D7030858D70308B2
S3150803D788997F030882080600E4B603080000000028
S3150803D798B48F0408F8D80308B8D7030878D7030852
S3150803D7A8B57F0308810806005CB603080000000075
S3150803D7B8B48F0408F8D80308D8D7030898D70308F2
S3150803D7C8D17F030883080600A8AA030800000000F7
S3150803D7D8B48F0408F8D80308F8D70308B8D7030892
S3150803D7E8F07F030887080600E4B60308000000006C
S3150803D7F8B48F0408F8D8030818D80308D8D7030831
S3150803D8080B8003088C080600E4B60308000000002A
S3150803D818B48F0408F8D8030838D80308F8D70308D0
S3150803D828298003088B080600A0B003080000000037
S3150803D838A48E0408F8D8030858D8030818D8030880
S3150803D848528003088A08060024AC0308000000006F
S3150803D858A48E0408F8D8030878D8030838D8030820
S3150803D868688003088908060068B8030800000000EA
S3150803D878B48F0408F8D8030898D8030858D80308AF
S3150803D8887B80030888080600E4B60308000000003E
S3150803D898A48E0408F8D80308B8D8030878D8030860
S3150803D8A89587030886080600A8B803080000000039
S3150803D8B8B48F0408F8D80308D8D8030898D80308EF
S3150803D8C8677F030890080600B8AF0308000000003E
S3150803D8D8A48E0408F8D80308D8D60308B8D80308C2
S3150803D8E832850308A0080600B8AB03080000000041
S3150803D8F8FC8E0408A0E9030830DB0308C0D603082E
S3150803D9081F7F0308D8D80308B48F040830DB030835
S3150803D91830D9030810DB0308BE7E0308A3080500ED
S3150803D92874AC030800000000B48F040830DB03084E
S3150803D93850D9030810D90308CD7E0308A2080500A1
S3150803D948F8AB030800000000B48F040830DB0308AB
S3150803D95870D9030830D90308DC7E0308A108050033
S3150803D9688CAB030800000000B48F040830DB0308F7
S3150803D97890D9030850D90308607F0308850805006A
S3150803D988B8AF030800000000B48F040830DB0308A7
S3150803D998B0D9030870D903087D7F030884080500EE
S3150803D9A85CB6030800000000B48F040830DB0308DC
S3150803D9B8D0D9030890D90308997F03088208050074
S3150803D9C8E4B6030800000000B48F040830DB030834
S3150803D9D8F0D90308B0D90308B57F030881080500F9
S3150803D9E85CB6030800000000B48F040830DB03089C
S3150803D9F810DA0308D0D90308D17F0308830805007A
S3150803DA08A8AA030800000000B48F040830DB03083B
S3150803DA1830DA0308F0D90308F07F030887080500F6
S3150803DA28E4B6030800000000B48F040830DB0308D3
S3150803DA3850DA030810DA03080B8003088C08050074
S3150803DA48E4B6030800000000B48F040830DB0308B3
S3150803DA5870DA030830DA0308298003088B080500F7
S3150803DA68A0B0030800000000A48E040830DB0308EE
S3150803DA7890DA030850DA0308528003088A0805006F
S3150803DA8824AC030800000000A48E040830DB03084E
S3150803DA98B0DA030870DA03086880030889080500FA
S3150803DAA868B8030800000000B48F040830DB0308CD
S3150803DAB8D0DA030890DA03087B8003088808050088
S3150803DAC8E4B6030800000000A48E040830DB030844
S3150803DAD8F0DA0308B0DA0308958703088608050009
S3150803DAE8A8B8030800000000B48F040830DB03084D
S3150803DAF810DB0308D0DA0308677F030890080500D4
S3150803DB08B8AF030800000000A48E040830DB030836
S3150803DB1810D90308F0DA030832850308A0080500B4
S3150803DB28B8AB030800000000FC8E0408A0E9030844
S3150803DB3868DD0308F8D80308287F030810DB0308F9
S3150803DB48B48F040868DD030868DB030848DD03089F
S3150803DB58BE7E0308A308040074AC0308000000008B
S3150803DB68B48F040868DD030888DB030848DB030861
S3150803DB78CD7E0308A2080400F8AB030800000000DA
S3150803DB88B48F040868DD0308A8DB030868DB030801
S3150803DB98DC7E0308A10804008CAB03080000000018
S3150803DBA8B48F040868DD0308C8DB030888DB0308A1
S3150803DBB8607F030885080400B8AF0308000000005F
S3150803DBC8B48F040868DD0308E8DB0308A8DB030841
S3150803DBD87D7F0308840804005CB603080000000078
S3150803DBE8B48F040868DD030808DC0308C8DB0308E0
S3150803DBF8997F030882080400E4B6030800000000B6
S3150803DC08B48F040868DD030828DC0308E8DB03087F
S3150803DC18B57F0308810804005CB603080000000002
S3150803DC28B48F040868DD030848DC030808DC03081E
S3150803DC38D17F030883080400A8AA03080000000084
S3150803DC48B48F040868DD030868DC030828DC0308BE
S3150803DC58F07F030887080400E4B6030800000000F9
S3150803DC68B48F040868DD030888DC030848DC03085E
S3150803DC780B8003088C080400E4B6030800000000B8
S3150803DC88B48F040868DD0308A8DC030868DC0308FE
S3150803DC98298003088B080400A0B0030800000000C5
S3150803DCA8A48E040868DD0308C8DC030888DC0308AF
S3150803DCB8528003088A08040024AC030800000000FD
S3150803DCC8A48E040868DD0308E8DC0308A8DC03084F
S3150803DCD8688003088908040068B803080000000078
S3150803DCE8B48F040868DD030808DD0308C8DC0308DD
S3150803DCF87B80030888080400E4B6030800000000CC
S3150803DD08A48E040868DD030828DD0308E8DC03088D
S3150803DD189587030886080400A8B8030800000000C6
S3150803DD28B48F040868DD030848DD030808DD03081B
S3150803DD38677F030890080400B8AF030800000000CB
S3150803DD48A48E040868DD030848DB030828DD0308EE
S3150803DD5832850308A0080400B8AB030800000000CE
S3150803DD68FC8E0408A0E90308A0DF030830DB0308D0
S3150803DD78317F030848DD0308B48F0408A0DF0308C6
S3150803DD88A0DD030880DF0308BE7E0308A308030093
S3150803DD9874AC030800000000B48F0408A0DF030866
S3150803DDA8C0DD030880DD0308CD7E0308A208030047
S3150803DDB8F8AB030800000000B48F0408A0DF0308C3
S3150803DDC8E0DD0308A0DD0308DC7E0308A1080300D9
S3150803DDD88CAB030800000000B48F0408A0DF03080F
S3150803DDE800DE0308C0DD0308607F0308850803000F
S3150803DDF8B8AF030800000000B48F0408A0DF0308BF
S3150803DE0820DE0308E0DD03087D7F03088408030092
S3150803DE185CB6030800000000B48F0408A0DF0308F3
S3150803DE2840DE030800DE0308997F03088208030017
S3150803DE38E4B6030800000000B48F0408A0DF03084B
S3150803DE4860DE030820DE0308B57F0308810803009C
S3150803DE585CB6030800000000B48F0408A0DF0308B3
S3150803DE6880DE030840DE0308D17F0308830803001E
S3150803DE78A8AA030800000000B48F0408A0DF030853
S3150803DE88A0DE030860DE0308F07F0308870803009B
S3150803DE98E4B6030800000000B48F0408A0DF0308EB
S3150803DEA8C0DE030880DE03080B8003088C0803001A
S3150803DEB8E4B6030800000000B48F0408A0DF0308CB
S3150803DEC8E0DE0308A0DE0308298003088B0803009D
S3150803DED8A0B0030800000000A48E0408A0DF030806
S3150803DEE800DF0308C0DE0308528003088A08030014
S3150803DEF824AC030800000000A48E0408A0DF030866
S3150803DF0820DF0308E0DE030868800308890803009E
S3150803DF1868B8030800000000B48F0408A0DF0308E4
S3150803DF2840DF030800DF03087B800308880803002B
S3150803DF38E4B6030800000000A48E0408A0DF03085B
S3150803DF4860DF030820DF03089587030886080300AC
S3150803DF58A8B8030800000000B48F0408A0DF030864
S3150803DF6880DF030840DF0308677F03089008030078
S3150803DF78B8AF030800000000A48E0408A0DF03084E
S3150803DF8880DD030860DF030832850308A008030059
S3150803DF98B8AB030800000000FC8E0408A0E90308D0
S3150803DFA8D8E1030868DD03083A7F030880DF030816
S3150803DFB8B48F0408D8E10308D8DF0308B8E10308CF
S3150803DFC8BE7E0308A308020074AC03080000000019
S3150803DFD8B48F0408D8E10308F8DF0308B8DF030891
S3150803DFE8CD7E0308A2080200F8AB03080000000068
S3150803DFF8B48F0408D8E1030818E00308D8DF030830
S3150803E008DC7E0308A10802008CAB030800000000A5
S3150803E018B48F0408D8E1030838E00308F8DF0308CF
S3150803E028607F030885080200B8AF030800000000EC
S3150803E038B48F0408D8E1030858E0030818E003086E
S3150803E0487D7F0308840802005CB603080000000005
S3150803E058B48F0408D8E1030878E0030838E003080E
S3150803E068997F030882080200E4B603080000000043
S3150803E078B48F0408D8E1030898E0030858E00308AE
S3150803E088B57F0308810802005CB603080000000090
S3150803E098B48F0408D8E10308B8E0030878E003084E
S3150803E0A8D17F030883080200A8AA03080000000012
S3150803E0B8B48F0408D8E10308D8E0030898E00308EE
S3150803E0C8F07F030887080200E4B603080000000087
S3150803E0D8B48F0408D8E10308F8E00308B8E003088E
S3150803E0E80B8003088C080200E4B603080000000046
S3150803E0F8B48F0408D8E1030818E10308D8E003082D
S3150803E108298003088B080200A0B003080000000052
S3150803E118A48E0408D8E1030838E10308F8E00308DD
S3150803E128528003088A08020024AC0308000000008A
S3150803E138A48E0408D8E1030858E1030818E103087C
S3150803E148688003088908020068B803080000000005
S3150803E158B48F0408D8E1030878E1030838E103080B
S3150803E1687B80030888080200E4B603080000000059
S3150803E178A48E0408D8E1030898E1030858E10308BC
S3150803E1889587030886080200A8B803080000000054
S3150803E198B48F0408D8E10308B8E1030878E103084B
S3150803E1A8677F030890080200B8AF03080000000059
S3150803E1B8A48E0408D8E10308B8DF030898E103081E
S3150803E1C832850308A0080200B8AB0308000000005C
S3150803E1D8FC8E0408A0E9030810E40308A0DF030873
S3150803E1E8437F0308B8E10308B48F040810E4030857
S3150803E1F810E20308F0E30308BE7E0308A308010038
S3150803E20874AC030800000000B48F040810E403087C
S3150803E21830E20308F0E10308CD7E0308A2080100EB
S3150803E228F8AB030800000000B48F040810E40308D9
S3150803E23850E2030810E20308DC7E0308A10801007C
S3150803E2488CAB030800000000B48F040810E4030825
S3150803E25870E2030830E20308607F030885080100B3
S3150803E268B8AF030800000000B48F040810E40308D5
S3150803E27890E2030850E203087D7F03088408010037
S3150803E2885CB6030800000000B48F040810E403080A
S3150803E298B0E2030870E20308997F030882080100BD
S3150803E2A8E4B6030800000000B48F040810E4030862
S3150803E2B8D0E2030890E20308B57F03088108010042
S3150803E2C85CB6030800000000B48F040810E40308CA
S3150803E2D8F0E20308B0E20308D17F030883080100C4
S3150803E2E8A8AA030800000000B48F040810E403086A
S3150803E2F810E30308D0E20308F07F03088708010040
S3150803E308E4B6030800000000B48F040810E4030801
S3150803E31830E30308F0E203080B8003088C080100BE
S3150803E328E4B6030800000000B48F040810E40308E1
S3150803E33850E3030810E30308298003088B08010040
S3150803E348A0B0030800000000A48E040810E403081C
S3150803E35870E3030830E30308528003088A080100B8
S3150803E36824AC030800000000A48E040810E403087C
S3150803E37890E3030850E30308688003088908010043
S3150803E38868B8030800000000B48F040810E40308FB
S3150803E398B0E3030870E303087B80030888080100D1
S3150803E3A8E4B6030800000000A48E040810E4030872
S3150803E3B8D0E3030890E30308958703088608010052
S3150803E3C8A8B8030800000000B48F040810E403087B
S3150803E3D8F0E30308B0E30308677F0308900801001E
S3150803E3E8B8AF030800000000A48E040810E4030865
S3150803E3F8F0E10308D0E3030832850308A0080100FF
S3150803E408B8AB030800000000FC8E0408A0E903085B
S3150803E41874E40308D8E103084C7F0308F0E3030808
S3150803E4280C90040874E4030828E4030828E403089A
S3150803E438679B030860E403082F7B030801010000B0
S3150803E44854E40308677F03080000000080A1040852
S3150803E45885080000B8AF0308D8A1040864000000BB
S3150803E46800000000010000003CB70308FC8E0408FE
S3150803E478A0E90308D8E4030810E40308557F03084A
S3150803E48828E403080C900408D8E403088CE4030872
S3150803E4988CE40308679B0308C4E403082F7B030873
S3150803E4A801010000B8E40308CB880308000000004C
S3150803E4B880A10408840800005CB60308D8A10408E8
S3150803E4C86400000000000000010000003CB70308D0
S3150803E4D8FC8E0408A0E903083CE5030874E403086A
S3150803E4E8727F03088CE403080C9004083CE50308C8
S3150803E4F8F0E40308F0E40308679B030828E5030820
S3150803E5082F7B0308010100001CE50308A07F030805
S3150803E5180000000080A1040882080000E4B6030886
S3150803E528D8A10408640000000000000001000000E8
S3150803E5383CB70308FC8E0408A0E90308A0E503080A
S3150803E548D8E403088E7F0308F0E403080C9004084C
S3150803E558A0E5030854E5030854E50308679B03087D
S3150803E5688CE503082F7B03080101000080E50308EF
S3150803E578CB8803080000000080A10408810800006E
S3150803E5885CB60308D8A1040864000000000000006C
S3150803E598010000003CB70308FC8E0408A0E9030839
S3150803E5A804E603083CE50308AA7F030854E50308B9
S3150803E5B80C90040804E60308B8E50308B8E5030855
S3150803E5C8679B0308F0E503082F7B0308010100008E
S3150803E5D8E4E50308DA7F03080000000080A10408BD
S3150803E5E883080000A8AA0308D8A104086400000041
S3150803E5F800000000010000003CB70308FC8E04086D
S3150803E608A0E9030868E60308A0E50308C67F030824
S3150803E618B8E503080C90040868E603081CE603082B
S3150803E6281CE60308679B030854E603082F7B0308BD
S3150803E6380101000048E60308F07F0308000000000C
S3150803E64880A1040887080000E4B60308D8A10408CB
S3150803E6586400000000000000010000003CB703083E
S3150803E668FC8E0408A0E90308CCE6030804E60308B5
S3150803E678E57F03081CE603080C900408CCE60308A0
S3150803E68880E6030880E60308679B0308B8E60308D9
S3150803E6982F7B030801010000ACE603087B80030807
S3150803E6A80000000080A104088C080000E4B60308EB
S3150803E6B8D8A1040864000000000000000100000057
S3150803E6C83CB70308FC8E0408A0E9030830E70308E7
S3150803E6D868E603080080030880E603080C90040824
S3150803E6E830E70308E4E60308E4E60308679B030838
S3150803E6F81CE703082F7B03080101000010E703083A
S3150803E708348003080000000080A104088B08000071
S3150803E718A0B00308D8A1040864000000000000009C
S3150803E728010000003CB70308FC8E0408A0E90308A7
S3150803E73894E70308CCE603081E800308E4E60308FF
S3150803E7480C90040894E7030848E7030848E703080E
S3150803E758679B030880E703082F7B0308010100006A
S3150803E76874E703083C8003080000000080A1040836
S3150803E7788A08000024AC0308D8A10408640000002A
S3150803E78800000000010000003CB70308FC8E0408DB
S3150803E798A0E90308F8E7030830E7030847800308EE
S3150803E7A848E703080C900408F8E70308ACE70308E6
S3150803E7B8ACE703085D800308E4E703082F7B03082F
S3150803E7C801010000D8E70308688003080000000071
S3150803E7D880A104088908000068B80308D8A10408B2
S3150803E7E86400000000000000010000003CB70308AD
S3150803E7F8FC8E0408A0E903085CE8030894E7030801
S3150803E8085D800308ACE703080C9004085CE8030872
S3150803E81810E8030810E803087080030848E80308A3
S3150803E8282F7B0308010100003CE803087B800308E3
S3150803E8380000000080A1040888080000E4B603085D
S3150803E848D8A10408640000000000000001000000C5
S3150803E8583CB70308FC8E0408A0E90308C0E80308C4
S3150803E868F8E703087080030810E803080C900408FF
S3150803E878C0E8030874E8030874E8030883800308F0
S3150803E888ACE803082F7B030801010000A0E8030886
S3150803E898958703080000000080A10408860800007D
S3150803E8A8A8B80308D8A104086400000000000000FB
S3150803E8B8010000003CB70308FC8E0408A0E9030816
S3150803E8C824E903085CE803088380030874E8030853
S3150803E8D80C90040824E90308D8E80308D8E80308C9
S3150803E8E8679B030810E903082F7B03080101000047
S3150803E8F804E90308677F03080000000080A10408E9
S3150803E90890080000B8AF0308D8A1040864000000FB
S3150803E91800000000010000003CB70308FC8E040849
S3150803E928A0E9030888E90308C0E8030895800308EB
S3150803E938D8E803080C90040888E903083CE903089F
S3150803E9483CE90308AB80030874E903082F7B03082B
S3150803E9580101000068E9030832850308000000007E
S3150803E96880A10408A0080000B8AB0308D8A10408C6
S3150803E9786400000000000000010000003CB703081B
S3150803E988FC8E0408A0E90308A0CB030824E90308B6
S3150803E998AB8003083CE90308FC8E040898F80308C7
S3150803E9A858EB030888CB0308BB80030888E90308E0
S3150803E9B8B48F040858EB0308D8E9030838EB0308A7
S3150803E9C8CB80030802A8000080A8030800000000FB
S3150803E9D8B48F040858EB0308F8E90308B8E90308E9
S3150803E9E8DD80030801A800007CAA030800000000CC
S3150803E9F8B48F040858EB030818EA0308D8E9030888
S3150803EA08F580030800A800007CAA03080000000094
S3150803EA18B48F040858EB030838EA0308F8E9030827
S3150803EA28214F03080028000040A40308000000003B
S3150803EA38A48E040858EB030858EA030818EA0308D7
S3150803EA480C81030802800000A8B803080000000028
S3150803EA58B48F040858EB030878EA030838EA030866
S3150803EA68234E030801280000D0BB03080000000052
S3150803EA78B48F040858EB030898EA030858EA030806
S3150803EA88248103080288000080A803080000000000
S3150803EA98B48F040858EB0308B8EA030878EA0308A6
S3150803EAA83E810308062800007CAA03080000000024
S3150803EAB8B48F040858EB0308D8EA030898EA030846
S3150803EAC854810308072800007CAA030800000000ED
S3150803EAD8B48F040858EB0308F8EA0308B8EA0308E6
S3150803EAE86B810308042800007CAA030800000000B9
S3150803EAF8B48F040858EB030818EB0308D8EA030885
S3150803EB0882810308052800007CAA03080000000080
S3150803EB18A48E040858EB030838EB0308F8EA030835
S3150803EB289A81030803280000A8B803080000000010
S3150803EB38B48F040858EB0308B8E9030818EB030865
S3150803EB48A7810308022800007CAA0308000000001E
S3150803EB58FC8E040898F803088CF10308A0E903084F
S3150803EB68C281030838EB0308B48F04088CF1030839
S3150803EB7890EB030874F10308E2500308953800007C
S3150803EB888CAF030800000000B48F04088CF103084F
S3150803EB98B0EB030870EB0308CC500308943800005D
S3150803EBA88CAF030800000000B48F04088CF103082F
S3150803EBB8D0EB030890EB0308D681030893380000C3
S3150803EBC88CAF030800000000B48F04088CF103080F
S3150803EBD8F0EB0308B0EB0308E78103089238000053
S3150803EBE88CAF030800000000B48F04088CF10308EF
S3150803EBF810EC0308D0EB0308F881030891380000E2
S3150803EC088CAF030800000000B48F04088CF10308CE
S3150803EC1830EC0308F0EB0308098203089038000070
S3150803EC288CAF030800000000B48F04088CF10308AE
S3150803EC3850EC030810EC03081A8203082938000065
S3150803EC488CAF030800000000B48F04088CF103088E
S3150803EC5870EC030830EC03082C82030828380000F4
S3150803EC688CAF030800000000B48F04088CF103086E
S3150803EC7890EC030850EC03083E8203082738000083
S3150803EC888CAF030800000000B48F04088CF103084E
S3150803EC98B0EC030870EC0308508203082638000012
S3150803ECA88CAF030800000000B48F04088CF103082E
S3150803ECB8D0EC030890EC03086282030825380000A1
S3150803ECC88CAF030800000000B48F04088CF103080E
S3150803ECD8F0EC0308B0EC0308748203082438000030
S3150803ECE88CAF030800000000B48F04088CF10308EE
S3150803ECF810ED0308D0EC03088682030823380000BE
S3150803ED088CAF030800000000B48F04088CF10308CD
S3150803ED1830ED0308F0EC030898820308223800004C
S3150803ED288CAF030800000000B48F04088CF10308AD
S3150803ED3850ED030810ED0308AA82030821380000DA
S3150803ED488CAF030800000000B48F04088CF103088D
S3150803ED5870ED030830ED0308B7820308203800006E
S3150803ED688CAF030800000000B48F04088CF103086D
S3150803ED7890ED030850ED0308D282030802580000F1
S3150803ED888CAF030800000000A48E04088CF103085E
S3150803ED98B0ED030870ED0308EB8203080368000067
S3150803EDA8A8B8030800000000A48E04088CF1030819
S3150803EDB8D0ED030890ED0308FA82030800680000FB
S3150803EDC8A8B8030800000000A48E04088CF10308F9
S3150803EDD8F0ED0308B0ED03080C8303080168000087
S3150803EDE8A8B8030800000000A48E04088CF10308D9
S3150803EDF810EE0308D0ED03081F8303080268000012
S3150803EE08C0B7030800000000B48F04088CF1030890
S3150803EE1830EE0308F0ED03083083030802380000D0
S3150803EE28ACB5030800000000389004088CF1030801
S3150803EE3850EE030810EE0308498303081248000036
S3150803EE48A843002001000000389004088CF1030841
S3150803EE5870EE030830EE03085883030811480000C8
S3150803EE68A843002001000000B48F04088CF10308A6
S3150803EE7890EE030850EE0308688303081048000059
S3150803EE88ACB5030800000000B48F04088CF1030826
S3150803EE98B0EE030870EE03087783030806480000F4
S3150803EEA8ACB5030800000000B48F04088CF1030806
S3150803EEB8D0EE030890EE03088D830308054800007F
S3150803EEC8ACB5030800000000B48F04088CF10308E6
S3150803EED8F0EE0308B0EE03089E830308044800000F
S3150803EEE8ACB5030800000000B48F04088CF10308C6
S3150803EEF810EF0308D0EE0308B3830308034800009A
S3150803EF08ACB5030800000000A48E04088CF10308B6
S3150803EF1830EF0308F0EE0308C3830308024800002A
S3150803EF28C0B7030800000000B48F04088CF103086F
S3150803EF3850EF030810EF0308D683030801480000B7
S3150803EF48ACB5030800000000B48F04088CF1030865
S3150803EF5870EF030830EF0308E4830308004800004A
S3150803EF68ACB5030800000000B48F04088CF1030845
S3150803EF7890EF030850EF0308F183030808380000E5
S3150803EF8824A7030800000000A48E04088CF10308CC
S3150803EF98B0EF030870EF0308108403080738000066
S3150803EFA86CA4030800000000B48F04088CF1030856
S3150803EFB8D0EF030890EF03083484030832380000B7
S3150803EFC8BCA3030800000000B48F04088CF10308E7
S3150803EFD8F0EF0308B0EF03085A840308063800005D
S3150803EFE8E4AF030800000000B48F04088CF1030893
S3150803EFF810F00308D0EF03087184030830380000BB
S3150803F008BCA3030800000000B48F04088CF10308A6
S3150803F01830F00308F0EF0308718403083138000059
S3150803F0288CAF030800000000B48F04088CF10308AA
S3150803F03850F0030810F003088E84030801980000AB
S3150803F048BCA3030800000000B48F04088CF1030866
S3150803F05870F0030830F00308664F030800980000A9
S3150803F068ACB5030800000000B48F04088CF1030844
S3150803F07890F0030850F00308B6500308026400002A
S3150803F08850AA030800000000B48F04088CF103088B
S3150803F098B0F0030870F00308A984030813380000BE
S3150803F0A850AA030800000000B48F04088CF103086B
S3150803F0B8D0F0030890F00308BB840308123800004D
S3150803F0C87CAA030800000000B48F04088CF103081F
S3150803F0D8F0F00308B0F00308DB84030811380000CE
S3150803F0E87CAA030800000000B48F04088CF10308FF
S3150803F0F810F10308D0F00308FA840308033800005C
S3150803F10860AB030800000000A48E04088CF103080A
S3150803F11874F10308F0F003081A85030801F80000D8
S3150803F128A8B80308000000000C90040874F1030843
S3150803F13830F1030830F103083785030868F1030833
S3150803F14844830308010100005CF10308548A030891
S3150803F1580000000080A104080138000060AB03081A
S3150803F16880A1040800380000ACB50308FC8E04081F
S3150803F1788CF1030870EB030810F1030837850308B5
S3150803F18830F10308FC8E040898F8030804F4030806
S3150803F19858EB03084B85030874F10308A48E04087F
S3150803F1A804F40308C4F10308E4F3030864850308AD
S3150803F1B81B78000068B8030800000000A48E04083A
S3150803F1C804F40308E4F10308A4F103087A85030899
S3150803F1D81A78000068B8030800000000B48F04080A
S3150803F1E804F4030804F20308C4F103089185030821
S3150803F1F809780000E4AF030800000000B48F040888
S3150803F20804F4030824F20308E4F10308A5850308AC
S3150803F21808780000E4AF030800000000B48F040868
S3150803F22804F4030844F2030804F203080F4F030817
S3150803F23810780000E4AF030800000000B48F040840
S3150803F24804F4030864F2030824F20308B9850308D7
S3150803F258018800007CAA030800000000B48F04088C
S3150803F26804F4030884F2030844F20308D48503085C
S3150803F278008800007CAA030800000000B48F04086D
S3150803F28804F40308A4F2030864F20308EE850308E2
S3150803F2983078000080A8030800000000B48F04082B
S3150803F2A804F40308C4F2030884F203080986030866
S3150803F2B804780000E4AF030800000000A48E0408DD
S3150803F2C804F40308E4F20308A4F2030820860308EF
S3150803F2D841780000A8B8030800000000A48E0408B3
S3150803F2E804F4030804F30308C4F203083A86030874
S3150803F2F840780000A8B8030800000000B48F040883
S3150803F30804F4030824F30308E4F203084F860308FE
S3150803F31812780000F8A6030800000000A48E040863
S3150803F32804F4030844F3030804F303086486030888
S3150803F33805780000A8B8030800000000B48F04087D
S3150803F34804F4030864F3030824F303087F8603080D
S3150803F35803780000E4AF030800000000B48F04082C
S3150803F36804F4030884F3030844F303089686030896
S3150803F37802780000E4AF030800000000A48E04081E
S3150803F38804F40308A4F3030864F30308AD8603081F
S3150803F398017800003CA6030800000000B48F04089F
S3150803F3A804F40308C4F3030884F30308B08A0308B8
S3150803F3B8007800007CAA030800000000B48F04083C
S3150803F3C804F40308E4F30308A4F30308C08603084C
S3150803F3D8227800008CAF030800000000B48F0408E5
S3150803F3E804F40308A4F10308C4F30308C08603084E
S3150803F3F820780000E4AF030800000000FC8E040828
S3150803F40898F803089CF403088CF10308D9860308BB
S3150803F418E4F30308B48F04089CF403083CF40308CC
S3150803F4287CF40308EC860308130800005CB6030893
S3150803F43800000000B48F04089CF403085CF403086E
S3150803F4481CF4030802870308120800005CB60308BD
S3150803F45800000000B48F04089CF403087CF403082E
S3150803F4683CF4030817870308110800005CB6030869
S3150803F47800000000B48F04089CF403081CF403086E
S3150803F4885CF403082C870308100800005CB6030815
S3150803F49800000000FC8E040898F80308A8F6030879
S3150803F4A804F40308418703087CF403080C9004084A
S3150803F4B800F50308B4F40308B4F40308679B0308C0
S3150803F4C8ECF403082F7B030801010000E0F40308A2
S3150803F4D8766303080000000080A1040855080000A5
S3150803F4E8BCA30308D8A104081600000000000000FE
S3150803F4F801000000ACA80308FC8E0408A8F6030854
S3150803F50864F5030890F6030859870308B4F403084F
S3150803F5180C90040864F5030818F5030818F5030896
S3150803F528679B030850F503082F7B030801010000AE
S3150803F53844F50308708703080000000080A104083F
S3150803F54854080000A8B80308D8A104081600000040
S3150803F5580000000001000000ACA80308FC8E04089C
S3150803F568A8F60308C8F5030800F503087F87030800
S3150803F57818F503080C900408C8F503087CF503086E
S3150803F5887CF50308679B0308B4F503082F7B030870
S3150803F59801010000A8F50308AB870308000000006B
S3150803F5A880A1040852080000A8B80308D8A10408CB
S3150803F5B8160000000000000001000000ACA80308BC
S3150803F5C8FC8E0408A8F603082CF6030864F5030852
S3150803F5D89C8703087CF503080C9004082CF6030893
S3150803F5E8E0F50308E0F50308679B030818F603081C
S3150803F5F82F7B0308010100000CF60308BB870308E1
S3150803F6080000000080A1040851080000A8B80308F0
S3150803F618D8A1040816000000000000000100000035
S3150803F628ACA80308FC8E0408A8F6030890F6030892
S3150803F638C8F50308CB870308E0F503080C90040804
S3150803F64890F6030844F6030844F60308E98703080B
S3150803F6587CF603082F7B03080101000070F60308EC
S3150803F668198303080000000080A104085008000055
S3150803F678A8B80308D8A1040816000000000000006B
S3150803F68801000000ACA80308FC8E0408A8F60308C2
S3150803F69800F503082CF60308E987030844F6030864
S3150803F6A8FC8E040898F8030880F803089CF40308F2
S3150803F6B8FE87030890F60308B48F040880F803083E
S3150803F6C8E0F6030860F80308198803082A080000FF
S3150803F6D8BCA3030800000000B48F040880F80308D5
S3150803F6E800F70308C0F60308288803082708000054
S3150803F6F8BCA3030800000000B48F040880F80308B5
S3150803F70820F70308E0F603083688030826080000E6
S3150803F718BCA3030800000000B48F040880F8030894
S3150803F72840F7030800F70308498803084308010054
S3150803F738BCA3030800000000B48F040880F8030874
S3150803F74860F7030820F703085F88030843080000DF
S3150803F758BCA3030800000000B48F040880F8030854
S3150803F76880F7030840F7030874880308410800006C
S3150803F7785CB6030800000000B48F040880F8030881
S3150803F788A0F7030860F703088F88030842080100EF
S3150803F798BCA3030800000000B48F040880F8030814
S3150803F7A8C0F7030880F70308A5880308420800007A
S3150803F7B8BCA3030800000000B48F040880F80308F4
S3150803F7C8E0F70308A0F70308BA8803084008000007
S3150803F7D85CB6030800000000B48F040880F8030821
S3150803F7E800F80308C0F70308D588030825080000A6
S3150803F7F8BCA3030800000000B48F040880F80308B4
S3150803F80820F80308E0F70308E98803082408000032
S3150803F818BCA3030800000000B48F040880F8030893
S3150803F82840F8030800F80308FD88030822080000BF
S3150803F838BCA3030800000000B48F040880F8030873
S3150803F84860F8030820F80308E5960308210800006A
S3150803F858BCA3030800000000B48F040880F8030853
S3150803F868C0F6030840F803081989030820080000A6
S3150803F878BCA3030800000000FC8E040898F80308D4
S3150803F888B8C80308A8F603083289030860F8030802
S3150803F898FC8E0408B835040884080408F8C5030860
S3150803F8A8BF80030880F80308B48F0408ACFA030872
S3150803F8B8D0F8030894FA0308468903085B6000002E
S3150803F8C800AE030800000000B48F0408ACFA030866
S3150803F8D8F0F80308B0F803085E8903085A600000BD
S3150803F8E87CAD030800000000B48F0408ACFA0308CB
S3150803F8F810F90308D0F80308748903085960000047
S3150803F90884AE030800000000B48F0408ACFA0308A1
S3150803F91830F90308F0F803088E89030864600000C1
S3150803F9287CAA030800000000B48F0408ACFA03088D
S3150803F93850F9030810F90308A68903086360000049
S3150803F94850A7030800000000B48F0408ACFA03089C
S3150803F95870F9030830F90308C189030862600000CF
S3150803F96850A7030800000000B48F0408ACFA03087C
S3150803F97890F9030850F90308DD8903085460000061
S3150803F9888CAF030800000000B48F0408ACFA030818
S3150803F998B0F9030870F90308EE8903086C600000D8
S3150803F9A8F8AC030800000000B48F0408ACFA03088F
S3150803F9B8D0F9030890F90308FB8903085160000086
S3150803F9C850A7030800000000B48F0408ACFA03081C
S3150803F9D8F0F90308B0F903080A8A03085D6000000A
S3150803F9E88CAF030800000000B48F0408ACFA0308B8
S3150803F9F810FA0308D0F903081E8A03085C60000096
S3150803FA0850A7030800000000B48F0408ACFA0308DB
S3150803FA1830FA0308F0F903082E8A0308526000002F
S3150803FA288CAF030800000000B48F0408ACFA030877
S3150803FA3894FA030810FA0308408A0308506000007A
S3150803FA4850A70308000000000C90040894FA03085A
S3150803FA5850FA030850FA0308679B030888FA030849
S3150803FA684E8A0308010100007CFA03085A8A030828
S3150803FA780000000080A104081164000040B90308C7
S3150803FA8880A104081064000034AB0308FC8E04083C
S3150803FA98ACFA0308B0F8030830FA03086A8A0308B5
S3150803FAA850FA0308FC8E040884080408C4FA0308F1
S3150803FAB8640804088C8A030894FA0308B48F0408AC
S3150803FAC884080408E4FA0308ACFA03089B8A0308BB
S3150803FAD8366000007CAA030800000000B48F0408F7
S3150803FAE88408040804FB0308C4FA0308BD8A030840
S3150803FAF81160000080A8030800000000A48E04080B
S3150803FB088408040824FB0308E4FA0308D48A0308C8
S3150803FB184760000068B8030800000000B48F0408AB
S3150803FB288408040844FB030804FB0308F38A030848
S3150803FB3841600000E4AF030800000000B48F04081E
S3150803FB488408040864FB030824FB03080C8B0308CE
S3150803FB5846600000E4AF030800000000B48F0408F9
S3150803FB688408040884FB030844FB0308208B03085A
S3150803FB7845600000E4AF030800000000B48F0408DA
S3150803FB8884080408A4FB030864FB0308348B0308E6
S3150803FB984360000010A6030800000000B48F040899
S3150803FBA884080408C4FB030884FB0308478B030873
S3150803FBB842600000ACB5030800000000A48E0408E0
S3150803FBC884080408E4FB0308A4FB0308598B030801
S3150803FBD82760000068B8030800000000B48F04080B
S3150803FBE88408040804FC0308C4FB0308788B030881
S3150803FBF821600000E4AF030800000000B48F04087E
S3150803FC088408040824FC0308E4FB0308918B030807
S3150803FC1826600000E4AF030800000000B48F040858
S3150803FC288408040844FC030804FC0308A58B030892
S3150803FC3825600000E4AF030800000000B48F040839
S3150803FC488408040864FC030824FC0308B98B03081E
S3150803FC582360000010A6030800000000B48F0408F8
S3150803FC68840804085C02040844FC0308CC8B0308CC
S3150803FC7822600000ACB50308000000000C900408D5
S3150803FC885C020408C8FC030818020408DE8B030888
S3150803FC98BCFC0308EF8B030801010000B0FC03084A
S3150803FCA8785003080000000080A10408F440000007
S3150803FCB810A6030880A10408E4400000E4AF03087B
S3150803FCC80C9004085C0204080CFD030884FC03086A
S3150803FCD8F88B030800FD0308EF8B030801010000EE
S3150803FCE8F4FC0308785003080000000080A1040800
S3150803FCF8D440000010A6030880A10408C4400000E5
S3150803FD08E4AF03080C9004085C02040850FD0308D2
S3150803FD18C8FC0308098C030844FD0308EF8B03088A
S3150803FD280101000038FD03087850030800000000A5
S3150803FD3880A10408F340000010A6030880A104085C
S3150803FD48E3400000E4AF03080C9004085C020408C7
S3150803FD5894FD03080CFD03081A8C030888FD030899
S3150803FD68EF8B0308010100007CFD0308785003089C
S3150803FD780000000080A10408D340000010A6030869
S3150803FD8880A10408C3400000E4AF03080C900408E4
S3150803FD985C020408D8FD030850FD03082B8C0308E6
S3150803FDA8CCFD0308EF8B030801010000C0FD030817
S3150803FDB8785003080000000080A10408F2400000F8
S3150803FDC810A6030880A10408E2400000E4AF03086C
S3150803FDD80C9004085C0204081CFE030894FD030837
S3150803FDE83C8C030810FE0308EF8B03080101000087
S3150803FDF804FE0308785003080000000080A10408DD
S3150803FE08D240000010A6030880A10408C2400000D7
S3150803FE18E4AF03080C9004085C02040860FE0308B0
S3150803FE28D8FD03084D8C030854FE0308EF8B030813
S3150803FE380101000048FE0308785003080000000083
S3150803FE4880A10408F140000010A6030880A104084D
S3150803FE58E1400000E4AF03080C9004085C020408B8
S3150803FE68A4FE03081CFE03085E8C030898FE030811
S3150803FE78EF8B0308010100008CFE0308785003087A
S3150803FE880000000080A10408D140000010A603085A
S3150803FE9880A10408C1400000E4AF03080C900408D5
S3150803FEA85C020408E8FE030860FE03086F8C03086F
S3150803FEB8DCFE0308EF8B030801010000D0FE0308E4
S3150803FEC8785003080000000080A10408F0400000E9
S3150803FED810A6030880A10408E0400000E4AF03085D
S3150803FEE80C9004085C0204082CFF0308A4FE030804
S3150803FEF8808C030820FF0308EF8B03080101000021
S3150803FF0814FF0308785003080000000080A10408BA
S3150803FF18D040000010A6030880A10408C0400000CA
S3150803FF28E4AF03080C9004085C02040870FF03088E
S3150803FF38E8FE0308918C030864FF0308EF8B03089C
S3150803FF480101000058FF0308785003080000000061
S3150803FF5880A104087561000010A6030880A1040897
S3150803FF6865610000E4AF03080C9004085C02040802
S3150803FF78B4FF03082CFF0308A18C0308A8FF03088A
S3150803FF88EF8B0308010100009CFF03087850030858
S3150803FF980000000080A104085561000010A60308A4
S3150803FFA880A1040845610000E4AF03080C9004081F
S3150803FFB85C020408F8FF030870FF0308B18C0308FA
S3150803FFC8ECFF0308EF8B030801010000E0FF0308B1
S3150803FFD8785003080000000080A104087461000033
S3150803FFE810A6030880A1040864610000E4AF0308A7
S3150803FFF80C9004085C0204083C000408B4FF0308D0
S31508040008C18C030830000408EF8B030801010000BB
S3150804001824000408785003080000000080A1040896
S315080400285461000010A6030880A10408446100006E
S31508040038E4AF03080C9004085C020408800004086A
S31508040048F8FF0308D18C030874000408EF8B030827
S31508040058010100006800040878500308000000003D
S3150804006880A104087361000010A6030880A1040887
S3150804007863610000E4AF03080C9004085C020408F2
S31508040088C40004083C000408E18C0308B800040802
S31508040098EF8B030801010000AC0004087850030834
S315080400A80000000080A104085361000010A6030894
S315080400B880A1040843610000E4AF03080C9004080F
S315080400C85C0204080801040880000408F18C030883
S315080400D8FC000408EF8B030801010000F00004087B
S315080400E8785003080000000080A104087261000023
S315080400F810A6030880A1040862610000E4AF030897
S315080401080C9004085C0204084C010408C40004089A
S31508040118018D030840010408EF8B03080101000058
S3150804012834010408785003080000000080A1040874
S315080401385261000010A6030880A104084261000061
S31508040148E4AF03080C9004085C0204089001040848
S3150804015808010408118D030884010408EF8B0308B1
S31508040168010100007801040878500308000000001B
S3150804017880A104087161000010A6030880A1040878
S3150804018861610000E4AF03080C9004085C020408E3
S31508040198D40104084C010408218D0308C80104087D
S315080401A8EF8B030801010000BC0104087850030812
S315080401B80000000080A104085161000010A6030885
S315080401C880A1040841610000E4AF03080C90040800
S315080401D85C0204081802040890010408318D03080F
S315080401E80C020408EF8B0308010100000002040846
S315080401F8785003080000000080A104087061000014
S3150804020810A6030880A1040860610000E4AF030887
S315080402180C9004085C02040884FC0308D401040846
S31508040228418D030850020408EF8B030801010000F6
S3150804023844020408785003080000000080A1040852
S315080402485061000010A6030880A104084061000054
S31508040258E4AF0308FC8E0408840804084C08040858
S3150804026864FC0308518D0308180204080C90040852
S315080402784C080408B8020408080804085E8D03082C
S31508040288AC020408EF8B030801010000A002040865
S31508040298785003080000000080A104087440000090
S315080402A810A6030880A1040864400000E4AF030804
S315080402B80C9004084C080408FC0204087402040890
S315080402C86F8D0308F0020408EF8B03080101000088
S315080402D8E4020408785003080000000080A1040812
S315080402E85440000010A6030880A1040844400000EE
S315080402F8E4AF03080C9004084C08040840030408EF
S31508040308B8020408808D030834030408EF8B03082D
S3150804031801010000280304087850030800000000B7
S3150804032880A104087340000010A6030880A10408E5
S3150804033863400000E4AF03080C9004084C0804085A
S3150804034884030408FC020408918D03087803040846
S31508040358EF8B0308010100006C03040878500308AE
S315080403680000000080A104085340000010A60308F2
S3150804037880A1040843400000E4AF03080C9004086D
S315080403884C080408C803040840030408A28D030893
S31508040398BC030408EF8B030801010000B003040832
S315080403A8785003080000000080A104087240000081
S315080403B810A6030880A1040862400000E4AF0308F5
S315080403C80C9004084C0804080C040408840304085C
S315080403D8B38D030800040408EF8B03080101000021
S315080403E8F4030408785003080000000080A10408F0
S315080403F85240000010A6030880A1040842400000E1
S31508040408E4AF03080C9004084C08040850040408CC
S31508040418C8030408C48D030844040408EF8B0308B6
S315080404280101000038040408785003080000000095
S3150804043880A104087140000010A6030880A10408D6
S3150804044861400000E4AF03080C9004084C0804084B
S31508040458940404080C040408D58D030888040408BD
S31508040468EF8B0308010100007C040408785003088C
S315080404780000000080A104085140000010A60308E3
S3150804048880A1040841400000E4AF03080C9004085E
S315080404984C080408D804040850040408E68D03081C
S315080404A8CC040408EF8B030801010000C0040408FF
S315080404B8785003080000000080A104087040000072
S315080404C810A6030880A1040860400000E4AF0308E6
S315080404D80C9004084C0804081C0504089404040829
S315080404E8F78D030810050408EF8B030801010000BB
S315080404F804050408785003080000000080A10408CD
S315080405085040000010A6030880A1040840400000D3
S31508040518E4AF03080C9004084C08040860050408AA
S31508040528D8040408088E030854050408EF8B03083E
S315080405380101000048050408785003080000000073
S3150804054880A104083561000010A6030880A10408E0
S3150804055825610000E4AF03080C9004084C08040855
S31508040568A40504081C050408188E03089805040835
S31508040578EF8B0308010100008C050408785003086A
S315080405880000000080A104081561000010A60308ED
S3150804059880A1040805610000E4AF03080C90040868
S315080405A84C080408E805040860050408288E0308A6
S315080405B8DC050408EF8B030801010000D0050408CC
S315080405C8785003080000000080A10408346100007C
S315080405D810A6030880A1040824610000E4AF0308F0
S315080405E80C9004084C0804082C060408A4050408F6
S315080405F8388E030820060408EF8B03080101000057
S3150804060814060408785003080000000080A10408AA
S315080406181461000010A6030880A1040804610000F8
S31508040628E4AF03080C9004084C0804087006040888
S31508040638E8050408488E030864060408EF8B0308CB
S315080406480101000058060408785003080000000051
S3150804065880A104083361000010A6030880A10408D1
S3150804066823610000E4AF03080C9004084C08040846
S31508040678B40604082C060408588E0308A8060408B1
S31508040688EF8B0308010100009C0604087850030848
S315080406980000000080A104081361000010A60308DE
S315080406A880A1040803610000E4AF03080C90040859
S315080406B84C080408F806040870060408688E030833
S315080406C8EC060408EF8B030801010000E006040899
S315080406D8785003080000000080A10408326100006D
S315080406E810A6030880A1040822610000E4AF0308E1
S315080406F80C9004084C0804083C070408B4060408C3
S31508040708788E030830070408EF8B030801010000F4
S3150804071824070408785003080000000080A1040888
S315080407281261000010A6030880A1040802610000EB
S31508040738E4AF03080C9004084C0804088007040866
S31508040748F8060408888E030874070408EF8B030858
S31508040758010100006807040878500308000000002F
S3150804076880A104083161000010A6030880A10408C2
S3150804077821610000E4AF03080C9004084C08040837
S31508040788C40704083C070408988E0308B80704082D
S31508040798EF8B030801010000AC0704087850030826
S315080407A80000000080A104081161000010A60308CF
S315080407B880A1040801610000E4AF03080C9004084A
S315080407C84C0804080808040880070408A88E0308BF
S315080407D8FC070408EF8B030801010000F007040866
S315080407E8785003080000000080A10408306100005E
S315080407F810A6030880A1040820610000E4AF0308D2
S315080408080C9004084C08040874020408C40704086D
S31508040818B88E030840080408EF8B03080101000092
S3150804082834080408785003080000000080A1040866
S315080408381061000010A6030880A1040800610000DE
S31508040848E4AF0308FC8E040884080408640804084A
S315080408585C020408C88E030808080408A48E040859
S3150804086884080408ACFA03084C080408D58E030857
S315080408781060000068B8030800000000FC8E04082D
S31508040888B8350408E820040898F80308E48E030829
S31508040898640804080C900408BC0A0408E008040858
S315080408A8780A0408EE8E0308D4080408A182030803
S315080408B800010000C80804087B800308000000003B
S315080408C880A10408BF500000B8AF030880A1040833
S315080408D8BE500000E4AF03080C900408BC0A0408D8
S315080408E8240904089C080408068F03081809040838
S315080408F8A1820308000100000C0904087B80030888
S315080409080000000080A10408BD500000B8AF030821
S3150804091880A10408BC500000E4AF03080C9004083E
S31508040928BC0A040868090408E00804081E8F0308B2
S315080409385C090408A1820308000100005009040898
S315080409487B8003080000000080A10408BB5000004F
S31508040958B8AF030880A10408BA500000E4AF030836
S315080409680C900408BC0A0408AC09040824090408F9
S31508040978368F0308A0090408A182030800010000A9
S31508040988940904087B8003080000000080A1040871
S31508040998B9500000B8AF030880A10408B85000008D
S315080409A8E4AF03080C900408BC0A0408F009040810
S315080409B8680904084E8F0308E4090408A182030891
S315080409C800010000D80904087B8003080000000019
S315080409D880A10408B7500000B8AF030880A104082A
S315080409E8B6500000E4AF03080C900408BC0A0408CF
S315080409F8340A0408AC090408668F0308280A040894
S31508040A08A1820308000100001C0A04087B80030865
S31508040A180000000080A10408B5500000B8AF030818
S31508040A2880A10408B4500000E4AF03080C90040835
S31508040A38BC0A0408780A0408F00904087E8F03081F
S31508040A486C0A0408A182030800010000600A040865
S31508040A587B8003080000000080A10408B350000046
S31508040A68B8AF030880A10408B2500000E4AF03082D
S31508040A780C900408BC0A04089C080408340A0408E8
S31508040A88968F0308B00A0408A18203080001000027
S31508040A98A40A04087B8003080000000080A104084F
S31508040AA8B1500000B8AF030880A10408B05000008C
S31508040AB8E4AF0308FC8E0408F01C0408F40C0408C4
S31508040AC8D81C0408AE8F0308780A04080C9004088E
S31508040AD8F40C0408180B0408B00C0408C58F03089A
S31508040AE80C0B0408A182030800010000000B040883
S31508040AF87B8003080000000080A10408AF500000AA
S31508040B08E4B6030880A10408AE5000008CAF0308B5
S31508040B180C900408F40C04085C0B0408D40A0408AA
S31508040B28D78F0308500B0408A182030800010000A4
S31508040B38440B04087B8003080000000080A104080D
S31508040B48AD500000E4B6030880A10408AC500000C0
S31508040B588CAF03080C900408F40C0408A00B0408CA
S31508040B68180B0408E98F0308940B0408A1820308E0
S31508040B7800010000880B04087B80030800000000B5
S31508040B8880A10408AB500000E4B6030880A1040851
S31508040B98AA5000008CAF03080C900408F40C040847
S31508040BA8E40B04085C0B0408FB8F0308D80B040839
S31508040BB8A182030800010000CC0B04087B80030803
S31508040BC80000000080A10408A9500000E4B6030840
S31508040BD880A10408A85000008CAF03080C900408E8
S31508040BE8F40C0408280C0408A00B04080D90030840
S31508040BF81C0C0408A182030800010000100C040850
S31508040C087B8003080000000080A10408A7500000A0
S31508040C18E4B6030880A10408A65000008CAF0308AC
S31508040C280C900408F40C04086C0C0408E40B040877
S31508040C381F900308600C0408A18203080001000039
S31508040C48540C04087B8003080000000080A10408EB
S31508040C58A5500000E4B6030880A10408A4500000BF
S31508040C688CAF03080C900408F40C0408B00C0408A8
S31508040C78280C040831900308A40C0408A182030864
S31508040C8800010000980C04087B8003080000000093
S31508040C9880A10408A3500000E4B6030880A1040848
S31508040CA8A25000008CAF03080C900408F40C04083E
S31508040CB8D40A04086C0C040843900308E80C0408CE
S31508040CC8A182030800010000DC0C04087B800308E1
S31508040CD80000000080A10408A1500000E4B6030837
S31508040CE880A10408A05000008CAF0308FC8E0408F1
S31508040CF8F01C0408580D0408BC0A0408559003088F
S31508040D08B00C04080C900408580D04080C0D0408C3
S31508040D180C0D04086E900308440D04083768030884
S31508040D2801010000380D0408829003080000000039
S31508040D3880A1040800420000E4AF0308D8A1040807
S31508040D480E000000000000000100000070A103085E
S31508040D58FC8E0408F01C0408BC0D0408F40C0408EA
S31508040D686E9003080C0D04080C900408BC0D0408BE
S31508040D78700D0408700D0408679B0308A80D040879
S31508040D8819860308010100009C0D040890900308BD
S31508040D980000000080A1040820370000E4AF030817
S31508040DA8D8A104080B000000000000000A0000008F
S31508040DB8E4AF0308FC8E0408F01C0408200E040893
S31508040DC8580D040898900308700D04080C90040834
S31508040DD8200E0408D40D0408D40D0408B190030899
S31508040DE80C0E04081986030801010000000E0408FD
S31508040DF8A18203080000000080A10408003100004D
S31508040E088CAF0308D8A104080B00000000000000F2
S31508040E180A000000E4AF0308FC8E0408F01C040862
S31508040E28380E0408BC0D0408B1900308D40D040848
S31508040E38B48F0408F01C0408580E0408200E040885
S31508040E48C49003081930000050A7030800000000DE
S31508040E58B48F0408F01C0408780E0408380E04082D
S31508040E68D69003081F400000E4AF030800000000FA
S31508040E78B48F0408F01C0408980E0408580E0408CD
S31508040E88F09003081C30000000AE030800000000B8
S31508040E98B48F0408F01C0408B80E0408780E04086D
S31508040EA8089103081B3000007CAD03080000000005
S31508040EB8B48F0408F01C0408D80E0408980E04080D
S31508040EC8209103081A30000084AE030800000000C5
S31508040ED8B48F0408F01C0408F80E0408B80E0408AD
S31508040EE8389103081830000050A7030800000000CA
S31508040EF8B48F0408F01C0408640F0408D80E040800
S31508040F084B9103081730000050A703080000000097
S31508040F180C900408640F0408180F0408180F04082A
S31508040F28679B0308500F0408376803080101000083
S31508040F38440F0408599103080000000080A1040816
S31508040F481530000050A70308D8A104080E000000AD
S31508040F58000000000100000070A10308FC8E0408C4
S31508040F68F01C0408C80F0408F80E04085E91030860
S31508040F78180F04080C900408C80F04087C0F040802
S31508040F887C0F0408679B0308B40F0408376803082A
S31508040F9801010000A80F040859910308000000007D
S31508040FA880A104081430000050A70308D8A104082F
S31508040FB80E000000000000000100000070A10308EC
S31508040FC8FC8E0408F01C0408E00F0408640F0408DF
S31508040FD8769103087C0F0408B48F0408F01C0408E7
S31508040FE800100408C80F04088E9103081630000078
S31508040FF8E4AF030800000000B48F0408F01C0408D2
S3150804100834120408E00F0408AA91030813300000F0
S31508041018E4AF0308000000000C900408341204081E
S315080410286C100408E8110408C89103085810040841
S3150804103819860308010100004C100408A182030854
S315080410480000000080A10408C63100008CAF03081C
S31508041058D8A104080B000000000000000A000000DC
S31508041068E4AF03080C90040834120408B8100408FA
S3150804107820100408CC910308A41004081986030848
S315080410880101000098100408A18203080000000062
S3150804109880A10408C53100008CAF0308D8A1040848
S315080410A80B000000000000000A000000E4AF030873
S315080410B80C90040834120408041104086C10040873
S315080410C86B8D0308F010040819860308010100004B
S315080410D8E4100408A18203080000000080A104089B
S315080410E8C43100008CAF0308D8A104080B0000001B
S315080410F8000000000A000000E4AF03080C90040886
S315080411083412040850110408B81004088D8D03080D
S315080411183C11040819860308010100003011040863
S31508041128A18203080000000080A10408C331000056
S315080411388CAF0308D8A104080B00000000000000BF
S315080411480A000000E4AF03080C90040834120408E3
S315080411589C11040804110408AF8D030888110408AF
S3150804116819860308010100007C110408A1820308F2
S315080411780000000080A10408C23100008CAF0308EF
S31508041188D8A104080B000000000000000A000000AB
S31508041198E4AF03080C90040834120408E811040898
S315080411A850110408D18D0308D411040819860308B4
S315080411B801010000C8110408A18203080000000000
S315080411C880A10408C13100008CAF0308D8A104081B
S315080411D80B000000000000000A000000E4AF030842
S315080411E80C90040834120408201004089C110408F6
S315080411F8F38D030820120408198603080101000060
S3150804120814120408A18203080000000080A1040837
S31508041218C03100008CAF0308D8A104080B000000ED
S31508041228000000000A000000E4AF0308FC8E040866
S31508041238F01C04086014040800100408D091030874
S31508041248E81104080C9004086014040898120408A1
S3150804125814140408C8910308841204081986030890
S315080412680101000078120408A1820308000000009E
S3150804127880A10408463100008CAF0308D8A10408E5
S315080412880B000000000000000A000000E4AF030891
S315080412980C90040860140408E41204084C120408A0
S315080412A8CC910308D0120408198603080101000022
S315080412B8C4120408A18203080000000080A10408D7
S315080412C8453100008CAF0308D8A104080B000000B8
S315080412D8000000000A000000E4AF03080C900408A4
S315080412E86014040830130408981204086B8D03085C
S315080412F81C130408198603080101000010130408BE
S31508041308A18203080000000080A1040844310000F3
S315080413188CAF0308D8A104080B00000000000000DD
S315080413280A000000E4AF03080C90040860140408D3
S315080413387C130408E41204088D8D0308681304084A
S3150804134819860308010100005C130408A18203082E
S315080413580000000080A10408433100008CAF03088C
S31508041368D8A104080B000000000000000A000000C9
S31508041378E4AF03080C90040860140408C8130408A6
S3150804138830130408AF8D0308B41304081986030830
S3150804139801010000A8130408A1820308000000003C
S315080413A880A10408423100008CAF0308D8A10408B8
S315080413B80B000000000000000A000000E4AF030860
S315080413C80C90040860140408141404087C1304080C
S315080413D8D18D0308001404081986030801010000BE
S315080413E8F4130408A18203080000000080A1040875
S315080413F8413100008CAF0308D8A104080B0000008B
S31508041408000000000A000000E4AF03080C90040872
S31508041418601404084C120408C8130408F38D030856
S315080414284C1404081986030801010000401404082A
S31508041438A18203080000000080A1040840310000C6
S315080414488CAF0308D8A104080B00000000000000AC
S315080414580A000000E4AF0308FC8E0408F01C04081C
S315080414688C16040834120408EB91030814140408A7
S315080414780C9004088C160408C414040840160408B6
S3150804148804920308B0140408198603080101000025
S31508041498A4140408A18203080000000080A1040813
S315080414A8863100008CAF0308D8A104080B00000095
S315080414B8000000000A000000E4AF03080C900408C2
S315080414C88C160408101504087814040808920308E6
S315080414D8FC1404081986030801010000F01404081A
S315080414E8A18203080000000080A1040885310000D1
S315080414F88CAF0308D8A104080B00000000000000FC
S315080415080A000000E4AF03080C9004088C160408C3
S315080415185C150408C41404087C8D030848150408D3
S3150804152819860308010100003C150408A18203086A
S315080415380000000080A10408843100008CAF030869
S31508041548D8A104080B000000000000000A000000E7
S31508041558E4AF03080C9004088C160408A8150408B4
S31508041568101504089E8D030894150408198603089B
S315080415780101000088150408A18203080000000078
S3150804158880A10408833100008CAF0308D8A1040895
S315080415980B000000000000000A000000E4AF03087E
S315080415A80C9004088C160408F41504085C15040839
S315080415B8C08D0308E015040819860308010100000C
S315080415C8D4150408A18203080000000080A10408B1
S315080415D8823100008CAF0308D8A104080B00000068
S315080415E8000000000A000000E4AF03080C90040891
S315080415F88C16040840160408A8150408E28D03087E
S315080416082C16040819860308010100002016040884
S31508041618A18203080000000080A1040881310000A3
S315080416288CAF0308D8A104080B00000000000000CA
S315080416380A000000E4AF03080C9004088C16040892
S3150804164878140408F4150408048E0308781604089C
S3150804165819860308010100006C160408A182030808
S315080416680000000080A10408803100008CAF03083C
S31508041678D8A104080B000000000000000A000000B6
S31508041688E4AF0308FC8E0408F01C0408B818040818
S31508041698601404080C920308401604080C900408FD
S315080416A8B8180408F01604086C1804080492030801
S315080416B8DC1604081986030801010000D016040874
S315080416C8A18203080000000080A10408073100006D
S315080416D88CAF0308D8A104080B000000000000001A
S315080416E80A000000E4AF03080C900408B8180408B4
S315080416F83C170408A41604080892030828170408BB
S3150804170819860308010100001C170408A1820308A6
S315080417180000000080A10408063100008CAF030805
S31508041728D8A104080B000000000000000A00000005
S31508041738E4AF03080C900408B818040888170408C2
S31508041748F01604087C8D0308741704081986030818
S315080417580101000068170408A182030800000000B4
S3150804176880A10408053100008CAF0308D8A1040831
S315080417780B000000000000000A000000E4AF03089C
S315080417880C900408B8180408D41704083C17040865
S315080417989E8D0308C017040819860308010100006A
S315080417A8B4170408A18203080000000080A10408ED
S315080417B8043100008CAF0308D8A104080B00000004
S315080417C8000000000A000000E4AF03080C900408AF
S315080417D8B81804082018040888170408C08D0308CC
S315080417E80C180408198603080101000000180408DF
S315080417F8A18203080000000080A104080331000040
S315080418088CAF0308D8A104080B00000000000000E8
S315080418180A000000E4AF03080C900408B818040882
S315080418286C180408D4170408E28D03085818040821
S3150804183819860308010100004C180408A182030844
S315080418480000000080A10408023100008CAF0308D8
S31508041858D8A104080B000000000000000A000000D4
S31508041868E4AF03080C900408B8180408A416040876
S3150804187820180408048E0308A418040819860308FB
S315080418880101000098180408A18203080000000052
S3150804189880A10408013100008CAF0308D8A1040804
S315080418A80B000000000000000A000000E4AF03086B
S315080418B8FC8E0408F01C0408E41A04088C160408A8
S315080418C8259203086C1804080C900408E41A0408FA
S315080418D81C190408981A0408049203080819040821
S315080418E81986030801010000FC180408D74F0308E1
S315080418F80000000080A1040827370000E4AF0308A5
S31508041908D8A104080B000000000000000A00000023
S31508041918E4AF03080C900408E41A040868190408D0
S31508041928D0180408089203085419040819860308E1
S315080419380101000048190408D74F030800000000ED
S3150804194880A1040826370000E4AF0308D8A10408D0
S315080419580B000000000000000A000000E4AF0308BA
S315080419680C900408E41A0408B41904081C19040891
S315080419787C8D0308A01904081986030801010000C8
S3150804198894190408D74F03080000000080A1040826
S3150804199825370000E4AF0308D8A104080B000000A3
S315080419A8000000000A000000E4AF03080C900408CD
S315080419B8E41A0408001A0408681904089E8D03081A
S315080419C8EC1904081986030801010000E01904083B
S315080419D8D74F03080000000080A104082437000034
S315080419E8E4AF0308D8A104080B00000000000000AF
S315080419F80A000000E4AF03080C900408E41A040873
S31508041A084C1A0408B4190408C08D0308381A0408BB
S31508041A1819860308010100002C1A0408D74F03087D
S31508041A280000000080A1040823370000E4AF030877
S31508041A38D8A104080B000000000000000A000000F2
S31508041A48E4AF03080C900408E41A0408981A04086E
S31508041A58001A0408E28D0308841A04081986030878
S31508041A6801010000781A0408D74F0308000000008B
S31508041A7880A1040822370000A0B00308D8A10408E6
S31508041A880B000000000000000A000000E4AF030889
S31508041A980C900408E41A0408D01804084C1A040814
S31508041AA8048E0308D01A04081986030801010000DD
S31508041AB8C41A0408D74F03080000000080A10408C4
S31508041AC821370000E4AF0308D8A104080B00000076
S31508041AD8000000000A000000E4AF0308FC8E0408AE
S31508041AE8F01C0408481B0408B81804083C920308A0
S31508041AF8981A04080C900408481B0408FC1A0408D5
S31508041B08FC1A0408679B0308341B0408599203083B
S31508041B1801010000281B0408A1820308000000002C
S31508041B2880A1040857B000008CAF0308D8A104089C
S31508041B38090000000000000001000000F0B70308CF
S31508041B48FC8E0408F01C0408AC1B0408E41A0408F0
S31508041B5860920308FC1A04080C900408AC1B0408D1
S31508041B68601B0408601B040877920308981B04087A
S31508041B7859920308010100008C1B040859910308AB
S31508041B880000000080A1040856B0000050A7030806
S31508041B98D8A104080900000000000000010000009C
S31508041BA8F0B70308FC8E0408F01C0408101C040883
S31508041BB8481B040877920308601B04080C90040859
S31508041BC8101C0408C41B0408C41B04088A920308C6
S31508041BD8FC1B04085992030801010000F01B0408B9
S31508041BE8A18203080000000080A1040854B000007C
S31508041BF88CAF0308D8A104080900000000000000F7
S31508041C0801000000F0B70308FC8E0408F01C040859
S31508041C18741C0408AC1B04088A920308C41B040829
S31508041C280C900408741C0408281C0408281C0408B6
S31508041C389F920308601C04085992030801010000CE
S31508041C48541C0408599103080000000080A10408DC
S31508041C5853B0000050A70308D8A1040809000000D7
S31508041C680000000001000000F0B70308FC8E040811
S31508041C78F01C0408D81C0408101C04089F920308BE
S31508041C88281C04080C900408D81C04088C1C04088E
S31508041C988C1C0408B0920308C41C04085992030847
S31508041CA801010000B81C0408599103080000000043
S31508041CB880A1040852B0000050A70308D8A1040854
S31508041CC8090000000000000001000000F0B703083E
S31508041CD8FC8E0408F01C0408BC0A0408741C0408CE
S31508041CE8B09203088C1C0408FC8E0408E82004082F
S31508041CF8A01E0408C8200408C4920308D81C0408AB
S31508041D080C900408A01E04084C1D04085C1E04084C
S31508041D18E1920308401D0408EF8B0308010100003B
S31508041D28341D0408A18203080000000080A10408E1
S31508041D38755000008CAF030880A10408655000009C
S31508041D48E4AF03080C900408A01E0408901D0408B0
S31508041D58081D0408F5920308841D0408EF8B030874
S31508041D6801010000781D0408A18203080000000088
S31508041D7880A10408745000008CAF030880A10408E5
S31508041D8864500000E4AF03080C900408A01E040875
S31508041D98D41D04084C1D040809930308C81D04081F
S31508041DA8EF8B030801010000BC1D0408A18203087F
S31508041DB80000000080A10408735000008CAF0308D3
S31508041DC880A1040863500000E4AF03080C900408D3
S31508041DD8A01E0408181E0408901D04081D93030869
S31508041DE80C1E0408EF8B030801010000001E0408F2
S31508041DF8A18203080000000080A1040872500000AC
S31508041E088CAF030880A1040862500000E4AF0308F5
S31508041E180C900408A01E04085C1E0408D41D0408B3
S31508041E2831930308501E0408EF8B030801010000C8
S31508041E38441E0408A18203080000000080A10408BF
S31508041E48715000008CAF030880A104086150000093
S31508041E58E4AF03080C900408A01E0408081D040827
S31508041E68181E040845930308941E0408EF8B0308F0
S31508041E7801010000881E0408A18203080000000066
S31508041E8880A10408705000008CAF030880A10408D8
S31508041E9860500000E4AF0308FC8E0408E820040830
S31508041EA8B81E0408F01C0408599303085C1E0408A1
S31508041EB8B48F0408E8200408D81E0408A01E0408D9
S31508041EC869930308415000008CAF0308000000001A
S31508041ED8B48F0408E820040890200408B81E0408E7
S31508041EE87E93030840500000E4AF0308000000008E
S31508041EF80C900408902004083C1F04084C20040885
S31508041F0890930308301F0408EF8B030801010000A7
S31508041F18241F0408A18203080000000080A10408FD
S31508041F28355000008CAF030880A10408255000002A
S31508041F38E4AF03080C90040890200408801F0408DA
S31508041F48F81E0408A4930308741F0408EF8B0308EF
S31508041F5801010000681F0408A182030800000000A4
S31508041F6880A10408345000008CAF030880A1040833
S31508041F7824500000E4AF03080C90040890200408D1
S31508041F88C41F04083C1F0408B8930308B81F0408A8
S31508041F98EF8B030801010000AC1F0408A18203089B
S31508041FA80000000080A10408335000008CAF030821
S31508041FB880A1040823500000E4AF03080C90040821
S31508041FC89020040808200408801F0408CC930308F2
S31508041FD8FC1F0408EF8B030801010000F01F04081E
S31508041FE8A18203080000000080A1040832500000FA
S31508041FF88CAF030880A1040822500000E4AF030844
S315080420080C900408902004084C200408C41F0408EB
S31508042018E093030840200408EF8B03080101000035
S3150804202834200408A18203080000000080A10408DB
S31508042038315000008CAF030880A104082150000021
S31508042048E4AF03080C90040890200408F81E040852
S3150804205808200408F493030884200408EF8B03086B
S315080420680101000078200408A18203080000000082
S3150804207880A10408305000008CAF030880A1040826
S3150804208820500000E4AF0308FC8E0408E82004087E
S31508042098A8200408D81E0408089403084C20040831
S315080420A8B48F0408E8200408C82004089020040803
S315080420B818940308015000008CAF030800000000B8
S315080420C8B48F0408E8200408F01C0408A8200408A7
S315080420D82D94030800500000E4AF0308000000002C
S315080420E8FC8E0408B8350408F0270408840804088C
S315080420F83F940308C8200408A48E0408F027040893
S3150804210820210408D027040853940308A44000008F
S3150804211868B8030800000000A48E0408F027040819
S3150804212894220408002104086D9403082440000036
S3150804213868B80308000000000C90040894220408F0
S3150804214884210408502204086B8D0308782104089E
S31508042158EF8B0308010100006C2104087850030872
S315080421680000000080A10408F440000010A6030833
S3150804217880A10408E4400000E4AF03080C900408AE
S3150804218894220408C8210408402104088D8D0308EC
S31508042198BC210408EF8B030801010000B0210408D8
S315080421A8785003080000000080A10408F3400000E2
S315080421B810A6030880A10408E3400000E4AF030856
S315080421C80C900408942204080C22040884210408A0
S315080421D8AF8D030800220408EF8B030801010000E9
S315080421E8F4210408785003080000000080A10408B4
S315080421F8F240000010A6030880A10408E240000083
S31508042208E4AF03080C90040894220408502204082E
S31508042218C8210408D18D030844220408EF8B03084F
S315080422280101000038220408785003080000000059
S3150804223880A10408F140000010A6030880A1040838
S31508042248E1400000E4AF03080C900408942204084B
S31508042258402104080C220408F38D0308882204087C
S31508042268EF8B0308010100007C2204087850030850
S315080422780000000080A10408F040000010A6030826
S3150804228880A10408E0400000E4AF0308FC8E0408B3
S31508042298F02704080024040820210408879403085E
S315080422A8502204080C90040800240408F0220408A0
S315080422B8BC2304086B8D0308E4220408EF8B03087F
S315080422C801010000D8220408785003080000000019
S315080422D880A104087440000010A6030880A1040815
S315080422E864400000E4AF03080C90040800240408BA
S315080422F834230408AC2204088D8D0308282304080B
S31508042308EF8B0308010100001C230408785003080E
S315080423180000000080A104087340000010A6030802
S3150804232880A1040863400000E4AF03080C9004087D
S315080423380024040878230408F0220408AF8D030847
S315080423486C230408EF8B03080101000060230408C2
S31508042358785003080000000080A1040872400000B1
S3150804236810A6030880A1040862400000E4AF030825
S315080423780C90040800240408BC230408342304081D
S31508042388D18D0308B0230408EF8B03080101000064
S31508042398A4230408785003080000000080A1040850
S315080423A87140000010A6030880A1040861400000D3
S315080423B8E4AF03080C90040800240408AC220408B3
S315080423C878230408F38D0308F4230408EF8B030819
S315080423D801010000E82304087850030800000000F7
S315080423E880A104087040000010A6030880A1040808
S315080423F860400000E4AF0308FC8E0408F0270408CC
S315080424086C250408942204089B940308BC2304082E
S315080424180C9004086C2504085C2404082825040878
S315080424287C8D030850240408EF8B03080101000077
S3150804243844240408785003080000000080A104080E
S31508042448D440000010A6030880A10408C44000006C
S31508042458E4AF03080C9004086C250408A0240408AF
S31508042468182404089E8D030894240408EF8B03088B
S3150804247801010000882404087850030800000000B5
S3150804248880A10408D340000010A6030880A1040804
S31508042498C3400000E4AF03080C9004086C2504083C
S315080424A8E42404085C240408C08D0308D824040812
S315080424B8EF8B030801010000CC24040878500308AC
S315080424C80000000080A10408D240000010A60308F2
S315080424D880A10408C2400000E4AF03080C9004086D
S315080424E86C25040828250408A0240408E28D030892
S315080424F81C250408EF8B03080101000010250408AD
S31508042508785003080000000080A10408D1400000A0
S3150804251810A6030880A10408C1400000E4AF030814
S315080425280C9004086C25040818240408E4240408F0
S31508042538048E030860250408EF8B030801010000CC
S3150804254854250408785003080000000080A10408EC
S31508042558D040000010A6030880A10408C040000063
S31508042568E4AF0308FC8E0408F0270408D8260408F0
S3150804257800240408AF940308282504080C900408C2
S31508042588D8260408C8250408942604087C8D030854
S31508042598BC250408EF8B030801010000B0250408CC
S315080425A8785003080000000080A10408544000007D
S315080425B810A6030880A1040844400000E4AF0308F1
S315080425C80C900408D82604080C260408842504084C
S315080425D89E8D030800260408EF8B030801010000F2
S315080425E8F4250408785003080000000080A10408AC
S315080425F85340000010A6030880A1040843400000BD
S31508042608E4AF03080C900408D826040850260408DE
S31508042618C8250408C08D030844260408EF8B030854
S315080426280101000038260408785003080000000051
S3150804263880A104085240000010A6030880A10408D3
S3150804264842400000E4AF03080C900408D82604089E
S31508042658942604080C260408E28D03088826040828
S31508042668EF8B0308010100007C2604087850030848
S315080426780000000080A104085140000010A60308C1
S3150804268880A1040841400000E4AF03080C9004083C
S31508042698D82604088425040850260408048E030842
S315080426A8CC260408EF8B030801010000C026040899
S315080426B8785003080000000080A104085040000070
S315080426C810A6030880A1040840400000E4AF0308E4
S315080426D8FC8E0408F0270408F02604086C25040868
S315080426E8C194030894260408A48E0408F027040849
S315080426F810270408D8260408D3940308A24000001F
S31508042708ACBA030800000000B48F0408F0270408CC
S3150804271830270408F0260408E8940308A1400000B2
S31508042728E4AF030800000000B48F0408F02704087F
S31508042738502704081027040800950308A340000036
S315080427487CAA030800000000B48F0408F0270408CC
S31508042758702704083027040814950308A0400000C5
S31508042768E4AF030800000000A48E0408F027040850
S3150804277890270408502704082995030822400000CE
S31508042788ACBA030800000000B48F0408F02704084C
S31508042798B0270408702704083E950308214000005A
S315080427A8E4AF030800000000B48F0408F0270408FF
S315080427B8D0270408902704085695030823400000E0
S315080427C87CAA030800000000B48F0408F02704084C
S315080427D800210408B02704086A9503082040000065
S315080427E8E4AF030800000000FC8E0408B8350408A2
S315080427F8502E0408E82004087F950308D0270408FF
S31508042808B48F0408842D040828280408642D0408A9
S31508042818919503084070000024A7030800000000E7
S31508042828B48F0408842D04084828040808280408CA
S31508042838AB950308017000007CAA03080000000091
S31508042848B48F0408842D040868280408282804086A
S31508042858CA95030802700000F8A6030800000000D9
S31508042868B48F0408842D040888280408482804080A
S31508042878E0950308037000008CAF03080000000005
S31508042888A48E0408842D0408A828040868280408BB
S31508042898F995030804700000A8B8030800000000A6
S315080428A8A48E0408842D04088C2C04088828040893
S315080428B81396030820700000A8B80308000000004F
S315080428C8588F04088C2C04084C290408FC2B040883
S315080428D82596030800000000E828040808000000F4
S315080428E8E82A04080100000022700000E82A0408FF
S315080428F80100000022700100E42A0408010000000F
S3150804290822700200E42A0408010000002270030069
S31508042918482904080100000023700000482904080F
S315080429280100000023700100E82A040801000000D9
S3150804293823700200E82A0408010000002370030033
S3150804294832000000588F04088C2C0408D829040877
S31508042958C828040843960308000000006C290408DC
S3150804296808000000582A0408010000002270000024
S31508042978582A04080100000022700100D429040812
S315080429880100000022700200D4290408010000008E
S3150804299822700300D02904080100000023700000EF
S315080429A8D02904080100000023700100CC29040872
S315080429B80100000023700200CC2904080100000065
S315080429C823700300330100000B0000008E12000078
S315080429D8588F04088C2C0408602A04084C2904080F
S315080429E86196030800000000F82904080800000096
S315080429F8E82A04080100000022700000E82A0408EE
S31508042A080100000022700100E42A040801000000FD
S31508042A1822700200E42A0408010000002270030058
S31508042A285C2A040801000000237000005C2A0408D4
S31508042A380100000023700100582A04080100000058
S31508042A4823700200582A04080100000023700300B2
S31508042A58FA00000014000000588F04088C2C040897
S31508042A68EC2A0408D82904088196030800000000FB
S31508042A78802A040808000000E82A0408010000005F
S31508042A8822700000E82A04080100000022700100E8
S31508042A98E42A04080100000022700200E42A040853
S31508042AA80100000022700300802C040801000000BD
S31508042AB823700000802C040801000000237001001C
S31508042AC8E02A04080100000023700200E02A04082A
S31508042AD80100000023700300730000002A12000096
S31508042AE890010000588F04088C2C0408742B0408D9
S31508042AF8602A04089F960308000000000C2B0408A3
S31508042B0808000000882C0408010000002270000050
S31508042B18882C04080100000022700100842C04088B
S31508042B280100000022700200842C04080100000039
S31508042B3822700300702B04080100000023700000AB
S31508042B48702B040801000000237001006C2B04088C
S31508042B5801000000237002006C2B04080100000021
S31508042B68237003003B01000004000000588F040882
S31508042B788C2C0408FC2B0408EC2A0408BA960308C7
S31508042B8800000000942B040808000000882C040898
S31508042B980100000022700000882C040801000000C7
S31508042BA822700100842C0408010000002270020027
S31508042BB8842C04080100000022700300F82B04087A
S31508042BC80100000023700000F82B04080100000027
S31508042BD823700100F42B0408010000002370020086
S31508042BE8F42B04080100000023700300D000000039
S31508042BF809000000588F04088C2C0408C8280408FF
S31508042C08742B0408D5960308000000001C2C040835
S31508042C1808000000882C040801000000227000003F
S31508042C28882C04080100000022700100842C04087A
S31508042C380100000022700200842C04080100000028
S31508042C4822700300802C0408010000002370000089
S31508042C58802C040801000000237001007C2C040859
S31508042C6801000000237002007C2C040801000000FF
S31508042C7823700300690000000A0000008813000096
S31508042C8800000000FC8E0408842D0408A42C0408FB
S31508042C98A8280408F0960308FC2B0408B48F04082B
S31508042CA8842D0408C42C04088C2C040807970308E4
S31508042CB821780000BCA3030800000000B48F0408A8
S31508042CC8842D0408E42C0408A42C0408C0860308E4
S31508042CD8227800008CAF030800000000B48F0408AB
S31508042CE8842D0408042D0408C42C04081A97030818
S31508042CF81470000050A7030800000000B48F0408E5
S31508042D08842D0408242D0408E42C04082F970308A2
S31508042D1813700000BCA3030800000000B48F04085D
S31508042D28842D0408442D0408042D04083F97030831
S31508042D3812700000BCA3030800000000B48F04083E
S31508042D48842D0408642D0408242D04084F970308C1
S31508042D5811780000BCA3030800000000B48F040817
S31508042D68842D040808280408442D04081989030826
S31508042D7808780000E4AF030800000000FC8E040885
S31508042D88502E04089C2D0408302E0408709703084E
S31508042D98642D0408A48E0408502E0408BC2D0408BF
S31508042DA8842D0408237D030810700000A8B80308B6
S31508042DB800000000A48E0408502E0408DC2D04081C
S31508042DC89C2D04088697030811700000C8B80308E0
S31508042DD800000000788E0408502E0408302E0408D3
S31508042DE8BC2D04089297030800000000010000009F
S31508042DF8167800000000000017780000000000009C
S31508042E081578000000000000127000000000000099
S31508042E18137000000000000011780000000000008C
S31508042E28BCA3030801000000B48F0408502E040844
S31508042E38842D0408DC2D0408A297030800700000F2
S31508042E4868B7030800000000FC8E0408B8350408AF
S31508042E5834340408F027040879970308302E04083C
S31508042E68B48F0408082F0408882E0408E82E0408D2
S31508042E78BD97030828400000ACB503080000000005
S31508042E88B48F0408082F0408A82E0408682E040812
S31508042E98C797030839400000ACB5030800000000CA
S31508042EA8B48F0408082F0408C82E0408882E0408B2
S31508042EB8D29703083140000080A8030800000000E0
S31508042EC8B48F0408082F0408E82E0408A82E040852
S31508042ED8C797030838400000ACB50308000000008B
S31508042EE8B48F0408082F0408682E0408C82E040892
S31508042EF8F59703083040000080A80308000000007E
S31508042F08FC8E040898320408BC300408783204088D
S31508042F1814980308E82E04080C9004086C2F04086F
S31508042F28202F0408202F0408679B0308582F040831
S31508042F3844830308010100004C2F04087663030838
S31508042F480000000080A1040800900000BCA3030840
S31508042F58D8A10408100000000000000001000000C1
S31508042F6898A90308FC8E0408BC300408842F0408AE
S31508042F789C3004082C980308202F0408288F040872
S31508042F88BC300408AC2F04086C2F040846980308B8
S31508042F9800000000A42F040801000000019800009E
S31508042FA800900300288F0408BC300408D42F0408AA
S31508042FB8842F04084D98030800000000CC2F040841
S31508042FC8010000000198000000900400288F0408F6
S31508042FD8BC300408FC2F0408AC2F040854980308CA
S31508042FE800000000F42F04080100000001980000FE
S31508042FF800900500288F0408BC3004082430040807
S31508043008D42F04085B980308000000001C30040841
S31508043018010000000198000000900600288F0408A3
S31508043028BC3004084C300408FC2F040862980308CA
S31508043038000000004430040801000000019800005C
S3150804304800900200288F0408BC3004087430040869
S315080430582430040868980308000000006C30040843
S31508043068010000000198000000900100288F040858
S31508043078BC3004089C3004084C30040874980308C7
S3150804308800000000943004080100000001980000BC
S3150804309800900000B48F0408BC3004086C2F040898
S315080430A8743004088E84030801980000BCA3030836
S315080430B800000000FC8E040898320408D43004087A
S315080430C8082F04087D9803089C300408B48F04085C
S315080430D898320408F4300408BC30040895980308A0
S315080430E80930000010B7030800000000B48F04086C
S315080430F89832040814310408D4300408BA98030822
S315080431080830000010B7030800000000A48E04085D
S315080431189832040834310408F4300408DB980308A0
S315080431280420000068A3030800000000B48F0408FC
S31508043138983204085431040814310408F998030821
S315080431480520000010B7030800000000A48E040830
S315080431589832040874310408343104081A9903089F
S3150804316802300000A8B8030800000000A48E04086A
S315080431789832040894310408543104083499030825
S31508043188063000007CA7030800000000A48E040883
S3150804319898320408B4310408743104084C990308AD
S315080431A80530000068B8030800000000A48E040867
S315080431B898320408D4310408943104086299030837
S315080431C80430000068B8030800000000A48E040848
S315080431D89832040840320408B43104088499030868
S315080431E80330000068B80308000000000C900408BF
S315080431F840320408F4310408F4310408679B0308C8
S315080432082C320408A3990308010100002032040893
S31508043218CE9903080000000080A104080490000061
S315080432280CB60308D8A1040804000000000000002E
S31508043238010000002CB60308FC8E0408983204081A
S3150804324858320408D4310408B7990308F431040831
S31508043258A48E04089832040878320408403204080C
S31508043268D79903080290000088B8030800000000EC
S31508043278A48E040898320408082F04085832040847
S31508043288F59903080190000028AA0308000000001D
S31508043298FC8E040834340408B032040814340408C8
S315080432A8149A030878320408A48E040834340408E3
S315080432B8D032040898320408299A030810800000B2
S315080432C888B8030800000000A48E040834340408E7
S315080432D8F0320408B03204083F9A03081180000043
S315080432E888B8030800000000B48F040834340408B6
S315080432F810330408D0320408569A030801800000DB
S3150804330860AB030800000000B48F040834340408CA
S3150804331830330408F03204086B9A030803200000C3
S315080433286CA9030800000000B48F040834340408A0
S3150804333850330408103304088A9A03080120000045
S31508043348F8B0030800000000B48F040834340408ED
S315080433587033040830330408999A030802200000D5
S3150804336850B1030800000000B48F04083434040874
S31508043378D033040850330408A79A030800A00000A9
S3150804338860AB030800000000A48E0408D0330408C0
S31508043398B0330408B0330408DC9A03080020000094
S315080433A818A0030800000000A48E0408D0330408F3
S315080433B89033040890330408B99A030800300000C7
S315080433C8F0A1030800000000888F040834340408B0
S315080433D8F433040870330408CB9A0308B033040892
S315080433E8F03304080200000000300020A48E040804
S315080433F83434040814340408D0330408DC9A03085B
S315080434080020000018A0030801000000A48E040880
S315080434183434040898320408F4330408B99A0308B7
S3150804342800300000F0A1030801000000FC8E04081F
S31508043438B8350408B8350408502E0408E89A030869
S3150804344814340408B48F0408B83504086C3404081A
S31508043458843504087E93030840500000E4AF030843
S3150804346800000000B48F0408B83504088C3404082E
S315080434784C34040814950308A0400000E4AF030874
S3150804348800000000B48F0408B8350408AC340408EE
S315080434986C3404082D94030800500000E4AF0308AC
S315080434A800000000B48F0408B8350408CC340408AE
S315080434B88C3404086A95030820400000E4AF03081E
S315080434C800000000588F0408B8350408FC340408BA
S315080434D8AC340408F69A03080A9B0308EC3404086F
S315080434E801000000F83404080100000000E00000A8
S315080434F801000000D08E0408B83504080C35040801
S31508043508CC3404081C8E0408B83504083435040871
S31508043518FC34040898BE030826000000303504085D
S315080435280100000003000000140000001C8E0408B3
S31508043538B83504085C3504080C35040898BE03082D
S31508043548260000005835040801000000020000009F
S31508043558130000001C8E0408B835040884350408CA
S315080435683435040898BE0308260000008035040884
S315080435780100000001000000120000001C8E040867
S31508043588B83504084C3404085C35040898BE03089E
S3150804359826000000A83504080800000000000000FA
S315080435A800000100020003000400050006000700E5
S315080435B8FC8E0408B8350408C8C203083434040859
S315080435C8379B03088435040818360408FC350408A8
S315080435D8F835040804360408003604081C360408B2
S315080435E80C36040808360408143604081036040881
S315080435F813C8000C12C8000C11C8000C10C8000C1B
S3150804360803C8000C02C8000C01C8000C00C8000C4A
S3150804361810C0006C00C0006C02000000000C0240D8
S315080436288000010000000100640000000500000095
S31508043638320000000000000000000000F309010839
S31508043648050901080000000000000000FB0801083D
S31508043658FF0801080000000000000000EB09010843
S31508043668E10901080000000000000000F10801084B
S31508043678F5080108000000000000000039090108DF
S315080436880F0901084742020800000000000000006C
S3150804369883090108590901084742020898360408A3
S315080436A8843604080020006C0030006C01F0007CA5
S315080436B800F0007C00000000000000004D0C010822
S315080436C8510C01080000000000000000570C01080E
S315080436D8770C010847420208D4360408E08F040820
S315080436E884350408843504088435040802F0006C13
S315080436F80037040826000000C0470408883E040862
S31508043708A03E0408B43E0408CC3E0408D440040881
S31508043718E8400408084104081C4104083041040820
S3150804372844410408584104086C410408A0410408A3
S315080437388C410408D4410408B44104081442040812
S31508043748F4410408344204087C4204085442040830
S31508043758684204081C4304085044040884450408B9
S315080437687045040898450408B8450408CC4504086F
S31508043778D447040898470408AC470408F4470408D7
S3150804378820480408883F0408A448040890480408FC
S315080437980000000000000000850D01088F0D0108CF
S315080437A800000000000000006D3F02082911010806
S315080437B8D50D0108E90D0108000000000000000005
S315080437C88B0D0108930D0108000000000000000095
S315080437D8913F0208AD3F0208A50D0108C10D01086D
S315080437E80000000000000000990D01089F0D01085B
S315080437F8FD0D0108190E010800000000000000006C
S31508043808730E0108930E01084742020800000000D7
S31508043818000000002D0E01084D0E01084742020853
S315080438281C38040808380408483804084C380408B6
S315080438384208430801000000640000000000000074
S315080438483138000C3038000C0230007C00000000C7
S31508043858000000004D120108BB1101080000000011
S3150804386800000000BF110108BB1101080000000090
S31508043878000000006D3F0208C3110108251201085B
S315080438883912010800000000000000006D3F020814
S31508043898C1120108F1120108051301080000000005
S315080438A800000000913F0208AD3F020861130108B1
S315080438B8B5130108000000000000000035130108CC
S315080438C8DD1301087D130108C91301080048000C13
S315080438D8000000000000000005150108BB110108D6
S315080438E800000000000000002B1501083115010826
S315080438F80000000000000000151701085917010800
S31508043908FB1601080000000000000000071701085C
S3150804391883170108EF1601080000000000000000DC
S315080439284F150108B9160108000000000000000038
S31508043938851601088F0D0108000000000000000024
S315080439484B150108A3160108000000000000000032
S315080439586716010847150108000000000000000062
S315080439686D3F02089F1B0108951A0108BD1A01082C
S31508043978000000000000000021160108411601088D
S31508043988474202080000000000000000BB150108B1
S31508043998EB1501083F1501080000000000000000A7
S315080439A8551501088515010837150108A8390408A5
S315080439B894390408803904080258003C7050106C7D
S315080439C87150106C7250106C7350106C7450106CE3
S315080439D87550106C6050106C6150106C6250106C05
S315080439E86350106C6450106C6550106C4150007C20
S315080439F84050007C3050106C3150106C3250106CAA
S31508043A083350106C3450106C3550106C2050106CB0
S31508043A182150106C2250106C2350106C2450106CD2
S31508043A282550106C0150007C0050007C00000500ED
S31508043A380A000F00140019001E00230028002D0090
S31508043A4832003C00460050005A006400000000009A
S31508043A58000000006D3F020863C30208451D0108FB
S31508043A68591D0108CD1D01083D1D010801FF000067
S31508043A786400000000000000000000002D1E010874
S31508043A88311E01080000000000000000351E010868
S31508043A98551E010847420208943A04080000000023
S31508043AA8000000007F1E0108851E0108891E0108FA
S31508043AB800000000000000008D1E0108BD1E010854
S31508043AC8771E0108C03A0408203B040804000000CD
S31508043AD8183B0408C800DC05B0043F2700000000AA
S31508043AE8E8030000103B0408020000001C3B040815
S31508043AF8C800DC054C04180200000000E8030000AE
S31508043B08143B0408040000003940006C3840006C73
S31508043B183140006C3040006C2840006C00000500F9
S31508043B280A000F00140019001E00230028002D009F
S31508043B3832003C00460050005A006400F040106CFD
S31508043B48F140106CF240106CF340106CF440106CA1
S31508043B58E040106CE140106CE240106CE340106CD5
S31508043B68E440106CD040106CD140106CD240106CF4
S31508043B78D340106CD440106CC040106CC140106C13
S31508043B88C240106CC340106CC440106C7040106C72
S31508043B987140106C7240106C7340106C7440106C51
S31508043BA86040106C6140106C6240106C6340106C85
S31508043BB86440106C5040106C5140106C5240106CA4
S31508043BC85340106C5440106C4040106C4140106CC3
S31508043BD84240106C4340106C4440106C0000983AFC
S31508043BE8000064000000000000000000A524010885
S31508043BF82F2501080000000000000000AB24010876
S31508043C08BB11010800000000000000009D240108FB
S31508043C18A124010800000000000000006D3F020806
S31508043C28752A0108292B0108612B010800000000E0
S31508043C3800000000F3240108C924010847420208C1
S31508043C483C3C0408803B04086C3B0408583B0408BD
S31508043C58443B0408B83C040855000000AC3C040876
S31508043C68BC3C04080C000000D03B0408BC3B040810
S31508043C78A83B0408943B0408CC3C040855000000F7
S31508043C88C03C0408D03C0408080000000648000C98
S31508043C980548000C0448000C0348003C0248000C7C
S31508043CA80148000CA440006CA340006CA240006CB8
S31508043CB8A140007CA040007C2440006C2340006C92
S31508043CC82240006C2140007C2040007C0000000053
S31508043CD8000000006D3F0208A12B0108792B010892
S31508043CE88D2B01080000000000000000712D010852
S31508043CF80000000000000000552D01080C3D0408CA
S31508043D080A000000103E0408912D0108F03D040835
S31508043D18103E0408912D0108E43D0408083E0408E9
S31508043D28912D0108D83D0408083E0408912D010878
S31508043D38CC3D0408003E0408912D0108C03D04083A
S31508043D48003E0408912D0108B43D0408003E040801
S31508043D58972D0108A83D0408003E0408972D010874
S31508043D689C3D0408003E0408972D0108903D040864
S31508043D78003E0408972D0108843D0408003D0408FC
S31508043D88183E040832000000003D0408243E0408CE
S31508043D9832000000003D0408203E04080F00000015
S31508043DA8003D04082C3E04080F000000F43C0408EF
S31508043DB81C3E04084C040000F43C0408283E040885
S31508043DC84C040000F43C0408B03C0408AC0D00009C
S31508043DD8F43C0408C43C0408AC0D0000F43C04088C
S31508043DE8B03C0408540B0000F43C0408C43C04081A
S31508043DF8540B0000000000006C381000201C00005A
S31508043E0824381000201C00004800000000000000A8
S31508043E184560006C4360006C4160006C2560006C6A
S31508043E282360006C2160006C00000000000000009C
S31508043E386D3F02089D2D0108CD2D0108E12D0108C5
S31508043E481278000C0270006C0000000000000000E4
S31508043E58BD2E0108471501080000000000000000EF
S31508043E686D3F0208652E0108C12E0108D52E0108E2
S31508043E782078000C0278000C0470006C0370006C3F
S31508043E882E000000A92F010879F00208A32F0108BB
S31508043E98A12F01080878000C110000001530010844
S31508043EA879F00208A32F0108A12F01080A000000C7
S31508043EB88130010879F00208A32F0108A12F010807
S31508043EC81078000C21000000F130010879F0020886
S31508043ED8A32F0108A12F0108000000000000000014
S31508043EE87B310108B131010883310108000000005B
S31508043EF8000000007731010861310108000000005C
S31508043F08000000006D3F0208BD3201088931010826
S31508043F189D31010800000000000000006F31010807
S31508043F287331010800000000000000006731010829
S31508043F386B310108343F040801000000243F0408D3
S31508043F48030000000042206C000000000000000086
S31508043F586D3F02080DC502081534010829340108FD
S31508043F680934010800000000000000006D3F02083B
S31508043F780DC502083D340108513401080534010801
S31508043F882B000000E534010879F0020865340108B5
S31508043F989C3F0408A43F0408020000000D340108E5
S31508043FA8043D0408972D0108B43F0408003D040895
S31508043FB81C360408FA00000060400408D2400408C5
S31508043FC8D0400408C80032000300000000000000BE
S31508043FD808000000FC3F040804F000000000000084
S31508043FE8000000008500000000000000FA00000038
S31508043FF87D00000008000000D2040000000000004C
S31508044008E43F040803000000000000000000000064
S315080440187C3E0408CE400408CC400408C800320094
S31508044028030000000000000010000000AC4004086B
S3150804403804F0000064400408CA400408C840040898
S31508044048C800320003000000000000001800000041
S315080440587840040804F000000378000C0078000C83
S315080440680000000000000000FFFA0000601F0000BE
S3150804407810000000D204000000000000684004088C
S315080440880200000000000000000000000000000014
S315080440987D0000007D00000000000000FA00000012
S315080440A87D00000008000000D2040000000000009B
S315080440B89440040803000000000000000000000003
S315080440C800C101C400C101C400C101C4260000001E
S315080440D8BD35010879F00208A32F0108A12F0108A4
S315080440E81F0000008936010879F00208972D01088F
S315080440F8FC400408003D04081C360408E8030000CC
S3150804410823000000F536010879F00208A32F0108F0
S31508044118A12F01081D0000009937010879F0020843
S31508044128A32F0108A12F0108070000003538010844
S3150804413879F00208A32F0108A12F01081600000028
S31508044148D538010879F00208A32F0108A12F010818
S31508044158200000004539010879F00208A32F010850
S31508044168A12F01082F000000B5390108A12F01085D
S31508044178972D010880410408003D04081C360408E4
S31508044188E803000009000000A93A010879F00208C2
S31508044198A32F0108A12F010808000000393A0108CD
S315080441A879F00208A32F0108A12F010819000000B5
S315080441B8193B010879F00208972D0108C841040833
S315080441C8003D04081C360408E8030000180000002B
S315080441D8ED3B010879F00208972D0108E84104081F
S315080441E8003D04081C360408E803000027000000FC
S315080441F8953C010879F00208972D01080842040835
S31508044208003D04081C360408E80300001B000000E7
S31508044218053D010879F00208972D01082842040883
S31508044228003D04081C360408E803000028000000BA
S31508044238A93D010879F00208972D0108484204089F
S31508044248003D04081C360408E803000005000000BD
S31508044258753E010879F00208653401089042040895
S3150804426806000000753E010879F00208653401085D
S315080442789042040804000000753E010879F0020813
S31508044288972D0108A8420408984204080200000069
S315080442980D340108043D0408972D0108A8420408AA
S315080442A8003D04081C360408FA00000060400408A7
S315080442B8D2400408D0400408C800320003000000AD
S315080442C80000000008000000E842040804F00000A2
S315080442D80000000083FFFFFFFA0000007D000000CD
S315080442E808000000D204000000000000D8420408B0
S315080442F802000000000000000000000000000000A2
S31508044308000000006D3F02085D3F0108353F0108BB
S31508044318493F01080C000000AD3F010879F002087E
S315080443286534010830430408384304080D000000BE
S31508044338912D010830440408912D010824440408E1
S31508044348972D0108B8430408912D0108AC430408BD
S31508044358912D0108A0430408912D0108184404085E
S31508044368912D01080C440408972D010800440408F3
S31508044378972D0108F4430408972D0108E84304080F
S31508044388972D0108DC430408972D0108D04304082F
S31508044398972D0108C4430408F43C04084044040857
S315080443A80E010000F43C04083C44040862010000B9
S315080443B8003D04084444040819030000003D0408A1
S315080443C84844040800000000003D04084C44040856
S315080443D800000000003D0408183E040852000000C6
S315080443E8003D0408243E040852000000003D040861
S315080443F8203E040805000000003D04082C3E040875
S3150804440805000000F43C04081C3E0408160A0000CB
S31508044418F43C0408283E0408160A0000F43C040878
S31508044428B03C0408AC0D0000F43C0408C43C040879
S31508044438AC0D000000A0007C0180006C0220007C02
S315080444484660006C2660006C0D000000C140010837
S3150804445879F0020865340108644404086C440408BD
S315080444680D000000912D010864450408912D0108E2
S3150804447858450408972D0108EC440408912D0108A9
S31508044488E0440408912D0108D4440408912D010830
S315080444984C450408912D010840450408972D010840
S315080444A834450408972D010828450408972D01085A
S315080444B81C450408972D010810450408972D01087A
S315080444C804450408972D0108F8440408F43C04082C
S315080444D8404404080E010000F43C04083C4404085B
S315080444E862010000003D0408444404081903000056
S315080444F8003D04084844040800000000003D040878
S315080445084C44040800000000003D0408183E04084A
S3150804451852000000003D0408243E04085200000026
S31508044528003D0408203E040805000000003D040870
S315080445382C3E040805000000F43C04081C3E040844
S31508044548160A0000F43C0408283E0408160A000063
S31508044558F43C0408B03C0408AC0D0000F43C040818
S31508044568C43C0408AC0D00002200000019410108E7
S31508044578A12F0108A32F0108A12F01082D00000067
S31508044588BD41010879F00208A32F0108A12F0108E3
S315080445981E0000004542010879F00208972D010813
S315080445A8AC450408003D04081C360408E803000062
S315080445B814000000E942010879F00208A32F01084B
S315080445C8A12F0108290000002743010879F00208E9
S315080445D8972D0108E0450408003D04081C3604081C
S315080445E8E803000000000A0000000A0088136900AE
S315080445F8881369000000000000000000FD45010852
S31508044608F54301087D4301089143010800000000A9
S3150804461800000000E547010869480108A5430108A0
S31508044628B9430108000000000000000031480108E9
S31508044638894B01080000000000000000E54701084E
S3150804464869480108CD430108E14301080000000050
S3150804465800000000174501085F450108FD440108E4
S315080446680000000000000000094501088945010802
S31508044678F144010800000000000000006D3F02082C
S315080446889F4B010895440108BD440108744704086A
S31508044698010000005447040858470408070108019C
S315080446A80300000064000000640000007047040862
S315080446B8000088136C4704080000F401EC45040854
S315080446C80400000088470408010000009C3E04080A
S315080446D83200000090470408030000006400000044
S315080446E868470408804704088813000088131900D3
S315080446F89447040801000000640000007C47040885
S3150804470800000000881319009247040801000000F5
S3150804471864000000E20400008447040860470408AB
S31508044728644704085C470408F40100008813000079
S315080447386440040808000000010000005000000056
S315080447488C470408090000000C0000002278000CB5
S315080447582178000C1778000C1678003C1578000C9C
S315080447681178000C2370046C2270046C2070006C99
S315080447781470006C1370007C1270007C1170006C45
S315080447881070006C0070006C0117230122010000E8
S3150804479802000000A94B010879F002080D34010843
S315080447A8043D040803000000A94B010879F002082F
S315080447B80D340108043D040801000000A94B01084A
S315080447C879F00208A32F0108A12F01083000000078
S315080447D8E14B010879F00208972D0108E84704080F
S315080447E8003D04081C360408E80300000E0000000F
S315080447F8514C010879F00208A32F0108A12F0108D2
S3150804480800000000000000006D3F0208E54E01089C
S31508044818A54C0108B94C01082A000000194D0108DD
S3150804482879F002080D340108043D04089C3E04087E
S3150804483868470408220123010100000064000000F7
S3150804484832000000C3050000DC050000941164006A
S31508044858AD11640064400408040000000400000064
S315080448680400000000000000090000000C00000015
S315080448780000000000000000913F02087750010874
S31508044888DD5001080151010825000000754F01088B
S315080448981D500108A32F0108A12F010824000000B0
S315080448A8754F01081D500108A32F0108A12F0108F7
S315080448B84D41535400000000000000002D51010822
S315080448C85D51010825510108C44804080000000080
S315080448D800000000435201084715010800000000BB
S315080448E8000000003D5201088F0D01080000000071
S315080448F80000000023520108BB110108000000004B
S3150804490800000000FF5101088F0D0108000000008F
S3150804491800000000F75101084715010800000000C7
S3150804492800000000C5510108F15101080000000003
S315080449380000000093520108BB110108000000009A
S31508044948000000008D520108471501080000000000
S31508044958000000005D530108BB11010800000000AF
S3150804496800000000C9510108B552010800000000FA
S3150804497800000000ED5101089952010800000000E2
S3150804498800000000E1510108D9510108E95101085C
S315080449980000000000000000CD510108D9510108A3
S315080449A8DD51010800000000000000005553010805
S315080449B88F0D01080000000000000000D553010807
S315080449C86156010865530108B95301080000000037
S315080449D800000000F5520108CB52010847420208B4
S315080449E80000000000000000475201086752010849
S315080449F847420208F0490408DC49040801A8000CDF
S31508044A080028000C0420006C0120007C0564000CB6
S31508044A180464000C0264000C1338000C1238000CE9
S31508044A280338000C0238000C0138100C0038100C36
S31508044A3803F8006C02F8006C01F8003C00F8003C26
S31508044A48583E040864000000A0370408F40100006E
S31508044A58A037040870030000A03704080000000003
S31508044A6800000000A12F0108804A0408884A04089F
S31508044A78A32F0108A12F0108000000000000000068
S31508044A88000100000000000000000000000000000B
S31508044A9800000000000000000000000000000000FC
S31508044AA8000000006D3F0208FD5A0108D55A01089E
S31508044AB8E95A01081048000C00000000000000002C
S31508044AC86D3F0208A75C0108D55C0108E95C010882
S31508044AD81138000C00000000000000004D5E0108B3
S31508044AE8935E0108000000000000000053660108F0
S31508044AF88F0D010800000000000000004B5D010846
S31508044B086F5D01088D5D0108A15D010800000000BC
S31508044B1800000000455D0108515D0108B55D0108FE
S31508044B28C95D010864000A0000000200320000009A
S31508044B380B0300000000000000000000000000004D
S31508044B48000000000000000000000000000000004B
S31508044B58000000000000E8030A0300000000000043
S31508044B68000000000000000000000000000000002B
S31508044B780000000000000000000000000000E80330
S31508044B88B84B04080400000008000000E04B0408B9
S31508044B98D84B040812071307010000006400000034
S31508044BA8FF7F00000000102700000000D44B04080B
S31508044BB8C2010000F401000094111508C61115086D
S31508044BC81180006C1080006C0280000C0320007CA5
S31508044BD83338000C2038003C0538000C0438000C1F
S31508044BE800000000000000006D3F02088167010804
S31508044BF8596701086D67010800400000FB000000BA
S31508044C0800800000FFFF000000000100000000000B
S31508044C18000002000400000000000400030000006D
S31508044C28000008000200000027020000B168010815
S31508044C38F84F0408884C04080D340108944D0408F0
S31508044C4826020000B1680108F84F0408C04C040895
S31508044C580D340108944D04080205400702000100B2
S31508044C68983A000000000000000000000000000058
S31508044C780000000000000000000000000000E8032F
S31508044C8800013C0004000000AC4C040805000000C0
S31508044C98A44C0408020000000200010003000400F2
S31508044CA801000200FFFFEF00010018010200990045
S31508044CB80300640004004B0000013C0004000000E3
S31508044CC8F44C040805000000DC4C0408060000003F
S31508044CD802000100FFFFFFFF0000000004000400B3
S31508044CE8030003000200020001000100FFFFEF00B1
S31508044CF80100180102009900030064000400460034
S31508044D08030232001C4D04080D000000444D040833
S31508044D1802000000FF0301FF000100000101000171
S31508044D280200030300020400000102010103010250
S31508044D3802030203030303020403000004055007DD
S31508044D4802000100983A0000000000000000000074
S31508044D580000000000000000000000000000000039
S31508044D680000E8030505550702000100983A000003
S31508044D780000000000000000000000000000000019
S31508044D8800000000000000000000E8039C4D040829
S31508044D980900000000500408A9680108784E0408A8
S31508044DA800500408A9680108404E0408005004087D
S31508044DB8A9680108084E0408083E0408A9680108F1
S31508044DC8BC4F0408083E0408A9680108844F040867
S31508044DD8083E0408A96801084C4F0408103E04084C
S31508044DE8A9680108184F0408103E0408A9680108A8
S31508044DF8E44E0408103E0408A9680108B04E0408DD
S31508044E0803000000144E04080B00000000001404F4
S31508044E180A00F3041400F9051E00FE062800B8075C
S31508044E28320005093C00BB0A4600710C5000280EDE
S31508044E385A00DE0F64009411020000004C4E040860
S31508044E480B000000000060020A00390314000F046E
S31508044E581E00C2042800520532002C063C003907F5
S31508044E6846004508500052095A005D0A64006B0B4F
S31508044E7801000000844E04080B0000000000BD0071
S31508044E880A002601140098011E004C022800920202
S31508044E983200F6023C008F03460028045000C20478
S31508044EA85A005C056400F50503000000BC4E0408B6
S31508044EB80A00000000008A020A0020031400E80316
S31508044EC81E001E0528004006320008073C00340860
S31508044ED84600DE0850006009640060090200000004
S31508044EE8F04E04080A000000000047010A00CD0134
S31508044EF8140084021E004D032800FB033200A8048C
S31508044F083C0038054600AB0550001506640015062E
S31508044F1801000000244F04080A000000000081006C
S31508044F280A00F300140049011E00B00128000D0206
S31508044F38320069023C00AC024600F8025000340309
S31508044F486400340303000000584F04080B000000EB
S31508044F58000070030A003004140002051E00EB055D
S31508044F682800DC06320094073C00910846005D09CF
S31508044F7850003A0A5A002A0B64005A0C0200000028
S31508044F88904F04080B00000000002E020A00C9020C
S31508044F98140046031E00DC03280064043200EE04E9
S31508044FA83C00790546000A06500099065A004D073A
S31508044FB86400210801000000C84F04080B0000001B
S31508044FC80000D6000A0051011400C3011E003D0260
S31508044FD82800AA02320020033C0074034600C303CF
S31508044FE850001F045A007204640099040000000063
S31508044FF8FFFFFFFFFFFFFFFF924742EBDFE30100D6
S315080450081C03DC056F03AA05CA0378052E0446059E
S315080450189D0414051705E2049B05B0042B067E04B3
S31508045028C6064C046C071A041C08E803D608B60313
S31508045038970984035E0A5203270B2003F10BEE0231
S31508045048BA0CBC027D0D8A02380E5802E90E2602ED
S315080450588E0FF4012510C201AD10900127115E01C7
S3150804506891112C01EC11FA003B12C8007D12960026
S31508045078B4126400E1123200061300002413CEFFAA
S315080450883B139CFF4E136AFF5D1338FF681306FF2C
S315080450987013D4FE7713A2FE7C1370FE00C00100B9
S315080450A8FB00000000800100FFFF0000004001002B
S315080450B80000000000000000040000000080000052
S315080450C80200000000400000010000006F0F0C10E9
S315080450D8FB000D0BFF0BFFFFC307B80800002E05DE
S315080450E8FC0504001E03AD0302006901B1010100B1
S315080450F80198000C88510408780000000300000091
S31508045108780000008C510408050000000600000019
S3150804511888510408180000000300000078000000FD
S315080451288C5104080500000006000000885104088C
S315080451381200000003000000780000008C510408DF
S31508045148050000000600000088510408060000004F
S3150804515803000000780000008C51040805000000CC
S315080451680600000088510408030000000300000034
S31508045178780000008C5104080500000006000000A9
S315080451880228000C0520006CC9000000FD69010806
S31508045198F84F0408D05104080D34010800520408CD
S315080451A8C8000000B16A0108F84F0408D051040879
S315080451B80D34010800520408010105070600000019
S315080451C8085504080300000000073C000400000012
S315080451D8EC51040805000000000000000000000067
S315080451E802000100FFFFCA000100F800020094004B
S315080451F80300640004004B00085204080A0000006F
S3150804520800500408A968010834540408005004081E
S31508045218A9680108FC53040800500408A968010889
S31508045228C4530408083E0408A9680108F052040887
S31508045238083E0408A9680108B8520408083E040880
S31508045248A968010880520408103E0408A9680108D8
S3150804525890530408103E0408A96801085C53040816
S31508045268103E0408A968010828530408F84F0408D6
S31508045278F569010864560408030000008C520408FA
S315080452880B000000000070030A003004140002052D
S315080452981E00EB052800DC06320094073C0091083A
S315080452A846005D0950003A0A5A002A0B64005A0C4B
S315080452B802000000C45204080B000000000044025F
S315080452C80A00E602140068031E000404280092046F
S315080452D8320021053C00B105460049065000DD06A2
S315080452E85A0099076400760801000000FC5204086D
S315080452F80B0000000000FF000A00910114001902BF
S315080453081E00AA0228002C033200B8033C001C0419
S3150804531846007A045000E7045A004A0564007805EA
S3150804532803000000345304080A00000000008A0237
S315080453380A0020031400E8031E001E052800400678
S31508045348320008073C0034084600DE0850006009A5
S315080453586400600902000000685304080A00000093
S31508045368000047010A00CE01140085021E004E03F8
S315080453782800FB033200A8043C0038054600AC059F
S315080453885000160664001606010000009C5304081B
S315080453980A00000000008E000A000A0114006801C9
S315080453A81E00D90128003E023200A3023C00ED0281
S315080453B846003F035000800364008003030000008E
S315080453C8D05304080B0000000000B7040A0072054D
S315080453D81400F9051E00FE062800B8073200050958
S315080453E83C00BB0A4600AC0D5000A00F5A009411A5
S315080453F86400881302000000085404080B0000001F
S31508045408000004030A00AF03140045041E00CC0474
S315080454182800890532005A063C00830746003D09D8
S3150804542850008F0A5A00E10B6400320D010000008F
S31508045438405404080B000000000086010A00E50130
S31508045448140032021E00BC0228000F03320085032A
S315080454583C003C0446008405500050065A001907C7
S315080454686400E0072507DC05A507AA052A087805C0
S31508045478B608460547091405DC09E204760AB004A1
S31508045488110B7E04AE0B4C044B0C1A04E70CE80308
S31508045498800DB603150E8403A40E52032D0F20039C
S315080454A8AF0FEE022810BC0298108A02FE105802A2
S315080454B85B112602AF11F401F911C2013A129001DF
S315080454C873125E01A4122C01CE12FA00F212C80055
S315080454D810139600281364003D1332004D13000078
S315080454E85B13CEFF66139CFF6E136AFF751338FFAA
S315080454F87A1306FF7E13D4FE8113A2FE831370FE65
S3150804550805045007020001006C6B00000000000047
S315080455180000000000000000000000000000000071
S31508045528000000000000E80304045507020001000F
S315080455386C6B00000000000000000000000000007A
S315080455480000000000000000000000000000E80356
S3150804555802046007020001006C6B000000000000EA
S315080455680000000000000000000000000000000021
S31508045578000000000000E8030104400702000100D7
S315080455881455000000000000000000000000000098
S315080455980000000000000000000000000000E80306
S315080455A80101562702000100DE3A00000000000047
S315080455B800000000000000000000000000000000D1
S315080455C8000000000000E803590169039E013D0331
S315080455D8E301EE022802C4026D029B02B8027202B3
S315080455E8F60250023B032E0287032202CC03FE016D
S315080455F80A04B4014F04880194044E01D90402012B
S315080456081E05B400630514000001450702000100DD
S315080456180C120000881300004D0100000000000069
S31508045628000000000000000000000000010000005F
S31508045638945604082C01DC0574560408000013045F
S31508045648D05504081000000000009A014600D80442
S315080456586400D80401000200030004005C56040828
S31508045668040000005056040803000000A150106CFA
S31508045678A350106CA550106CA750106CA950106C48
S31508045688AB50106CAD50106CAF50106CA050106C29
S31508045698A250106CA450106CA650106CA850106C2C
S315080456A8AA50106CAC50106CAE50106CCD000000AB
S315080456B8656B010800500408245704080D340108CA
S315080456C89C570408CC0000008D6D01080050040896
S315080456D8245704080D3401089C570408CB00000015
S315080456E8D56C0108005004086C5704080D340108E1
S315080456F89C570408CA0000001D6C010800500408D9
S315080457086C5704080D3401089C5704080101010064
S3150804571802030000985804080200000000013C002F
S3150804572802000000585704080500000040570408FA
S315080457380600000002000100FFFFFFFF000000004A
S31508045748040004000300030002000200010001002B
S31508045758FFFFCA000100F800020094000300640071
S3150804576804004B0000013C000200000088570408A6
S315080457780500000000000000000000000200010007
S31508045788FFFFE80001001C0102009B0003006400F7
S3150804579804004500A457040804000000005004083F
S315080457A8A96801084458040800500408A9680108A7
S315080457B80C58040800500408A9680108D4570408B2
S315080457C8F84F0408F569010864560408030000003C
S315080457D8E05704080B0000000000B7040A00720525
S315080457E81400F9051E00FE062800B8073200050944
S315080457F83C00BB0A4600AC0D5000A00F5A00941191
S315080458086400881302000000185804080B000000F6
S315080458180000E1020A008403140013041E00940419
S3150804582828004905320010063C002C074600D20811
S315080458385000150A5A00570B64009A0C0100000018
S31508045848505804080B000000000054010A00A70178
S315080458581400EA011E0063022800AC02320013038E
S315080458683C00B2034600D104500083055A003306A7
S315080458786400E106F4010000B80B0000C800000043
S315080458880A000000DC0500000A0000000000000009
S3150804589805045007020001006C6B000000000000B4
S315080458A800000000000000000000000000000000DE
S315080458B8000000000000E80304045507020001007C
S315080458C86C6B0000000000000000000000000000E7
S315080458D80000000000000000000000000000E803C3
S315080458E80104400702000100DC370000000000003C
S315080458F8000000000000000000000000000000008E
S31508045908000000000000E803010156270200010010
S3150804591896050000000000000000000000000000D2
S3150804592808000100E8030100000000000000E8037D
S31508045938CF000000456E0108005004087859040889
S315080459480D340108AC590408CE000000FD6E0108A0
S3150804595800500408785904080D340108AC59040899
S315080459680101010002030000985804080200000017
S3150804597800013C00020000009859040805000000CC
S3150804598894590408010000000200010003000400F9
S31508045998FFFFC8000100F00002009300030064003A
S315080459A804004300B459040804000000005004081D
S315080459B8A9680108545A040800500408A968010883
S315080459C81C5A040800500408A9680108E45904087C
S315080459D8F84F0408F569010864560408030000002A
S315080459E8F05904080B0000000000B7040A00720501
S315080459F81400F9051E00FE062800B8073200050932
S31508045A083C00BB0A4600AC0D5000A00F5A0094117E
S31508045A186400881302000000285A04080B000000D2
S31508045A28000009030A00B50314004C041E00D40434
S31508045A3828009305320065063C00900746004D0980
S31508045A485000A10A5A00F50B6400490D010000002C
S31508045A58605A04080B000000000093010A00F501C7
S31508045A68140044021E00D302280029033200A303A3
S31508045A783C0060044600B305500086065A005607DB
S31508045A8864002308D3000000B56F0108F84F04081A
S31508045A98FC5A04080D340108685B0408D20000009F
S31508045AA8D9710108F84F0408FC5A04080D3401088A
S31508045AB8685B0408D100000021710108F84F04083E
S31508045AC8305B04080D340108685B0408D00000003C
S31508045AD869700108F84F0408305B04080D34010896
S31508045AE8685B040801010507060000000855040850
S31508045AF80300000002043C0004000000545B040888
S31508045B0805000000185B04080600000002000100EE
S31508045B18FFFFFFFF00000000040004000300030061
S31508045B28020002000100010000073C00040000000E
S31508045B38545B0408050000004C5B040802000000D6
S31508045B48020001000300040001000200FFFFDA0056
S31508045B5801000E0102009A000300640004004700CD
S31508045B68705B04080A00000000500408A9680108C4
S31508045B789C5D040800500408A9680108645D0408C3
S31508045B8800500408A96801082C5D0408083E04089E
S31508045B98A9680108585C0408083E0408A9680108A5
S31508045BA8205C0408083E0408A9680108E85B040898
S31508045BB8103E0408A9680108F85C0408103E04089D
S31508045BC8A9680108C45C0408103E0408A968010801
S31508045BD8905C0408F84F0408F56901086456040833
S31508045BE803000000F45B04080B00000000007003BF
S31508045BF80A003004140002051E00EB052800DC061A
S31508045C08320094073C00910846005D0950003A0A98
S31508045C185A002A0B64005A0C020000002C5C04087B
S31508045C280B00000000002E020A00C90214004603ED
S31508045C381E00DC03280064043200EE043C007905DF
S31508045C4846000A06500099065A004D0764002108BA
S31508045C5801000000645C04080B0000000000EA0068
S31508045C680A0070011400ED011E0072022800EA02F7
S31508045C7832006A033C00C60346001D04500081042A
S31508045C885A00DB0464000605030000009C5C04084B
S31508045C980A00000000008A020A0020031400E80328
S31508045CA81E001E0528004006320008073C00340872
S31508045CB84600DE0850006009640060090200000016
S31508045CC8D05C04080A000000000047010A00CE0157
S31508045CD8140085021E004E032800FB033200A8049C
S31508045CE83C0038054600AC0550001606640016063E
S31508045CF801000000045D04080A00000000008E0084
S31508045D080A000A01140068011E00D90128003E0287
S31508045D183200A3023C00ED0246003F03500080030C
S31508045D286400800303000000385D04080B000000C3
S31508045D380000B7040A0072051400F9051E00FE06D9
S31508045D482800B807320005093C00BB0A4600AC0D12
S31508045D585000A00F5A00941164008813020000002A
S31508045D68705D04080B0000000000E6020A008A03B6
S31508045D7814001A041E009C042800520532001A0648
S31508045D883C0038074600E1085000250A5A006A0B01
S31508045D986400AF0C01000000A85D04080B000000AD
S31508045DA8000066010A00BD01140004021E008302ED
S31508045DB82800CF0232003C033C00E40346001105E0
S31508045DC85000CC055A00850664003C0700400200CA
S31508045DD80000000000C00000FFFF00000080020069
S31508045DE800000000008001000400000000C0030051
S31508045DF80300000000400100020000000000030040
S31508045E080100000000000000020000000000010074
S31508045E180300000000800000000000000080010064
S31508045E2804000000004000000100000000C0000053
S31508045E38FFFF000000000000020000000000100038
S31508045E480300000000000800000000000000180015
S31508045E5804000000000004000100000000000C0013
S31508045E68FFFF0000145F04081F0000001F0000005D
S31508045E781F000000000000000500000006000000DE
S31508045E88D84A040827000000270000002700000055
S31508045E98000000000500000006000000D84A0408AF
S31508045EA8190000001900000019000000000000008D
S31508045EB805000000060000008851040828000000B0
S31508045EC82800000028000000000000000500000063
S31508045ED806000000885104081F0000001F0000007F
S31508045EE81F0000000000000005000000060000006E
S31508045EF8885104081E0000001E0000001E00000049
S31508045F080000000005000000060000001A38000C0E
S31508045F181B38000C1C38000C1D38000C1E38000CE5
S31508045F281F38000C6E00000099740108F84F04081D
S31508045F38BC5F04080D3401081461040867000000EE
S31508045F487D740108F84F0408F45F040865340108E9
S31508045F58A45F0408660000007D740108F84F040865
S31508045F68D85F04080D3401081461040865000000A4
S31508045F7869740108F84F0408F45F040865340108CD
S31508045F88A45F04086400000069740108F84F04084B
S31508045F98D85F04080D34010814610408AC5F0408C2
S31508045FA8020000000D34010814610408912D010843
S31508045FB82860040801033C00030000001460040870
S31508045FC80500000010600408010000000200010032
S31508045FD801033C00030000001460040805000000DF
S31508045FE810600408010000000200010002043C00D5
S31508045FF80300000014600408050000001060040883
S31508046008010000000200010001000200FFFFCA00A7
S31508046018010032010200A3000300640004004600DC
S31508046028F43C04083C4404083B0100000001450705
S31508046038020001000C120000DC050000DC01000067
S315080460480000000000000000000000000000000036
S3150804605801000000945604089A01D80474560408E2
S315080460680000E80374600408100000009A01E803B5
S31508046078E301B6032D02840377025203B702200309
S31508046088EF02EE022F03BC0267038A029E03580234
S31508046098C3032602F103F4014404900185042C0180
S315080460A8B304C800C5046400D80400000303030243
S315080460B80001000080630408020000000101562755
S315080460C802000100F82A0000000000000000000091
S315080460D800000000000000000000000000000000A6
S315080460E8000026040304400702000100F0550000D6
S315080460F80000000000000000000000000000000086
S3150804610800000000000000000000E8031C61040801
S315080461180A00000000500408A96801080462040873
S3150804612800500408A9680108CC610408005004084A
S31508046138A968010894610408083E0408A9680108BE
S3150804614848630408083E0408A96801081063040893
S31508046158083E0408A9680108D8620408103E040819
S31508046168A9680108A4620408103E0408A968010875
S3150804617870620408103E0408A96801083C62040809
S31508046188F84F0408F5690108E463040803000000E5
S31508046198A06104080B0000000000B7040A00720591
S315080461A81400F9051E00FE062800B807320005097A
S315080461B83C00BB0A4600AC0D5000A00F5A009411C7
S315080461C86400881302000000D86104080B00000064
S315080461D80000BD020A0058031400E0031E005B040D
S315080461E8280007053200C4053C00D20646006308A1
S315080461F8500096095A00C90A6400FB0B01000000FE
S31508046208106204080B00000000003C010A0089011A
S315080462181400C7011E00370228007B023200DA027E
S315080462283C006E034600780450001D055A00C10553
S315080462386400620603000000486204080A000000B5
S3150804624800008A020A0020031400E8031E001E053B
S3150804625828004006320008073C0034084600DE08D1
S315080462685000600964006009020000007C620408A2
S315080462780A000000000035010A00B401140061028E
S315080462881E001F032800C303320066043C00EE04FC
S3150804629846005B055000BF056400BF050100000001
S315080462A8B06204080A00000000007D000A00EA003B
S315080462B814003D011E00A1012800FA013200530208
S315080462C83C0094024600DD025000160364001603D7
S315080462D803000000E46204080B00000000007003D1
S315080462E80A003004140002051E00EB052800DC0623
S315080462F8320094073C00910846005D0950003A0AA2
S315080463085A002A0B64005A0C020000001C6304088D
S315080463180B00000000000F020A00A202140017036B
S315080463281E00A503280026043200A8043C002B05F1
S315080463384600B50550003C065A00E6066400AE0752
S3150804634801000000546304080B0000000000CF0095
S315080463580A0045011400B3011E0029022800920206
S31508046368320003033C0054034600A1035000F90312
S315080463785A00490464006F04050450070200010022
S31508046388885E00000000000000000000000000000D
S315080463980000000000000000000000000000E803F8
S315080463A80404550702000100885E00000000000086
S315080463B800000000000000000000000000000000C3
S315080463C8000000000000E80300009A014600D8040B
S315080463D86400D8040100020003000400DC6304080E
S315080463E804000000D0630408030000004000D00736
S315080463F852006C076A0008078800A406AE0040061F
S31508046408E200DC051C01780567011405C901B00416
S3150804641849024C04F102E803CB038403E00420038D
S315080464283806BC02D3075802A709F401970B90014A
S315080464387D0D2C01310FC80097106400A6110000C1
S3150804644863129CFFDE1238FF2A13D4FE571370FE14
S3150804645878000000B5740108F84F04087064040845
S315080464680D3401083465040801033C0002000000E1
S3150804647890640408050000008C6404080100000000
S315080464880200010001000200FFFFCA000100F8002B
S31508046498020094000300640004004B000001450749
S315080464A8020001000C120000DC050000DC010000F3
S315080464B800000000000000000000000000000000C2
S315080464C801000000945604089A01D804745604086E
S315080464D80000E803E4640408100000009A01E803CD
S315080464E8E301B6032D02840377025203B702200395
S315080464F8EF02EE022F03BC0267038A029E035802C0
S31508046508C3032602F103F4014404900185042C010B
S31508046518B304C800C5046400D804000001010100D6
S315080465280203000080630408020000003C650408AE
S315080465380A00000000500408A968010868670408E6
S3150804654800500408A96801083067040800500408BC
S31508046558A9680108F8660408083E0408A968010831
S3150804656824660408083E0408A9680108EC650408B2
S31508046578083E0408A9680108B4650408103E040816
S31508046588A9680108C4660408103E0408A96801082D
S3150804659890660408103E0408A96801085C6604089D
S315080465A8F84F0408F5690108E463040803000000C1
S315080465B8C06504080B000000000070030A003004D4
S315080465C8140002051E00EB052800DC0632009407B1
S315080465D83C00910846005D0950003A0A5A002A0BFD
S315080465E864005A0C02000000F86504080B00000051
S315080465F8000044020A00E602140068031E000404A4
S3150804660828009204320021053C00B10546004906D3
S315080466185000DD065A009907640076080100000050
S31508046628306604080B0000000000FF000A00910108
S31508046638140019021E00AA0228002C033200B80303
S315080466483C001C0446007A045000E7045A004A052C
S315080466586400780503000000686604080A00000058
S3150804666800008A020A0020031400E8031E001E0517
S3150804667828004006320008073C0034084600DE08AD
S315080466885000600964006009020000009C6604085A
S315080466980A000000000054010A00E00114009E02E2
S315080466A81E007003280024043200D8043C006E0532
S315080466B84600E60550005406640054060100000026
S315080466C8D06604080A00000000009A000A0021019E
S315080466D8140087011E000202280071023200DE0235
S315080466E83C002E03460088035000CF036400CF03FA
S315080466F803000000046704080B0000000000B70440
S315080467080A0072051400F9051E00FE062800B807D3
S31508046718320005093C00BB0A4600AC0D5000A00F20
S315080467285A00941164008813020000003C670408A0
S315080467380B000000000004030A00AF031400450414
S315080467481E00CC042800890532005A063C00830733
S3150804675846003D0950008F0A5A00E10B6400320DC1
S3150804676801000000746704080B0000000000860195
S315080467780A00E501140032021E00BC0228000F03B1
S31508046788320085033C003C04460084055000500644
S315080467985A0019076400E007020156270200010097
S315080467A8522E00000000000000000000000000004F
S315080467B80000000000000000000000000000D903E3
S315080467C8830000004176010800500408D8680408C4
S315080467D80D34010888680408820000002D7601082B
S315080467E800500408D86804080D34010888680408A1
S315080467F800014507020001000C120000DC05000030
S31508046808DC01000000000000000000000000000091
S315080468180000000001000000945604089A01D804F0
S31508046828745604080000E8033868040810000000D1
S315080468389A01E803E301B6032D0284037702520397
S31508046848B7022003EF02EE022F03BC0267038A028B
S315080468589E035802C3032602F103F4014404900173
S3150804686885042C01B304C800C5046400D8040000D0
S315080468780303030200010000806304080200000001
S31508046888906804080500000000500408A96801086F
S315080468987C69040800500408A968010844690408BE
S315080468A800500408A96801080C690408F84F040884
S315080468B8F5690108E4630408F84F0408912D0108EA
S315080468C8CC680408F43C04083C440408280100007D
S315080468D802043C0003000000F868040805000000E8
S315080468E8F46804080100000002000100010002001F
S315080468F8FFFF24010100240102009D00030064002F
S315080469080400470003000000186904080B00000087
S315080469180000B7040A0072051400F9051E00FE06ED
S315080469282800B807320005093C00BB0A4600AC0D26
S315080469385000A00F5A00941164008813020000003E
S31508046948506904080B0000000000D7020A007903FE
S31508046958140006041E008504280038053200FC05C0
S315080469683C0015074600B5085000F4095A00320BCE
S315080469786400710C01000000886904080B00000013
S3150804698800004B010A009C011400DD011E00530295
S31508046998280099023200FD023C0099034600AF0418
S315080469A850005C055A0007066400B006030156271A
S315080469B802000100F82A0000000000000000000098
S315080469C800000000000000000000000000000000AD
S315080469D8000026048D0000002177010800500408E9
S315080469E8EC6A04080D3401089C6A04088C00000043
S315080469F80D77010800500408EC6A04080D340108E8
S31508046A089C6A040800014507020001000C120000EC
S31508046A18DC050000DC01000000000000000000009E
S31508046A280000000000000000010000009456040855
S31508046A389A01D804745604080000E8034C6A040842
S31508046A48100000009A01E803E301B6032D02840343
S31508046A5877025203B7022003EF02EE022F03BC02A1
S31508046A6867038A029E035802C3032602F103F40144
S31508046A784404900185042C01B304C800C5046400C1
S31508046A88D804000001010100020300008063040819
S31508046A9802000000A46A040805000000005004085F
S31508046AA8A9680108906B040800500408A968010835
S31508046AB8586B040800500408A9680108206B0408E0
S31508046AC8F84F0408F5690108E4630408F84F04084C
S31508046AD8912D0108E06A0408F43C04083C440408B7
S31508046AE87301000002043C00020000000C6B040851
S31508046AF805000000086B04080100000002000100F4
S31508046B0801000200FFFFD000010028010200A300CB
S31508046B180300640004004400030000002C6B040806
S31508046B280B0000000000B7040A0072051400F905F2
S31508046B381E00FE062800B807320005093C00BB0AF1
S31508046B484600AC0D5000A00F5A009411640088132F
S31508046B5802000000646B04080B0000000000BD0274
S31508046B680A0058031400E0031E005B0428000705FE
S31508046B783200C4053C00D20646006308500096094C
S31508046B885A00C90A6400FB0B010000009C6B040840
S31508046B980B000000000047010A0096011400D701FB
S31508046BA81E004A02280090023200F3023C008C03B5
S31508046BB846009F0450004A055A00F20564009906DF
S31508046BC800400000FB00000000800000FFFF0000F2
S31508046BD80000010000000000000002000400000094
S31508046BE8000004000200000000000800010000007C
S31508046BF890010000C1770108F84F04085C6D040881
S31508046C080D340108946D0408885104081500000019
S31508046C18150000001500000000000000050000002B
S31508046C280600000003030302000500003C6C040880
S31508046C38030000000505500702000100EC77000070
S31508046C48000000000000000000000000000000002A
S31508046C5800000000000000000000E80304055507CA
S31508046C6802000100EC7700000000000000000000A4
S31508046C7800000000000000000000000000000000FA
S31508046C880000E8030205600702000100EC7700002B
S31508046C9800000000000000000000000000000000DA
S31508046CA800000000000000000000E8030002450791
S31508046CB802000100C21A00000000000000000000DB
S31508046CC8F4010000120001000000000000000000A2
S31508046CD85203000094560408EA012404947004082C
S31508046CE82800EE02F46C040810000000F401EE0211
S31508046CF80D02BC0244028A02580258027602260287
S31508046D088A02F401A802C201B7029001C6025E010A
S31508046D18E4022C012003FA003403C800520396003F
S31508046D286603640084033200B6032D00010556275A
S31508046D38020001001C3E00000000000000000000DC
S31508046D480000000000000000000000000000000029
S31508046D580000E80300013C0003000000806D0408F5
S31508046D6805000000786D040802000000020001000E
S31508046D78FFFFFFFF03000400FFFFE40001001601FC
S31508046D8802009A0003006400040045009C6D040888
S31508046D980A00000000500408A9680108C86F040816
S31508046DA800500408A9680108906F040800500408EC
S31508046DB8A9680108586F0408083E0408A968010860
S31508046DC8846E0408083E0408A96801084C6E040879
S31508046DD8083E0408A9680108146E0408103E040845
S31508046DE8A9680108246F0408103E0408A96801085C
S31508046DF8F06E0408103E0408A9680108BC6E040865
S31508046E08F84F0408F569010800700408030000002F
S31508046E18206E04080B000000000070030A00300402
S31508046E28140002051E00EB052800DC063200940748
S31508046E383C00910846005D0950003A0A5A002A0B94
S31508046E4864005A0C02000000586E04080B0000007F
S31508046E5800002E020A00C902140046031E00DC03B9
S31508046E68280064043200EE043C00790546000A0644
S31508046E78500099065A004D076400210801000000CD
S31508046E88906E04080B0000000000E3000A0066017F
S31508046E981400DF011E0060022800D40232005103E0
S31508046EA83C00AA034600FE0350005F045A00B804CF
S31508046EB86400E10403000000C86E04080A00000020
S31508046EC800008A020A0020031400E8031E001E05AF
S31508046ED828004006320008073C0034084600DE0845
S31508046EE8500060096400600902000000FC6E04088A
S31508046EF80A000000000035010A00B4011400610202
S31508046F081E001F032800C303320066043C00EE046F
S31508046F1846005B055000BF056400BF050100000074
S31508046F28306F04080A00000000007D000A00EA0021
S31508046F3814003D011E00A1012800FA01320053027B
S31508046F483C0094024600DD0250001603640016034A
S31508046F5803000000646F04080B0000000000140412
S31508046F680A00F3041400F9051E00FE062800B807EB
S31508046F78320005093C00BB0A4600710C5000280E6D
S31508046F885A00DE0F64009411020000009C6F04087E
S31508046F980B000000000079020A005B031400390498
S31508046FA81E00F3042800890532006C063C004C07C9
S31508046FB846002B0850000A095A00E9096400C90A58
S31508046FC801000000D46F04080B0000000000E1006B
S31508046FD80A005E0114000A021E00BC0228000F03F8
S31508046FE8320085033C00F703460069045000DB04B5
S31508046FF85A004D056400BE05247004080400000000
S3150804700810700408050000000000EA013C0040036B
S315080470184600EB035000240464002404010002001B
S31508047028030004006A0146058C011405C201E2043A
S31508047038EF01B0043F027E0479024C04BD021A0427
S315080470486B03E803D503B60364048403E404520310
S3150804705869052003F105EE029406BC024B078A0269
S31508047068FF075802CD082602B709F4017D0AC201AA
S31508047078260B9001530B7C016D0B72018F0B6D0166
S31508047088EF0DC4002A101600941125FFB150106C90
S31508047098B350106CB550106CB750106CB950106CCE
S315080470A8BB50106CBD50106CBF50106C000000002B
S315080470B800000000A3780108B3780108000000005E
S315080470C800000000D57801088F0D010800000000AB
S315080470D800000000A7780108B7780108AF78010806
S315080470E84260006C2260006C00000000000000008A
S315080470F86D3F020859790108E1780108F57801080D
S315080471080000000000000000D9790108097A01087E
S31508047118D1790108107104080490046C0040000031
S31508047128FB00000000800000FFFF000000000100CB
S31508047138000000000000020004000000000004002B
S31508047148020000000000080001000000000000001A
S31508047158000000006D3F0208057B0108CD7A010886
S31508047168F17A010800000000000000006D3F0208DB
S31508047178ED7E0108658001089180010820370B6CAB
S3150804718821370B6C22370B6C23370B6C24370B6CA3
S3150804719825370B6C26370B6C27370B6CFFFF020059
S315080471A803000400000080026400DC0086018002F3
S315080471B81F04DC00FD010000A5800108F84F040837
S315080471C8687304080D340108A0730408030232001E
S315080471D8E87104080D000000107204080400000091
S315080471E8FF0301FF00010000010100010200030377
S315080471F8000204000001020101030D02020302034E
S3150804720807030302040300000405500702000100EB
S31508047218983A000000000000000000000000000082
S315080472280000000000000000000000000000E80359
S315080472380505550702000100983A000000000000F9
S315080472480000000000000000000000000000000024
S31508047258000000000000E8030605600702000100B4
S31508047268983A000000000000000000000000000032
S315080472780000000000000000000000000000E80309
S315080472880705650702000100983A00000000000097
S3150804729800000000000000000000000000000000D4
S315080472A8000000000000E8030E0000000A001E00A3
S315080472B828003C004600500064006400640064002A
S315080472C8AC710408020000000302850702000100E5
S315080472D8901A0000B80B0000140000000000000013
S315080472E8300001000000000000000000C80000008B
S315080472F8A4710408040000000002450702000100FE
S3150804730888130000B80B00001400000000000000F1
S315080473183000010000000000000000000000000022
S315080473289456040886011F04745604080000E803E2
S31508047338B47104080200000002025627020001007C
S315080473488813000000000000000000000000000088
S315080473583000010000000000000000000000EE02F2
S3150804736800013C00040000008C73040805000000B2
S3150804737884730408020000000200010003000400E4
S3150804738801000200FFFFEF0001001801020099003E
S315080473980300640004004700A873040804000000F6
S315080473A8F84F0408A968010848740408F84F04083B
S315080473B8A968010810740408F84F0408A96801089C
S315080473C8D8730408F84F0408F56901088074040892
S315080473D803000000E47304080B000000000014040A
S315080473E80A00F3041400F9051E00FE062800B80767
S315080473F8320005093C00BB0A4600710C5000280EE9
S315080474085A00DE0F64009411020000001C74040874
S315080474180B000000000060020A00390314000F0478
S315080474281E00C2042800520532002C063C003907FF
S3150804743846004508500052095A005D0A64006B0B59
S3150804744801000000547404080B0000000000BD0085
S315080474580A002601140098011E004C02280092020C
S315080474683200F6023C008F03460028045000C20482
S315080474785A005C056400F505A874040804000000AD
S315080474889074040806000000000086013C001503F1
S315080474984600DC0350001F045A001F0464001F0436
S315080474A80100020003000400BE01DC05E801AA0580
S315080474B8180278054D02460587021405C902E2042E
S315080474C81103B00462037E04BC034C041E041A04A4
S315080474D88C04E8030405B6038805840317065203CF
S315080474E8B30620035A07EE020D08BC02CA088A0224
S315080474F88F0958025C0A26022C0BF401FE0BC201FA
S31508047508CE0C90019A0D5E015C0E2C01140FFA003C
S31508047518BE0FC8005A109600E51064005F113200C1
S31508047528C91100002312CEFF6F129CFFAD126AFF21
S31508047538E01238FF091306FF2913D4FE4213A2FEE4
S315080475484C1370FEF6010000D1810108F84F0408AF
S31508047558647504080D3401089C75040800013C0088
S3150804756804000000887504080500000080750408EE
S3150804757802000000020001000300040001000200E2
S31508047588FFFFEF00010018010200990003006400D8
S3150804759804004700A47504080A00000000500408FB
S315080475A8A96801088C76040800500408A968010823
S315080475B85476040800500408A96801081C760408C7
S315080475C8083E0408A9680108D0770408083E040890
S315080475D8A968010898770408083E0408A9680108F0
S315080475E860770408103E0408A96801082C7704087B
S315080475F8103E0408A9680108F8760408103E040829
S31508047608A9680108C4760408F84F0408F569010846
S31508047618987D040803000000287604080B00000077
S31508047628000014040A00F3041400F9051E00FE06F3
S315080476382800B807320005093C00BB0A4600710C45
S315080476485000280E5A00DE0F640094110200000048
S31508047658607604080B000000000060020A0039037B
S3150804766814000F041E00C2042800520532002C0612
S315080476783C00390746004508500052095A005D0A75
S3150804768864006B0B01000000987604080B000000E0
S315080476980000BD000A002601140098011E004C02C9
S315080476A8280092023200F6023C008F03460028049A
S315080476B85000C2045A005C056400F505030000007E
S315080476C8D07604080A00000000008A020A0020038B
S315080476D81400E8031E001E052800400632000807A1
S315080476E83C0034084600DE08500060096400600956
S315080476F802000000047704080A0000000000470195
S315080477080A00CD01140084021E004D032800FB0359
S315080477183200A8043C0038054600AB055000150697
S315080477286400150601000000387704080A000000FA
S31508047738000081000A00F300140049011E00B00184
S3150804774828000D02320069023C00AC024600F80221
S315080477585000340364003403030000006C770408FB
S315080477680B000000000070030A0030041400020528
S315080477781E00EB052800DC06320094073C00910835
S3150804778846005D0950003A0A5A002A0B64005A0C46
S3150804779802000000A47704080B00000000002E026B
S315080477A80A00C902140046031E00DC032800640400
S315080477B83200EE043C00790546000A06500099068C
S315080477C85A004D076400210801000000DC77040804
S315080477D80B0000000000D6000A0051011400C3017A
S315080477E81E003D022800AA02320020033C00740346
S315080477F84600C30350001F045A007204640099041F
S31508047808F7010000D1810108F84F0408A078040894
S315080478180D34010820780408287804080A000000AA
S3150804782800500408A968010848790408005004089F
S31508047838A96801081079040800500408A968010809
S31508047848D8780408083E0408A96801088C7A040844
S31508047858083E0408A9680108547A0408083E040876
S31508047868A96801081C7A0408103E0408A9680108CE
S31508047878E8790408103E0408A9680108B4790408D4
S31508047888103E0408A968010880790408F84F040812
S31508047898F5690108987D040800013C000400000005
S315080478A8C478040805000000BC780408020000002F
S315080478B8020001000300040001000200FFFFBC00E7
S315080478C80100FD0002009900030064000400470053
S315080478D803000000E47804080B0000000000140400
S315080478E80A00F3041400F9051E00FE062800B80762
S315080478F8320005093C00BB0A4600710C5000280EE4
S315080479085A00DE0F64009411020000001C7904086A
S315080479180B000000000060020A00390314000F0473
S315080479281E00C2042800520532002C063C003907FA
S3150804793846004508500052095A005D0A64006B0B54
S3150804794801000000547904080B0000000000BD007B
S315080479580A002601140098011E004C022800920207
S315080479683200F6023C008F03460028045000C2047D
S315080479785A005C056400F505030000008C790408C0
S315080479880A00000000008A020A0020031400E8031B
S315080479981E001E0528004006320008073C00340865
S315080479A84600DE0850006009640060090200000009
S315080479B8C07904080A000000000047010A00CD013E
S315080479C8140084021E004D032800FB033200A80491
S315080479D83C0038054600AB05500015066400150634
S315080479E801000000F47904080A0000000000810078
S315080479F80A00F300140049011E00B00128000D020C
S31508047A08320069023C00AC024600F802500034030E
S31508047A186400340303000000287A04080B000000F5
S31508047A28000070030A003004140002051E00EB0562
S31508047A382800DC06320094073C00910846005D09D4
S31508047A4850003A0A5A002A0B64005A0C020000002D
S31508047A58607A04080B00000000002E020A00C90216
S31508047A68140046031E00DC03280064043200EE04EE
S31508047A783C00790546000A06500099065A004D073F
S31508047A886400210801000000987A04080B00000025
S31508047A980000D6000A0051011400C3011E003D0265
S31508047AA82800AA02320020033C0074034600C303D4
S31508047AB850001F045A00720464009904F80100006F
S31508047AC8D1810108F84F0408DC7A04080D34010842
S31508047AD8147B040800013C0004000000007B040829
S31508047AE805000000F87A04080200000002000100F4
S31508047AF80300040001000200FFFF25010100180124
S31508047B08020099000300640004004B001C7B040867
S31508047B180A00000000500408A9680108047C04083F
S31508047B2800500408A9680108CC7B04080050040816
S31508047B38A9680108947B0408083E0408A96801088A
S31508047B48487D0408083E0408A9680108107D040845
S31508047B58083E0408A9680108D87C0408103E0408E5
S31508047B68A9680108A47C0408103E0408A968010841
S31508047B78707C0408103E0408A96801083C7C0408BB
S31508047B88F84F0408F5690108987D040803000000FD
S31508047B98A07B04080B000000000014040A00F30480
S31508047BA81400F9051E00FE062800B8073200050960
S31508047BB83C00BB0A4600710C5000280E5A00DE0F1A
S31508047BC86400941102000000D87B04080B00000026
S31508047BD8000060020A00390314000F041E00C204D8
S31508047BE82800520532002C063C0039074600450889
S31508047BF8500052095A005D0A64006B0B0100000024
S31508047C08107C04080B0000000000BD000A002601C9
S31508047C18140098011E004C02280092023200F6024B
S31508047C283C008F03460028045000C2045A005C0529
S31508047C386400F50503000000487C04080A000000EF
S31508047C4800008A020A0020031400E8031E001E0521
S31508047C5828004006320008073C0034084600DE08B7
S31508047C685000600964006009020000007C7C04086E
S31508047C780A000000000047010A00CD011400840226
S31508047C881E004D032800FB033200A8043C003805EF
S31508047C984600AB05500015066400150601000000E9
S31508047CA8B07C04080A000000000081000A00F300FA
S31508047CB8140049011E00B00128000D0232006902A9
S31508047CC83C00AC024600F80250003403640034034E
S31508047CD803000000E47C04080B000000000070039D
S31508047CE80A003004140002051E00EB052800DC0609
S31508047CF8320094073C00910846005D0950003A0A88
S31508047D085A002A0B64005A0C020000001C7D040859
S31508047D180B00000000002E020A00C90214004603DC
S31508047D281E00DC03280064043200EE043C007905CE
S31508047D3846000A06500099065A004D0764002108A9
S31508047D4801000000547D04080B0000000000D6005A
S31508047D580A0051011400C3011E003D022800AA02A4
S31508047D68320020033C0074034600C30350001F0472
S31508047D785A00720464009904860180021F04DC0010
S31508047D88FFFF020003000400000080026400DC0010
S31508047D98C07D040804000000A87D04080600000045
S31508047DA8000086013C0015034600DC0350001F0446
S31508047DB85A001F0464001F0401000200030004009B
S31508047DC8000245070200010088130000B80B0000EA
S31508047DD81400000000000000300001000000000044
S31508047DE800000000000000009456040886011F04D9
S31508047DF8745604080000E803807D0408020000009D
S31508047E080E0000000A001E0028003C004600500028
S31508047E186400640064006400907D0408020000009D
S31508047E280302850702000100901A0000B80B000037
S31508047E3814000000000000003000010000000000E3
S31508047E4800000000C8000000887D0408040000003B
S31508047E580205400702000100983A000000000000E5
S31508047E6800000000000000000000000000000000F8
S31508047E78000000000000E803020256270200010079
S31508047E88881300000000000000000000000000003D
S31508047E983000010000000000000000000000EE02A7
S31508047EA803023200BC7E04080D000000E47E0408C0
S31508047EB802000000FF0301FF0001000001010001A0
S31508047EC8020003030002040000010201010301027F
S31508047ED8020302030303030204030000040550070C
S31508047EE802000100983A00000000000000000000A3
S31508047EF80000000000000000000000000000000068
S31508047F080000E8030505550702000100983A000031
S31508047F180000000000000000000000000000000047
S31508047F2800000000000000000000E803000000004C
S31508047F3800000000938301088983010800000000F3
S31508047F48000000006D3F02086D3F020861830108BE
S31508047F587583010800000000000000000000000006
S31508047F680100000008500408270000000200000069
S31508047F78B0740408270000000630006C0530006C4D
S31508047F880430006C0330006CF5010000798501089B
S31508047F98F84F0408008104080D34010838810408D8
S31508047FA8F401000055850108F84F040800810408FF
S31508047FB80D340108388104082C010000CC7F040814
S31508047FC8030000000200030004000000000245073D
S31508047FD802000100901A0000B80B00001400000003
S31508047FE80000000000000000000000000000000077
S31508047FF8000000009456040886011F0474560408F1
S315080480080000E803148004080200000086018403BB
S315080480181F04DC000205400702000100983A000024
S315080480280000000000000000000000000000000036
S3150804803800000000000000000000E8030302320004
S31508048048588004080F00000088800408020000000D
S31508048058FF0301FF000100000101000102000303F8
S3150804806800020400000102010103010202030203DB
S3150804807803030202030302040200040300000000C7
S315080480880405500702000100983A000000000000A1
S3150804809800000000000000000000000000000000C6
S315080480A8000000000000E803050555070200010062
S315080480B8983A0000000000000000000000000000D4
S315080480C80000000000000000000000000000E803AB
S315080480D80305850702000100983A0000B80B00005A
S315080480E81400000000000000000000000000000062
S315080480F8000000000000010000013C000400000024
S3150804810824810408050000001C81040802000000F4
S31508048118020001000300040001000200FFFF0C012D
S315080481280100270102009A000300640004004D00B8
S31508048138408104080A00000000500408A9680108D8
S315080481482882040800500408A9680108F08104086C
S3150804815800500408A9680108B8810408083E0408F8
S31508048168A96801086C830408083E0408A968010874
S3150804817834830408083E0408A9680108FC8204082C
S31508048188103E0408A9680108C8820408103E0408B1
S31508048198A968010894820408103E0408A968010815
S315080481A860820408F84F0408F5690108A4830408DA
S315080481B803000000C48104080B000000000014042E
S315080481C80A00F3041400F9051E00FE062800B80779
S315080481D8320005093C00BB0A4600710C5000280EFB
S315080481E85A00DE0F6400941102000000FC8104089A
S315080481F80B000000000060020A00390314000F048B
S315080482081E00C2042800520532002C063C00390711
S3150804821846004508500052095A005D0A64006B0B6B
S3150804822801000000348204080B0000000000BD00A9
S315080482380A002601140098011E004C02280092021E
S315080482483200F6023C008F03460028045000C20494
S315080482585A005C056400F505030000006C820408EE
S315080482680A00000000008A020A0020031400E80332
S315080482781E001E0528004006320008073C0034087C
S315080482884600DE0850006009640060090200000020
S31508048298A08204080A000000000047010A00CD016C
S315080482A8140084021E004D032800FB033200A804A8
S315080482B83C0038054600AB0550001506640015064B
S315080482C801000000D48204080A00000000008100A6
S315080482D80A00F300140049011E00B00128000D0223
S315080482E8320069023C00AC024600F8025000340326
S315080482F86400340303000000088304080B00000024
S31508048308000070030A003004140002051E00EB0579
S315080483182800DC06320094073C00910846005D09EB
S3150804832850003A0A5A002A0B64005A0C0200000044
S31508048338408304080B00000000002E020A00C90244
S31508048348140046031E00DC03280064043200EE0405
S315080483583C00790546000A06500099065A004D0756
S315080483686400210801000000788304080B00000053
S315080483780000D6000A0051011400C3011E003D027C
S315080483882800AA02320020033C0074034600C303EB
S3150804839850001F045A00720464009904CC83040824
S315080483A804000000B48304080600000000008601DF
S315080483B83C0015034600DC0350001F045A001F043A
S315080483C864001F0401000200030004000000000002
S315080483D800000000D985010800000000000000001C
S315080483E8BD8501080000000000000000913F02084E
S315080483F8D18601081D870108598701080001450720
S31508048408020001001018000010270000860000006A
S315080484180000000000000000000000000000000042
S3150804842801000000945604085802E8037456040820
S315080484380000E80344840408100000005802A8024F
S315080484487B0288029F026902C2024A02E1022A02E0
S31508048458FC020B021B03EC013603CC015003AD01E5
S3150804846862038E0178036F01A0033001C003F1008B
S31508048478D603B300DF037400E8033600050450077F
S31508048488020001002A76000000000000000000002F
S3150804849800000000000000000000000000000000C2
S315080484A80000E80304045507020001002A760000C0
S315080484B800000000000000000000000000000000A2
S315080484C800000000000000000000E8030104562725
S315080484D80200010022A100000000000000000000BC
S315080484E890010000000000000000000000000000E1
S315080484F8E8030000985604080000E803987004087E
S315080485080000E803148504080200000000000000BF
S31508048518E803E80300C00000FB000000004002006E
S31508048528FFFF0000008001000000000000000200B0
S3150804853804000000000001000300000000400000D9
S31508048548020000000040010001000000004000008D
S31508048558FB00000000800000FFFF000000C00100C7
S315080485680000000000400300040000000080030027
S3150804857803000000000002000200000000000100D9
S315080485880100000000400000FB00000000C00000D5
S31508048598FFFF0000008000000000000000800100C2
S315080485A80400000000C001000300000000400100A8
S315080485B80200000000000100010000002F0100006D
S315080485C8BD890108F84F0408248604080D340108EF
S315080485D8888604082E010000A9890108F84F0408AA
S315080485E8248604080D340108888604082D01000029
S315080485F895890108F84F0408248604080D340108E7
S31508048608888604082C01000081890108F84F0408A3
S31508048618248604080D3401088886040800013C00E9
S31508048628040000004886040805000000408604087B
S315080486380200000002000100030004000100020011
S31508048648FFFFD1000100F80002009400030064004B
S3150804865804004900C2010A00FA001900C2016400AC
S31508048668E8030000885104082400000024000000D8
S3150804867824000000000000000500000006000000B1
S31508048688908604082200000000500408A968010816
S31508048698F08A040800500408A9680108B88A040876
S315080486A800500408A9680108808A0408083E0408D2
S315080486B8A9680108488A0408083E0408A96801083C
S315080486C8108A0408083E0408A9680108D889040811
S315080486D8103E0408A9680108A0890408103E04087D
S315080486E8A968010868890408103E0408A9680108E5
S315080486F830890408103E0408972D010824890408BB
S31508048708103E0408972D010818890408103E040821
S31508048718972D01080C890408103E0408972D0108AA
S3150804872800890408103E0408912D0108F4880408F1
S31508048738103E0408912D0108E8880408103E040828
S31508048748912D0108DC880408103E0408912D0108B7
S31508048758D0880408103E0408972D0108C48804081C
S31508048768103E0408972D0108B8880408103E040822
S31508048778972D0108AC880408103E0408972D0108AB
S31508048788A0880408103E0408972D0108948804084C
S31508048798103E0408972D010888880408103E040822
S315080487A8912D01087C880408103E0408912D0108B7
S315080487B870880408103E0408912D01086488040882
S315080487C8103E0408972D010858880408103E040822
S315080487D8F58501084C880408103E0408F58501083F
S315080487E840880408103E0408FB85010834880408F0
S315080487F8103E0408FB850108288804080050040864
S31508048808F56901084C8B0408083E0408F56901084B
S315080488184C8B0408103E0408F5690108288B0408DB
S31508048828E88304087447040800000000E883040879
S315080488388847040800000000DC830408784704080D
S3150804884814000000DC8304088C47040804000000AC
S31508048858003D04084444040819030000F43C0408C9
S315080488683C440408AC010000F43C0408F439040840
S315080488781E000000F43C04082C3A04081E000000F4
S31508048888003D04084844040800000000003D0408A4
S315080488984C44040800000000003D0408183E040877
S315080488A852000000003D0408243E04085200000053
S315080488B8003D0408203E040805000000003D04089D
S315080488C82C3E040805000000F43C04081C3E040871
S315080488D8160A0000F43C0408283E0408160A000090
S315080488E8F43C0408B03C0408AC0D0000F43C040845
S315080488F8C43C0408AC0D0000003D0408F839040813
S3150804890800000000003D0408303A0408000000008E
S31508048918003D0408BC3C040805000000003D0408A2
S31508048928D03C040805000000030000003C8904083C
S315080489380B00000000009A030A0081041400670566
S315080489481E00AA062800BF07320002093C00BA0915
S315080489584600720A50002B0B5A00870B6400B50BA5
S3150804896802000000748904080B0000000000710165
S315080489780A00570214003E031E00250428000B05A6
S315080489883200C4053C007C06460034075000BF077D
S315080489985A001B086400490801000000AC89040849
S315080489A80B00000000008A000A00150114009F0144
S315080489B81E00FB01280086023200E2023C003E0340
S315080489C846009A035000C8035A00F60364002504AF
S315080489D803000000E48904080B00000000008A026A
S315080489E80A0020031400E8031E001E052800400692
S315080489F8320008073C0034084600DE0850006009BF
S31508048A085A00600964006009020000001C8A040808
S31508048A180B000000000055010A00E00114009F023B
S31508048A281E007003280025043200D9043C006F058B
S31508048A384600E705500056065A00560664005606C8
S31508048A4801000000548A04080B00000000009B007B
S31508048A580A002201140088011E0003022800710274
S31508048A683200DF023C002F03460089035000C8037E
S31508048A785A00C8036400C803030000008C8A040863
S31508048A880B000000000014040A00F3041400F90596
S31508048A981E00FE062800B807320005093C00BB0A72
S31508048AA84600710C5000280E5A00DE0F6400941113
S31508048AB802000000C48A04080B00000000007902BA
S31508048AC80A005B03140039041E00F3042800890508
S31508048AD832006C063C00840746009B085000B2091D
S31508048AE85A00C90A6400E10B01000000FC8A04085C
S31508048AF80B0000000000E1000A005E0114000A02E7
S31508048B081E00BC0228000F03320085033C003C04FF
S31508048B184600F2045000A9055A00600664001707BF
S31508048B28688B040804000000388B04080500000054
S31508048B38000058021E001403460084035A00E8037A
S31508048B486400E803688B0408040000005C8B0408C6
S31508048B5803000000000058024600E8036400E8031E
S31508048B680100020003000400000145070200010091
S31508048B7810180000102700008600000000000000F6
S31508048B8800000000000000000000000001000000CA
S31508048B98945604085802E803745604080000E803BF
S31508048BA8B08B0408100000005802A8027B02880249
S31508048BB89F026902C2024A02E1022A02FC020B0265
S31508048BC81B03EC013603CC015003AD0162038E0185
S31508048BD878036F01A0033001C003F100D603B3007C
S31508048BE8DF037400E80336000002020301000000EC
S31508048BF8008C04080200000005045007020001005E
S31508048C082A760000000000000000000000000000AA
S31508048C180000000000000000000000000000E8034F
S31508048C2804045507020001002A7600000000000023
S31508048C38000000000000000000000000000000001A
S31508048C48000000000000E80301045627020001009A
S31508048C5822A10000000000000000000090010000A6
S31508048C68000000000000000000000000E8030000FF
S31508048C78985604080000E803987004080000E803F6
S31508048C88908C04080200000000000000E803E803CA
S31508048C980601040305000702FE40202020202020A0
S31508048CA820202020202020202020202020202020AA
S31508048CB8202020202020202020202020202020209A
S31508048CC8202020202020202020202020202020208A
S31508048CD8202020202020202020202020202020207A
S31508048CE820202020202020202020005304000506C8
S31508048CF80005202003060007540202022003202048
S31508048D08032020012049020202200320200320010F
S31508048D180101440202050320030320030101074154
S31508048D280102050320030301030320034602020282
S31508048D380320200301200120204C022020032020A0
S31508048D480320200101014E04000503200303200320
S31508048D58012001500202050320030301070120200C
S31508048D68520202050320030301070120012D2020CE
S31508048D7820020202202020202020010100000100F0
S31508048D88010000000000000000000000B18E010880
S31508048D98B98E0108C38E010800000000000000000F
S31508048DA8A58E0108C78E0108AD8E010800000000CB
S31508048DB8000000008D8E0108998E010869040108CF
S31508048DC8A10401080018003C1010087C1110087C3E
S31508048DD81210087C1310087C0410037C0310007C0A
S31508048DE80210007C0000000000000000D189010878
S31508048DF8D1890108D1890108D3890108BF960108D0
S31508048E080000000000000000579801080000000050
S31508048E180000000081980108779801087B980108E2
S31508048E280000000000000000A99A0108619A0108D8
S31508048E38F1980108AF9B0108000000000000000033
S31508048E48F99B01080000000000000000939C010833
S31508048E580000000000000000219E01080000000030
S31508048E6800000000899E01080000000000000000B8
S31508048E78E59E0108119F0108000000000000000093
S31508048E8835A20108C1A00108D1890108939F0108E0
S31508048E98E19E0108000000000000000041A2010844
S31508048EA889A70108000000000000000071A2010853
S31508048EB81BA30108D18901087DA301083DA201085D
S31508048EC8000000000000000081A4010825A4010888
S31508048ED8000000000000000001A70108CDA501084C
S31508048EE8D189010875A5010821A401080000000014
S31508048EF80000000021A7010805A7010800000000D2
S31508048F080000000049A70108D1890108D189010888
S31508048F1869A701081FA7010800000000000000004F
S31508048F285DA801088DA801080000000000000000DB
S31508048F38E3B40108E7B40108D189010895B501081D
S31508048F48C5A70108C1A70108000000000000000021
S31508048F582DA901085DA90108000000000000000009
S31508048F68E3B40108E7B40108D189010895B50108ED
S31508048F78D1A80108CDA801080000000000000000D7
S31508048F88A9A901088DA9010800000000000000002D
S31508048F98FDA90108D5A90108D1890108C5AA0108A6
S31508048FA8A7A90108000000000000000055AB010845
S31508048FB889A701080000000000000000FDAB0108AD
S31508048FC861AD0108D189010891AB010851AB0108C3
S31508048FD800000000000000007DAD010877AD010817
S31508048FE80000000000000000CDAD0108ADAD010881
S31508048FF8D1890108D38901087BAD0108000000005E
S315080490080000000065AE010839AE0108000000003A
S3150804901800000000F1B201085BB00108D189010813
S31508049028ABB1010863AE01080000000000000000A7
S315080490384DB4010889A701080000000000000000D3
S31508049048A1B4010875B40108D1890108D3890108AE
S315080490584BB401080000000000000000E3B401084E
S31508049068E7B40108D189010895B501083544020809
S3150804907825732063616E63656C6C65642E002573BD
S3150804908820646F6E652E00507265737320555020E0
S31508049098746F20636F6E6669726D2E000000000097
S315080490A800000000F5B50108BB110108000000001E
S315080490B80000000007B6010819B6010800000000F8
S315080490C800000000EDB50108F1B50108000000002C
S315080490D800000000913F02084DBB0108A9BB01081E
S315080490E8C5BC010800080240002000000100010070
S315080490F80010024040000000010001000010024070
S3150804910810000000010001000010024008000000D9
S3150804911801000100001002400400000001000100DB
S3150804912800580040801A0600001402400200010094
S3150804913800010100001402400100010000010100B9
S31508049148001402400200020400010100001402404F
S315080491580100020400010100001802400002020886
S31508049168000001000018024000400208000001003F
S3150804917800140140406402400000000A4704000045
S315080491886091040802000000200000002000000086
S315080491980008024020000300000001000F00000038
S315080491A8BA13000032000000000802400200030057
S315080491B8000001000B000000000000005613000020
S315080491C80008024004000300000001000C00000027
S315080491D800000000561300000008024001000300BE
S315080491E8000001000A000000BA130000320000005B
S315080491F80008024010000300000001000E000000E9
S3150804920800000000C81900000000024040000300DE
S31508049218000001000600000000000000E40C00003D
S31508049228002001407064024000100040360800001F
S315080492380000000000000000000000000000000014
S31508049248000000000000024020000300000001009E
S3150804925800040140F20000004C92040801000000D2
S31508049268286402400000000E1000F82A0000024094
S31508049278100003000000010000140040F20000007A
S31508049288749204080100000070600240000000029D
S315080492980000F82A01100000F40100000400000088
S315080492A80001000004000000040000000300000098
S315080492B8586002400000000C00000000000002404C
S315080492C808000202000001000200000010600240C3
S315080492D80000000C0000000000000240040002021E
S315080492E80000010003000000A06002400000000618
S315080492F80000000000040240000802010000010002
S315080493080200000028600240000000060000000071
S31508049318000402400004020100000100001402408F
S3150804932804000000000001000014024000100000B8
S31508049338000001000014024000200100000001009A
S31508049348001802400100010000000100001802404C
S315080493580004010000000100000C0240040001009A
S31508049368000001000014024000400100000001004A
S3150804937800140240008001000000010000080240B1
S31508049388000402060000010000080240000802065C
S31508049398000001000008024000100206000001004F
S315080493A8003C004080969800000000008493040856
S315080493B803000000000C024008000207020001002E
S315080493C8000C02401000020700000100000C0240CD
S315080493D82000020700000100000C024040000207B2
S315080493E800000100004400408860024000000008AC
S315080493F826030000BC93040804000000800000004B
S315080494084000000000040240002002050000010094
S31508049418000402400040020500000100000402405E
S31508049428008002050000010000380040E070720060
S31508049438000100000C94040803000000000402401C
S3150804944800100100000001000000000000000000F0
S315080494586D3F0208DBBC0108E5BC0108F9BC010834
S3150804946800000000000000006D3F020849BD01081D
S315080494780DBD010829BD0108000000000000000010
S315080494885BBF010805BF0108000001401901000077
S31508049498000000000000000000040040F20000007C
S315080494A8000000000000000000080040F200000068
S315080494B8000000000000000000100240000202013B
S315080494C80000010000100240000802010000010023
S315080494D800100240002002010000010000100240AA
S315080494E80040020100000100000802404000020290
S315080494F80000010000080240800002020000010082
S3150804950800080240000102020000010000080240A7
S315080495180002020200000100000C024000100202C8
S3150804952800000100000C02400020020200000100AD
S31508049538000C02400040020200000100000C024030
S315080495480080020200000100000002400100030036
S3150804955800000100000002400200030000000100A8
S315080495680004024001000300000001000004024050
S315080495780200030000000100000802400800030076
S3150804958800000100001402408000030000000100E6
S315080495980014024000010300000001000014024000
S315080495A8000203000000010000140240000403003E
S315080495B8000001000014024008000300000001002E
S315080495C800140240100003000000010000140240C1
S315080495D82000030000000100000002408000030088
S315080495E800000100001402404000030000000100C6
S315080495F800100240000101000000010000100240AA
S3150804960800040100000001000010024000100100D7
S31508049618000001000010024000800100000001005B
S31508049628000C02400004010000000100000C02407E
S3150804963800080100000001000018024004000100A7
S31508049648000001000018024008000100000001009B
S3150804965800180240400001000000010000180240FA
S315080496688000010000000100001802400001010002
S31508049678000001000000024000010100000001008A
S3150804968838010000000000000000000021CA010893
S31508049698F7C9010847420208949604087608003C64
S315080496A87508003C7208003C7108003C4308023CF3
S315080496B84208023C4108003C4008003C3008030CB8
S315080496C82C08000C2A08000C2708000C2608000C8D
S315080496D82508000C2408000C2308000C2208000C92
S315080496E82108000C2008000C1308000C1208000CAA
S315080496F81108000C1008000C0C08000C00000000E7
S3150804970800000000A1CC01088F0D0108FA02DC0547
S315080497187D04E204D404B00431057E0491054C049E
S31508049728F6051A045D06E803C806B603340784036F
S31508049738A20752030F0820037B08EE02E508BC02B9
S315080497484C098A02AF0958020C0A2602640AF4016B
S31508049758B60AC201010B9001440B5E01820B2C0167
S31508049768B80BFA00E80BC800120C9600360C64000D
S31508049778550C32006F0C0000860CCEFF980C9CFF23
S31508049788A70C6AFFB40C38FFBE0C06FFC70CD4FE38
S31508049798CD0CA2FED30C70FE0098000CFFFF070040
S315080497A80000000001000100020002000300030093
S315080497B80400040005000500060006000000000071
S315080497C8000000006D3F0208E17E020859CD010831
S315080497D86DCD0108E5CC0108000000000000000072
S315080497E86D3F0208E17E0208C5CD0108D9CD0108F6
S315080497F8B1CD0108DDD70108A3410208004E6F74EC
S315080498082076616C69644E6F742073657400000071
S3150804981817E10108FDE0010811E101080FE1010853
S3150804982800000100160343004F004D005000550080
S3150804983853004800490046005400400348004700BE
S315080498484D0020004100750074006F006D006F001C
S315080498587400690076006500200045006C00650000
S315080498686300740072006F006E0069006300730079
S31508049878200049006E0063002E000403090412013F
S315080498880002000000408304505700010102030146
S31508049898430A0000DDD7010885E90108C3EC010875
S315080498A8B9EC010800030204010506070600FF09C6
S315080498B801A1010901150026FF00750895408102D2
S315080498C80901150026FF00750895409102C009028A
S315080498D82900010100C00009040000020300000071
S315080498E8092111010001222200070581034000010C
S315080498F807050103400001000000000000000000FD
S31508049908000000000000000000000000000000003D
S31508049918000000000000000000000000000000002D
S31508049928000000000000000000000000000000001D
S315080499380000000000000000430E000000000000BC
S3150804994800000000AD070208BB110108000000006A
S3150804995800000000E9070208BB110108000000001E
S31508049968000000006D3F0208610702086105010846
S31508049978AD050108001802401000010000000100A6
S315080499880018024020000000000001000000024000
S315080499980002000000000100000002400004020A58
S315080499A801000100000002400008020A0000030042
S315080499B8000002400010020A0000030000180240D2
S315080499C820000000000001000018024010000100F1
S315080499D8000001007708003C7008000C000000002D
S315080499E800000000FF0B02088F0D010800000000A4
S315080499F80000000029110208000000000000000009
S31508049A08BD120208C3120208000000000000000084
S31508049A18F1120208311E01080000000000000000C7
S31508049A28FB120208311E01080000000000000000AD
S31508049A38CF120208C9120208ED1202080000000033
S31508049A4800000000E3150208311E010800000000A2
S31508049A5800000000C915020847150108000000009F
S31508049A6800000000E9150208311E0108000000007C
S31508049A780000000011150208311E01080000000044
S31508049A88000000006D3F020817150208E9140208C9
S31508049A98FD14020800000000000000005D17020813
S31508049AA8851E010857170208000000000000000078
S31508049AB801170208071702080F1702080000000012
S31508049AC800000000631702085117020807F8003C4B
S31508049AD806F8203C05F81F0C0000000000000000EA
S31508049AE8BF1C0208051C020800000000000000004C
S31508049AF8B91C0208051C0208000000000000000042
S31508049B08D91D0208851C0208091C02086D1C0208CE
S31508049B180000000000000000913F0208AD3F02085B
S31508049B28ED290208592A02080004024020000209FD
S31508049B380000010000040240400002090000010078
S31508049B48010000000068004040023F02070C0000BC
S31508049B5802000000309B040802000000000C0240C2
S31508049B680100020900000100000C02400200020973
S31508049B7800000100000000000064004014021302FB
S31508049B88060C000001000000649B0408020000009B
S31508049B980505060000000000000000006D3F0208E5
S31508049BA8E52D0208F52D0208152E0208FFFFF8FF11
S31508049BB80300EFBEFEFF00000000000000000000DE
S31508049BC8A1370208BB1101080000000000000000C4
S31508049BD847370208BB11010800000000000000000E
S31508049BE87F370208BB1101080000000000000000C6
S31508049BF8C3370208453602080000000000000000C2
S31508049C08E53602084B36020800000000000000008A
S31508049C18353602088F0D0108000000000000000010
S31508049C280D3702085136020800000000000000003B
S31508049C38E5370208D13502080000000000000000D4
S31508049C482F3A02085F3A0208ED3702080138020873
S31508049C587F00000000000000000000004D3C0208D8
S31508049C68193C02081D3C0208000000000000000018
S31508049C78E13D0208653D0208153C0208000000009B
S31508049C8800000000B93D0208393D0208113C0208E3
S31508049C980000000000000000913D02080D3D02087E
S31508049CA80D3C020800000000000000003D3C0208C4
S31508049CB8D9510108093C02085508160C5408163CDB
S31508049CC85208163C5108163C5008160C00000000A9
S31508049CD8000000002B3E02083D3E0208193E020811
S31508049CE8733E0208913E0208F53E0208133F02082D
S31508049CF800000000000000004F3E0208613E02080A
S31508049D08093E0208AF3E0208D33E0208313F02085C
S31508049D184F3F020800000000000000006D3F0208DB
S31508049D286D3F02086F3F0208713F020800000000F1
S31508049D3800000000913F0208AD3F02086940020886
S31508049D48854002080000000000000000913F020850
S31508049D58AD3F020899400208B54002088401010883
S31508049D68070000000000000000000000394102084E
S31508049D78454102084B410208514102085741020865
S31508049D885D41020863410208000000000000000063
S31508049D989941020869410208714102087941020891
S31508049DA8814102088941020891410208000000001D
S31508049DB800000000A9410208311E01080B08000C1E
S31508049DC80A08000C0908000C0808000C02081B0CF1
S31508049DD801081B0C000000000000000047430208A5
S31508049DE8174302081F430208274302082F43020899
S31508049DF8374302083F430208DDD70108A141020890
S31508049E0800000000000000000D510208471501086B
S31508049E180009000C00000000000000006D5102084B
S31508049E28311E010800000000000000006551020800
S31508049E38311E010800000000000000005D510208F8
S31508049E48311E01080F08000C0E08000C0D08000C3A
S31508049E5800000000000000006B530208311E0108C8
S31508049E6800000000000000006D3F0208C7570208FA
S31508049E786D570208B15702081008000C00000000C4
S31508049E8800000000495802087B5802080000000030
S31508049E9800000000635802086D3F020821580208AA
S31508049EA83558020882F0000C81F0006880F0003CFE
S31508049EB80000000000000000A95A0208D95A02083E
S31508049EC8A15A0208C09E0408E2E8040CE0E8000C5B
S31508049ED811E8003C10E8003C07E8800C06E8800C0A
S31508049EE804E8800C03E8040C01E8000C00E0003CD4
S31508049EF80000000000000000235C0208275C020832
S31508049F0800000000000000006D3F020835440208FE
S31508049F180000000000000000000000000000000027
S31508049F28B75C0208E95C02080000000000000000AB
S31508049F380D5D0208055D0208155D020800000000AB
S31508049F4800000000835D0208095D0208A75D02088F
S31508049F5800000000000000008F5D0208055D020885
S31508049F68AF5D020800000000000000009B5D0208BF
S31508049F78193C0208B75D020800000000000000004A
S31508049F88395E02084D5E0208195D02086D5D02080D
S31508049F9800000000000000006D3F0208AB600208DC
S31508049FA805610208196102080000000000000000A3
S31508049FB869610208956102080000000000000000B3
S31508049FC86D3F0208ED6302086D61020881610208A3
S31508049FD800000000000000009D64020847150108F7
S31508049FE800000000000000006D3F020851640208E2
S31508049FF8756402088964020800000000000000006D
S3150804A0086D3F02082B670208B5660208C966020886
S3150804A01800000000000000006D3F020805670208FA
S3150804A028DD660208F1660208EE02000076A0040856
S3150804A03802000000F4010000803E000070A0040835
S3150804A04802000000640000001027000072A004083B
S3150804A05802000000F4010000F82A000074A00408AD
S3150804A0680100000020030000630560056205340644
S3150804A07800000000000000006D3F02089568020809
S3150804A0886D680208816802080000000000000000E4
S3150804A0986D3F02084F6A0208156902082969020809
S3150804A0A86400C80000000200320000000000000036
S3150804A0B8000000006D3F0208716B0208496B02082C
S3150804A0C85D6B020800000000000000006D3F0208EE
S3150804A0D80F6C0208B96B0208CD6B02080000000071
S3150804A0E800000000D56D0208176D0208776D02088E
S3150804A0F8F96C020851750208517502085575020863
S3150804A10800000000000000001D6E02085B6E0208CD
S3150804A118716E0208196E0208196E0208517502084A
S3150804A128557502080000000000000000B96E020810
S3150804A1384D7502084D750208876E0208876E02086F
S3150804A1485175020855750208504342550000000027
S3150804A15800000000E1700208D3730208D9730208E4
S3150804A168776F020805700208DD6E0208E16E0208B8
S3150804A1780000000000000000E573020809740208DC
S3150804A1882D7402085D740208E173020889740208CA
S3150804A1980000000000000000417502084D75020819
S3150804A1A84D75020851750208517502085175020859
S3150804A1B855750208000000000000000000000000B1
S3150804A1C88575020889750208000000000000000069
S3150804A1D88576020889760208977602088D76020833
S3150804A1E89176020895760208319C03080030000027
S3150804A1F83D9C0308FCA4040806000000469C0308C2
S3150804A20800300000529C0308CCA404080600000089
S3150804A2185B9C030800300000679C03089CA4040898
S3150804A22806000000709C0308003000007C9C0308A4
S3150804A2386CA4040806000000859C03080030000086
S3150804A248919C03083CA40408060000009A9C030889
S3150804A25800300000A69C030814A40408050000009E
S3150804A268AF9C030800300000BB9C0308F4A3040849
S3150804A27804000000C49C030800300000D09C0308AE
S3150804A288E4A3040802000000D99C0308003000006F
S3150804A298E59C03080000000000000000EE9C030883
S3150804A2A800300000029D03080000000000000000BA
S3150804A2B80B9D0308003000001F9D030800000000DA
S3150804A2C800000000289D0308003000003C9D030890
S3150804A2D80000000000000000459D03080030000047
S3150804A2E8599D03080000000000000000629D030849
S3150804A2F800300000769D03080000000000000000F6
S3150804A3087F9D030800300000939D030800000000A1
S3150804A318000000009C9D030800300000B09D030857
S3150804A3280000000000000000B99D03080030000082
S3150804A338CD9D03080000000000000000D69D030810
S3150804A34800300000E49D0308000000000000000037
S3150804A358EF9D030800300000FD9D03080000000077
S3150804A36800000000089E030800300000169E030833
S3150804A3780000000000000000219E030800300000C9
S3150804A3882F9E030800000000000000003A9E0308F8
S3150804A39800300000489E0308000000000000000082
S3150804A3A8539E030800300000619E0308000000005D
S3150804A3B8000000006C9E0308003000007A9E03081B
S3150804A3C80000000000000000859E03080030000015
S3150804A3D8939E03080000000000000000F90100002D
S3150804A3E89E9E0308FC0100009E9E0308F9010000CE
S3150804A3F8A19E0308FA0100009E9E0308FB010000BB
S3150804A4089E9E0308FC010000A19E03089101000012
S3150804A418A49E0308F9010000AD9E0308FA0100008A
S3150804A428A19E0308FB010000A19E0308FC01000085
S3150804A438AD9E0308D5000000B09E030891010000EC
S3150804A448BA9E0308F9010000C09E0308FA01000031
S3150804A458AD9E0308FB010000AD9E0308FC0100003D
S3150804A468C09E0308D5000000C39E03089101000096
S3150804A478CC9E0308F9010000D49E0308FA010000DB
S3150804A488C09E0308FB010000C09E0308FC010000E7
S3150804A498D49E0308D5000000D79E0308910100003E
S3150804A4A8DF9E0308F9010000E89E0308FA01000084
S3150804A4B8E89E0308FB010000E89E0308FC01000067
S3150804A4C8E89E0308D5000000EB9E030891010000E6
S3150804A4D8F8870308F90100002F600308FA01000049
S3150804A4E82F600308FB0100002F600308FC01000025
S3150804A4F82F600308D5000000F49E030891010000A4
S3150804A508FE9E0308F901000025600308FA01000005
S3150804A51825600308FB01000025600308FC01000008
S3150804A5282560030800000000000000006D3F0208CB
S3150804A53803790208000000000000000035440208F8
S3150804A5483544020800000000000000006D3F0208B8
S3150804A5586D3F0208AD7C0208017D020831C0006C13
S3150804A56830C0006C00000000000000006D3F0208BF
S3150804A578E17E0208000000000000000035440208D5
S3150804A5880000000000000000317F0208D9510108C4
S3150804A598397F020800000000000000006D3F020829
S3150804A5A8898102083D7F0208517F020800000000DD
S3150804A5B800000000E1820208E582020800000000A3
S3150804A5C800000000038302080F8302080000000045
S3150804A5D800000000EB820208F78202080000000067
S3150804A5E80000000009830208158302080000000019
S3150804A5F80000000005840208FD8202080000000025
S3150804A60800000000F1820208BB11010800000000DE
S3150804A61800000000D9820208DD8202080000000052
S3150804A628000000006D8E0208938E0208E98C020861
S3150804A6380000000000000000159202088D91020827
S3150804A648E58C020800000000000000002D8F0208AF
S3150804A658198F0208E18C02080000000000000000B7
S3150804A668E99102085D910208DD8C020800000000E1
S3150804A67800000000BD9102082D910208D98C020831
S3150804A68800000000000000005B8E02087F8E0208A6
S3150804A698D58C02080000000000000000078F020895
S3150804A6A8F38E0208D18C020800000000000000009E
S3150804A6B8E18E0208CD8E0208CD8C0208000000003F
S3150804A6C800000000BB8E0208A78E0208C98C02087F
S3150804A6D80000000000000000498E0208D95101084C
S3150804A6E8C58C02080000000000000000218E02083C
S3150804A6F8193C0208C18C020800000000000000008A
S3150804A7080D8E0208B98C0208BD8C020800000000E8
S3150804A71800000000F98D0208B18C0208B58C0208FD
S3150804A7280000000000000000358E0208D95101080F
S3150804A738AD8C02080000000000000000278D0208FE
S3150804A748ED8C0208A58C0208000000000000000031
S3150804A758918D0208578D02089D8C020858A704088B
S3150804A76844A70408A0080C3C90080C3C8C080C0C5C
S3150804A7788B080C0C8A080C0C89080C0C88080C0C19
S3150804A78887080C3C86080C3C85080C3C84080C3C59
S3150804A79883080C3C82080C3C81080C3C0000000029
S3150804A7A8000000008F92020889920208000000003F
S3150804A7B8000000006D3F02086D3F02086192020816
S3150804A7C87592020800000000000000001D930208A4
S3150804A7D80186010800000000000000006D3F020819
S3150804A7E86D3F0208F5920208099302080000000062
S3150804A7F8000000005F940208299402084794020896
S3150804A808000000000000000053940208E1930208BF
S3150804A8183B94020800000000000000003394020874
S3150804A8280786010800000000000000006D3F0208C2
S3150804A8389794020881930208B1930208000000005D
S3150804A848000000006D3F020829980208F5960208D8
S3150804A8580997020800000000000000006D3F02087E
S3150804A8686D3F020891980208A5980208000000009E
S3150804A878000000006D3F0208E59802085999020885
S3150804A8886D9902080000000000000000CD9D02082A
S3150804A898471501080000000000000000D59D0208BD
S3150804A8A84715010800000000000000006D3F020873
S3150804A8B8AD9E0208399D0208619D0208A0070A0090
S3150804A8C8A0020F0920040A05A0060A03A003080122
S3150804A8D8A00A08002002010020000301200003073B
S3150804A8E820000A02000002252A20000A0620000F72
S3150804A8F800200120000F020A0320000F0120000F80
S3150804A90807A00C0100000000C19F0208000000000F
S3150804A9182DA00208010000007DA00208020000001C
S3150804A928DDA10208030000000DA2020804000000C5
S3150804A9386DA2020805000000A9A202080600000084
S3150804A948D9A202080700000081A30208080000002B
S3150804A9581DA6020809000000DDA602080A00000070
S3150804A9686DA802080B00000075A402080C00000074
S3150804A9783DA202080D00000020000F0120000F0266
S3150804A98820000A062000030120000F002000030700
S3150804A99820000A0520000A022000010120000F07EA
S3150804A9A82000080020000B0220020F0E20000100D8
S3150804A9B880C8003C71C8000C70C8000C80C0007CB4
S3150804A9C8000000000000000081A9020885A9020801
S3150804A9D800000000000000001DAA020835AA0208A3
S3150804A9E8EDA9020809AA02080068000C5D60006C53
S3150804A9F85C60006C5460006C5260006C5160006CBA
S3150804AA085060006C0000000000000000D9AA020883
S3150804AA18BB11010800000000000000006D3F020891
S3150804AA2863AA020879AA02088DAA020888510408A2
S3150804AA381200000001000000280000008C510408D8
S3150804AA480500000006000000885104080C000000F0
S3150804AA5801000000280000008C51040805000000C5
S3150804AA6806000000885104080400000001000000DC
S3150804AA78280000008C5104080500000006000000A0
S3150804AA88145F0408100000001000000010000000FD
S3150804AA980000000005000000060000000000000091
S3150804AAA8A12F0108A12F0108A32F0108A12F010826
S3150804AAB80000000000000000354402083544020876
S3150804AAC83544020835440208000000000000000066
S3150804AAD8BFAD0208BFAD0208C3AD0208C7AD020878
S3150804AAE80000000000000000E5AD0208E9AD020810
S3150804AAF8EDAD0208F1AD0208F5AD02080000000044
S3150804AB080000000069AE020811AE0208DDAE0208AC
S3150804AB18D7AE020800000000000000003544020809
S3150804AB2835440208354402083544020835440208FF
S3150804AB380000000000000000E5AD0208E9AD0208BF
S3150804AB48EDAD0208EDB70208F5AD020804F8003CB5
S3150804AB5800000000000000006D3F020897C40208C0
S3150804AB68F9B902080DBA020800000000000000003E
S3150804AB783C1B0000FFFA000010000000D204000085
S3150804AB880000000070AB0408020000000000000082
S3150804AB98000000000000000000000000010000009A
S3150804ABA80100000002000000D204000000000000B2
S3150804ABB800000000000000009CAB04080200000026
S3150804ABC8F1FE000006000000640000000000000012
S3150804ABD8000000006D3F020897C40208A1BA0208DB
S3150804ABE8B5BA0208CAFE000006000000E803000019
S3150804ABF8000000000000000087BB02083BBC0208EE
S3150804AC0879BB020800000000000000007DBB0208AA
S3150804AC1891BB020875BB020800000000000000008A
S3150804AC286D3F0208DFBB02084DBB020861BB020878
S3150804AC3843C0106C42C0106C0000000000000000FD
S3150804AC486D3F020897C40208FDBC020811BD020834
S3150804AC5800000000000000000F0000000F000000BC
S3150804AC6804000000D20400000000000058AC0408E0
S3150804AC7802000000000000000000000083FFFFFF38
S3150804AC88000000007D000000FA000000080000002B
S3150804AC98D20400000000000084AC04080200000086
S3150804ACA8000000000000000000000000000000008A
S3150804ACB8601F0000FFFA0000FFFF0000FFFA00000B
S3150804ACC810000000D204000000000000B0AC04081C
S3150804ACD803000000000000000000000004F0000063
S3150804ACE8030000000A00000000000000000000003D
S3150804ACF86D3F020897C40208E1BD0208F5BD0208BB
S3150804AD08000000000000000064000000FA000000CB
S3150804AD1808000000D20400000000000008AD04087A
S3150804AD2802000000000000000000000003F0000014
S3150804AD3803000000320000000000000000000000C4
S3150804AD486D3F020897C4020899BE0208ADBE0208F8
S3150804AD5856F5FFFF00000000C6430000FFFA00008E
S3150804AD6810000000D20400000000000058AD0408D2
S3150804AD78020000000000000000000000EEFE0000CB
S3150804AD8806000000E80300000000000000000000B8
S3150804AD986D3F020897C4020825BF020839BF02088E
S3150804ADA8A4FE000006000000E803000000000000F6
S3150804ADB8000000006D3F020897C40208B1BF0208E4
S3150804ADC8C5BF020802F00000030000000A000000DC
S3150804ADD800000000000000006D3F020897C402083E
S3150804ADE89DC00208B1C00208000000000000000067
S3150804ADF819190000FAFA000010000000D20400002D
S3150804AE0800000000F0AD040802000000000000007D
S3150804AE180000000083FFFFFF000000007D0000001B
S3150804AE28FA00000008000000D20400000000000030
S3150804AE381CAE040802000000000000000000000020
S3150804AE4805F0000006000000640000000000000089
S3150804AE58000000006D3F020897C402084DC10208A5
S3150804AE6861C10208ABFE00000700000014000000D8
S3150804AE7800000000000000006D3F020897C402089D
S3150804AE88F9C102080DC2020883FFFFFF000000008B
S3150804AE987D000000FA00000008000000D204000043
S3150804AEA80000000090AE040802000000000000003C
S3150804AEB8000000004AFE00000600000064000000C6
S3150804AEC800000000000000006D3F020863C3020882
S3150804AED800000000000000003544020831C30208D7
S3150804AEE800000000000000006D3F020897C402082D
S3150804AEF819C402082DC40208000000000000000056
S3150804AF086D3F02080DC50208000000000000000095
S3150804AF183544020800000000000000000DC60208B7
S3150804AF2839C6020800000000000000006D3F020848
S3150804AF386D3F020811C6020825C6020822C0006C1D
S3150804AF4821C0006C20C0006C00000000000000004E
S3150804AF586D3F020897C402087DC7020891C702080C
S3150804AF680000000000000000A00F0000FA0000001E
S3150804AF7808000000D20400000000000068AF0408B6
S3150804AF8802000000000000000000000004000000A1
S3150804AF98D204000000000000B0AF04080200000054
S3150804AFA80000000000000000000000000000000087
S3150804AFB8B03001000D000000F8FE0000060000008D
S3150804AFC8E803000000000000000000006D3F0208C6
S3150804AFD897C4020879C802088DC8020895FD0000B6
S3150804AFE806000000E8030000000000000000000056
S3150804AFF86D3F020897C4020895C90208A9C9020838
S3150804B00800000000000000006D3F020897C402080B
S3150804B01885CA020899CA0208000000000000000050
S3150804B028CE053100FFFA000010000000D204000023
S3150804B0380000000020B00408020000000000000018
S3150804B048000000008DFE000006000000E80300006A
S3150804B05800000000000000006D3F0208037902089A
S3150804B0682DCB020841CB020821CB020825CB0208BE
S3150804B07800000000000000006D3F0208037902087A
S3150804B08855CB020869CB020821CB020825CB02084E
S3150804B09864400408CA400408C8400408C8000A00EA
S3150804B0A8030000000000000000000000D8B00408EF
S3150804B0B80003000000000000000000000000000073
S3150804B0C80040000000400000FFFF000000400000A8
S3150804B0D810000000E110000000000000C0B00408D9
S3150804B0E803000000000000000000000000C101C4BD
S3150804B0F800000000000000006D3F020803790208FA
S3150804B108D5CB0208E9CB0208C9CB0208CDCB02087D
S3150804B11800000000000000006D3F020803790208D9
S3150804B128FDCB020811CC0208C9CB0208CDCB02080C
S3150804B138C83E04088EB104088CB10408C8000A007D
S3150804B14803000000320000002000000070B1040863
S3150804B15800030000000000000000000000000000D2
S3150804B168FF0000006400000008000000D204000084
S3150804B1780000000060B10408020000000000000096
S3150804B1880000000000C101C400000000000000001F
S3150804B1986D3F02080379020871CC020885CC0208B7
S3150804B1A8C9CB0208CDCB02089C3E040806B204089B
S3150804B1B804B20408C8009600030000003200000020
S3150804B1C830000000D8B1040840060000000000005A
S3150804B1D810000000E110000000000000F4B10408A3
S3150804B1E80200000000000000000000000000000043
S3150804B1F800000000E8030000640000003CC13DC4E8
S3150804B20800000000000000006D3F020803790208E8
S3150804B218E5CC0208F9CC020821CB020825CB02089A
S3150804B22864400408CA400408C8400408C8009600CC
S3150804B238030000000000000000000000D8B004085D
S3150804B248400600000000000000000000000000009E
S3150804B2586D3F02080379020859CD02086DCD020824
S3150804B26821CB020825CB020854470408F6B004087B
S3150804B278F4B00408C800960003000000640000003F
S3150804B2881000000098B204084006000000000000F8
S3150804B29810000000E110000000000000B4B2040821
S3150804B2A80200000000000000000000000000000082
S3150804B2B80000000088130000F401000000000000E4
S3150804B2C8000000006D3F020803790208CDCD020884
S3150804B2D8E1CD020821CB020825CB020864400408FC
S3150804B2E8CA400408C8400408C8003200030000001D
S3150804B2F800000000000000000CB3040800A0F021B8
S3150804B3080000000010000000E11000000000000022
S3150804B31828B304080200000000000000000000002A
S3150804B328000000000000000000000100006400009E
S3150804B33800000000000000006D3F020803790208B7
S3150804B34841CE020855CE0208C9CB0208CDCB02085D
S3150804B358C83E04088EB104088CB10408C800320033
S3150804B36803000000000000002000000080B3040861
S3150804B37800A0F0210000000010000000E110000001
S3150804B388000000009CB30408020000000000000046
S3150804B398000000000000000000000000FFFF000095
S3150804B3A86400000000000000000000006D3F020869
S3150804B3B803790208B5CE0208C9CE0208C9CB020821
S3150804B3C8CDCB02089C3E040806B2040804B2040855
S3150804B3D8C800320003000000000000001000000046
S3150804B3E804B404081002000000000000000000006D
S3150804B3F800000000FA0000006400000008000000CD
S3150804B408D204000000000000F4B304080200000097
S3150804B41800000000000000003078000C00C101C4D8
S3150804B42800000000000000006D3F020803790208C6
S3150804B43829CF02083DCF020821CB020825CB0208EA
S3150804B44864400408CA400408C8400408C80032000E
S3150804B458030000000000000008000000D8B0040833
S3150804B46808030000000000000000000000000000B7
S3150804B4786D3F0208037902089DCF0208B1CF020876
S3150804B488C9CB0208CDCB02089C3E040806B20408B8
S3150804B49804B20408C80032000300000000000000D3
S3150804B4A828000000B8B404083401000000000000AD
S3150804B4B808000000D204000000000000D4B4040800
S3150804B4C80200000000000000000000000000000060
S3150804B4D800000000C400000064000000000000002A
S3150804B4E8000000006D3F02080379020811D002081B
S3150804B4F825D0020821CB020825CB02086440040893
S3150804B508CA400408C8400408C800320003000000FA
S3150804B5180000000000000000D8B004080801000074
S3150804B5280000000000000000000000006D3F02084B
S3150804B5380379020885D0020899D0020821CB0208A3
S3150804B54825CB020864400408CA400408C84004080D
S3150804B558F401320003000000000000001000000097
S3150804B56874B50408810300000000000010000000F8
S3150804B578E11000000000000090B50408020000006D
S3150804B58800000000000000000000000000000000A1
S3150804B598000001000000010000000000000000008F
S3150804B5A86D3F020803790208F9D002080DD102088A
S3150804B5B8C9CB0208CDCB0208C83E04088EB10408D4
S3150804B5C88CB10408F40132000300000000000000EE
S3150804B5D810000000E8B50408A303000000000000F2
S3150804B5E810000000E11000000000000004B604087A
S3150804B5F8020000000000000000000000000000002F
S3150804B6080000000084030000640000000000000035
S3150804B618000000006D3F0208037902086DD102088C
S3150804B62881D10208C9CB0208CDCB02089C3E04087E
S3150804B63806B2040804B20408C8003200030000006D
S3150804B64832000000100000006CB60408200500004B
S3150804B658000000000000000000000000E8030000E5
S3150804B6686400000010000000D20400000000000076
S3150804B6785CB6040802000000000000000000000090
S3150804B68800000000000000006D3F02080379020864
S3150804B698E1D10208F5D1020821CB020825CB020814
S3150804B6A864400408CA400408C8400408C8003200AC
S3150804B6B8030000000000000000000000E8B60408C3
S3150804B6C8200500000000000000000000000000003B
S3150804B6D80040000000400000FFFF00000040000092
S3150804B6E810000000D204000000000000D0B60408C8
S3150804B6F8030000000000000000000000000000002D
S3150804B708000000006D3F02080379020855D20208B2
S3150804B71869D2020821CB020825CB02085447040833
S3150804B728F6B00408F4B00408C800050003000000CD
S3150804B73864000000200000004CB704082005000037
S3150804B7480000000010000000D204000000000000F9
S3150804B75868B70408020000000000000000000000A2
S3150804B7680000000000000000000001009A1900000B
S3150804B77800000000000000006D3F02080379020873
S3150804B788C9D20208DDD2020821CB020825CB020851
S3150804B798ECB70408F2B70408F0B70408C80032007E
S3150804B7A8010000000000000010000000C0B70408EB
S3150804B7B8030600000000000008000000D204000088
S3150804B7C800000000DCB704080200000000000000BE
S3150804B7D8000000000000000000000000000100004E
S3150804B7E8C80000005078000C00C101C4000000001D
S3150804B7F8000000006D3F0208037902083DD30208D9
S3150804B80851D3020821CB020825CB020820B4040820
S3150804B81826B4040824B40408C80032000100000049
S3150804B828F4010000300000003CB8040802060000D1
S3150804B8380000000010000000D20400000100000007
S3150804B84858B80408020000000000000000000000C0
S3150804B8580080FFFF0080FFFFFF7F0000FF7F0000D6
S3150804B86800000000000000006D3F02080379020882
S3150804B878B1D30208C5D3020821CB020825CB02088E
S3150804B888DCB80408E2B80408E0B80408C8003200BA
S3150804B89801000000C800000018000000B0B8040839
S3150804B8A8000600000000000008000000D20400009A
S3150804B8B801000000CCB804080200000000000000DB
S3150804B8C80000000080FFFFFF00FBFFFF7F00000069
S3150804B8D8F60400003178000C00C101C40000000019
S3150804B8E8000000006D3F02080379020825D40208FF
S3150804B8F839D4020821CB020825CB02085447040880
S3150804B908F6B00408F4B00408C800320003000000BE
S3150804B91864000000200000002CB904080006000092
S3150804B9280000000010000000D20400000000000017
S3150804B93848B90408020000000000000000000000DE
S3150804B9480000000000000000580200005802000029
S3150804B95800000000000000006D3F02080379020891
S3150804B96899D40208ADD4020821CB020825CB0208CB
S3150804B97864400408CA400408C8400408C8003200D9
S3150804B988030000000000000000000000E8B60408F0
S3150804B9980006000000000000000000000000000087
S3150804B9A86D3F0208037902080DD5020821D5020855
S3150804B9B8C9CB0208CDCB02089C3E040806B2040883
S3150804B9C804B20408C800320003000000320000006C
S3150804B9D810000000F8B9040800060000000000007A
S3150804B9E80000000000000000C80000006400000011
S3150804B9F808000000D204000000000000E8B90408A2
S3150804BA08020000000000000000000000000000001A
S3150804BA18000000006D3F02080379020881D5020870
S3150804BA2895D50208C9CB0208CDCB020888BA0408FA
S3150804BA38F6B00408F4B00408C8003200010000008F
S3150804BA4800000000380000005CBA04080406000078
S3150804BA580000000008000000D204000000000000EE
S3150804BA6878BA04080200000000000000000000007C
S3150804BA7800000000000000006400000064000000E4
S3150804BA887078000C00000000000000006D3F0208F2
S3150804BA9803790208F5D5020809D60208C9CB0208AB
S3150804BAA8CDCB02089C3E040806B2040804B204086E
S3150804BAB8C80032000300000000000000300000003F
S3150804BAC8D4BA040846050000000000001000000067
S3150804BAD8D204000000000000F0BA040802000000BE
S3150804BAE8000000000000000000000000000000003C
S3150804BAF8102700006400000000C101C4000000000B
S3150804BB08000000006D3F02080379020869D6020896
S3150804BB187DD6020821CB020825CB0208644004080E
S3150804BB28CA400408C8400408C800320003000000D4
S3150804BB380000000000000000E8B6040846050000F6
S3150804BB480000000000000000000000006D3F020825
S3150804BB5803790208DDD60208F1D6020821CB0208C1
S3150804BB6825CB020854470408F6B00408F4B00408B8
S3150804BB78C800050003000000640000001000000067
S3150804BB8894BB0408460500000000000010000000E5
S3150804BB98D204000000000000B0BB0408020000003C
S3150804BBA8000000000000000000000000000000007B
S3150804BBB810270000E8030000000000000000000049
S3150804BBC86D3F02080379020851D7020865D70208A7
S3150804BBD8C9CB0208CDCB02089C3E040806B2040861
S3150804BBE804B20408C8001400030000003200000068
S3150804BBF81000000070B104088000A03F000000008F
S3150804BC0800000000000000006D3F020803790208DE
S3150804BC18C5D70208D9D7020821CB020825CB0208BA
S3150804BC2864400408CA400408C8400408C800140044
S3150804BC38030000000000000000000000D8B0040853
S3150804BC488000A03F0000000000000000000000007B
S3150804BC586D3F02080379020839D802084DD8020844
S3150804BC6821CB020825CB020854470408F6B0040871
S3150804BC78F4B00408C80014000300000064000000B7
S3150804BC881800000098BC04088000A03F00000000C3
S3150804BC9808000000D204000000000000B4BC040830
S3150804BCA80200000000000000000000000000000078
S3150804BCB80000000000010000000200000000000067
S3150804BCC8000000006D3F020803790208ADD802088F
S3150804BCD8C1D80208C9CB0208CDCB02089C3E040881
S3150804BCE806B2040804B20408C800320003000000B7
S3150804BCF80000000030000000F8B90408010200003A
S3150804BD080000000000000000000000006D3F020863
S3150804BD180379020821D9020835D9020821CB020871
S3150804BD2825CB020820B4040826B4040824B4040855
S3150804BD38C80064000100000090010000000000002B
S3150804BD4854BD040820040000000000000800000090
S3150804BD58D20400000000000070BD040802000000B8
S3150804BD6800000000000000000000000070FEFFFF4D
S3150804BD780001000070080000000000000000000030
S3150804BD886D3F02080379020895D90208A9D9020859
S3150804BD98C9CB0208CDCB02087C3E0408CE40040869
S3150804BDA8CC400408C8003200030000000000000064
S3150804BDB808000000C8BD04082604000000000000A6
S3150804BDC808000000D204000000000000E4BD0408CE
S3150804BDD80200000000000000000000000000000047
S3150804BDE80000000064000000E803000000000000EA
S3150804BDF8000000006D3F02080379020809DA020800
S3150804BE081DDA020821CB020825CB02086440040877
S3150804BE18CA400408C8400408C800320003000000E1
S3150804BE2800000000000000004CBE040801020000DF
S3150804BE3800000000000000000000000000000100E7
S3150804BE480040000010000000E11000000000000097
S3150804BE583CBE0408020000000000000000000000C0
S3150804BE6800000000000000006D3F0208037902087C
S3150804BE787DDA020891DA0208C9CB0208CDCB020892
S3150804BE889C3E040806B2040804B20408C800320032
S3150804BE98030000000000000030000000F8B9040898
S3150804BEA80102000000000000000000000000000075
S3150804BEB86D3F020803790208F1DA020805DB02086D
S3150804BEC821CB020825CB020864400408CA400408A2
S3150804BED8C8400408C8003200030000000000000037
S3150804BEE8000000004CBE040801020000000000001F
S3150804BEF800000000000000006D3F020803790208EC
S3150804BF0865DB020879DB0208C9CB0208CDCB02082F
S3150804BF189C3E040806B2040804B20408C8000A00C9
S3150804BF2803000000000000000400000040BF0408E5
S3150804BF3804020000000000000C000000E1100000E4
S3150804BF48000000005CBF04080200000000000000AE
S3150804BF58000000000000000000000000E8030000DC
S3150804BF686400000000000000000000006D3F02089D
S3150804BF7803790208D9DB0208EDDB020821CB02089B
S3150804BF8825CB020864400408CA400408C8400408C3
S3150804BF98C80032000300000000000000300000005A
S3150804BFA8B4BF04082F0400000000000010000000B5
S3150804BFB8E110000000000000D0BF040802000000D9
S3150804BFC80000000000000000000000000000000057
S3150804BFD80080000000400000000000000000000087
S3150804BFE86D3F02080379020869DC02087DDC020849
S3150804BFF84DDC020859DC02080328000C000000007E
S3150804C0080000000001000000010000000100000013
S3150804C018D204000000000000000000000000000030
S3150804C02804C004080200000002C103C4000000009A
S3150804C038000000006D3F02080379020891DC020833
S3150804C048A5DC0208C9CB0208CDCB02089C3E040825
S3150804C05806B2040804B20408C800C80003000000AD
S3150804C06832000000000000008CC0040800060834EA
S3150804C078000000000000000000000000E8030000BB
S3150804C0886400000010000000E11000000000000031
S3150804C0987CC004080200000000000000000000003C
S3150804C0A800000000000000006D3F0208037902083A
S3150804C0B805DD020819DD020821CB020825CB02088A
S3150804C0C864400408CA400408C8400408C800C800EC
S3150804C0D8030000000000000010000000D8B004089F
S3150804C0E802060834000000000000000000000000F2
S3150804C0F86D3F02080379020879DD02088DDD020816
S3150804C108C9CB0208CDCB02089C3E040806B204082B
S3150804C11804B20408C800190003000000320000002D
S3150804C1282000000038C10408C90000000000000007
S3150804C13808000000D20400000000000054C10408E6
S3150804C14802000000000000000000000000000000D3
S3150804C15800000000FE000000640000000000000063
S3150804C168000000006D3F020803790208EDDD0208A5
S3150804C17801DE0208C9CB0208CDCB020860400408D0
S3150804C188D2400408D0400408C80019000300000077
S3150804C1980000000038000000ACC104089101000042
S3150804C1A80000000008000000D20400000000000097
S3150804C1B8C8C10408020000000000000000000000CE
S3150804C1C80000000000000000FE00000064000000F3
S3150804C1D800000000000000006D3F02080379020809
S3150804C1E861DE020875DE020821CB020825CB02089F
S3150804C1F864400408CA400408C8400408C80019006A
S3150804C2080300000000000000080000004CBE0408F3
S3150804C218C90000000000000000000000000000003B
S3150804C2286D3F020803790208D5DE0208E9DE02082A
S3150804C238C9CB0208CDCB020894C204089AC20408DA
S3150804C24898C20408C800320003000000320000003F
S3150804C2582000000068C2040861030000000000000A
S3150804C26810000000E11000000000000084C2040861
S3150804C27802000000000000000000000000000000A2
S3150804C28800000000E8030000640000000478000CBD
S3150804C29800C101C400000000000000006D3F020848
S3150804C2A80379020849DF02085DDF020821CB020880
S3150804C2B825CB020864400408CA400408C840040890
S3150804C2C8C800320003000000000000000000000057
S3150804C2D8D8B004086003000000000000000000004D
S3150804C2E8000000006D3F020803790208BDDF020852
S3150804C2F8D1DF0208C9CB0208CDCB0208C83E040818
S3150804C3088EB104088CB10408C80032000300000082
S3150804C31832000000200000002CC304086003000053
S3150804C3280000000010000000E110000000000000F2
S3150804C33848C30408020000000000000000000000CA
S3150804C3480000000000000000E80300006400000084
S3150804C35800000000000000006D3F02080379020887
S3150804C36831E0020845E0020821CB020825CB020879
S3150804C378DCB80408E2B80408E0B80408C8003200BF
S3150804C388030000003200000010000000A0C30408DF
S3150804C398E00300000000000010000000E11000009F
S3150804C3A800000000BCC304080200000000000000E6
S3150804C3B8000000000000000054F5FFFF000001001B
S3150804C3C8EFFE000000000000000000006D3F0208B0
S3150804C3D803790208A5E00208B9E0020821CB020895
S3150804C3E825CB020854470408F6B00408F4B0040830
S3150804C3F8C8003200030000006400000010000000B2
S3150804C40814C40408600300000000000010000000BB
S3150804C418E11000000000000030C40408020000000F
S3150804C42800000000000000000000000000000000F2
S3150804C438000001009919000000000000000000002F
S3150804C4486D3F0208EFE2020839E102084DE10208E5
S3150804C45819E1020827E102080000000000000000AC
S3150804C4686D3F0208EFE2020861E1020875E1020875
S3150804C47819E1020827E102089C3E040806B20408E2
S3150804C48804B20408C80032000300000000000000D3
S3150804C4980000C842000048420010063EFF07000094
S3150804C4A800000000000000006D3F0208EFE20208E1
S3150804C4B8F9E102080DE20208D9E10208E7E10208EF
S3150804C4C800000000000000006D3F0208EFE20208C1
S3150804C4D821E2020835E20208D9E10208E7E102087E
S3150804C4E864400408CA400408C8400408C80032005E
S3150804C4F80300000000000000000080460000000059
S3150804C5080050003EFF07000000000000000000007D
S3150804C5186D3F0208EFE20208000000000000000070
S3150804C52835440208354402080000000000000000EB
S3150804C5386D3F020803790208A9E30208BDE3020865
S3150804C548C9CB0208CDCB02089C3E040806B20408E7
S3150804C55804B20408C80032000300000032000000D0
S3150804C5680000000078C504080090023EFF07000092
S3150804C57820000000E11000000000000094C504082B
S3150804C588020000000000000000000000000000008F
S3150804C59800000000006400006400000000000000B9
S3150804C5A8000000006D3F0208037902081DE402082A
S3150804C5B831E4020821CB020825CB020864400408A2
S3150804C5C8CA400408C8400408C8003200030000002A
S3150804C5D80000000020000000ECC504080010003E16
S3150804C5E8FF07000020000000E1100000000000001A
S3150804C5F808C6040802000000000000000000000045
S3150804C608000000000000000000983A00983A00006C
S3150804C61800000000000000006D3F020803790208C4
S3150804C62891E40208A5E4020821CB020825CB0208EE
S3150804C63854470408F6B00408F4B00408C8003200DD
S3150804C64803000000640000000000000060C6040837
S3150804C6580090013EFF07000020000000E1100000DA
S3150804C668000000007CC60408020000000000000060
S3150804C67800000000000000000000000000E80300B5
S3150804C688E803000000000000000000006D3F0208EF
S3150804C698EFE2020805E5020819E5020819E10208A5
S3150804C6A827E102089C3E040806B2040804B20408F2
S3150804C6B8C800320003000000000000000000C84259
S3150804C6C8000048420010093EFF0700000000000069
S3150804C6D8000000006D3F0208EFE202087DE5020843
S3150804C6E891E50208D9E10208E7E10208644004086A
S3150804C6F8CA400408C8400408C800320003000000F9
S3150804C7080000000000008046000000000050003EBB
S3150804C718FF07000000000000000000006D3F020843
S3150804C72803790208F5E5020809E60208C9CB0208EE
S3150804C738CDCB02089C3E040806B2040804B20408D1
S3150804C748C8001E00030000000000000026000000C0
S3150804C75864C70408E0000000000000000A0000009E
S3150804C768E11000000000000080C704080200000069
S3150804C778000000000000000000000000000000009F
S3150804C788E803000064000000000000000000000040
S3150804C7986D3F02080379020869E602087DE602087D
S3150804C7A821CB020825CB0208483E040802BB040824
S3150804C7B800BB0408C800320001000000000000009D
S3150804C7C826000000D8C70408DD00000000000000A1
S3150804C7D80A000000E110000000000000F4C704087D
S3150804C7E8020000000000000000000000000000002D
S3150804C7F80CFEFFFFE8030000F40100000000000037
S3150804C808000000006D3F020803790208DDE6020805
S3150804C818F1E6020821CB020825CB0208644004087D
S3150804C828CA400408C8400408C8001E0003000000DB
S3150804C83800000000340000004CC80408DF000000AB
S3150804C848000000000C000000E110000000000000D1
S3150804C85868C8040802000000000000000000000080
S3150804C868000000000000000000100000002000007E
S3150804C87800000000000000006D3F02080379020862
S3150804C88851E7020865E702084DDC020859DC020884
S3150804C898D04B040832C0040830C00408C8003C0059
S3150804C8A803000000000000003E00000014C004084D
S3150804C8B8C005000000000000000000000000000099
S3150804C8C86D3F020803790208CDE70208E1E7020882
S3150804C8D8C9CB0208CDCB02089C3E040806B2040854
S3150804C8E804B20408C8001E00030000000000000083
S3150804C8F83600000008C904082901000000000000E1
S3150804C9080A000000E11000000000000024C9040819
S3150804C91802000000000000000000000000000000FB
S3150804C92800000000E803000064000000000000009E
S3150804C938000000006D3F02080379020841E802086E
S3150804C94855E8020821CB020825CB020864400408E6
S3150804C958CA400408C8400408C8001E0003000000AA
S3150804C96800000000230000007CC90408F600000043
S3150804C978000000000D000000E1100000000000009F
S3150804C98898C904080200000000000000000000001E
S3150804C998000000000000000000200000002000003D
S3150804C9A800000000000000006D3F02080379020831
S3150804C9B8B5E80208C9E80208C9CB0208CDCB0208BB
S3150804C9C89C3E040806B2040804B20408C8003200E7
S3150804C9D8030000000000000030000000F0C9040845
S3150804C9E8E80500000000000010000000E11000003F
S3150804C9F8010000000CCA0408040000000000000036
S3150804CA0800000000CEFFFFFF000000000000000041
S3150804CA1800000000E8030000640000001A0400008F
S3150804CA286400000000000000000000006D3F0208D2
S3150804CA380379020829E902083DE9020821CB020814
S3150804CA4825CB020864400408CA400408C8400408F8
S3150804CA58C8003200030000000000000010000000AF
S3150804CA68D8B00408E805000000000000000000002B
S3150804CA78000000006D3F0208037902089DE90208D0
S3150804CA88B1E9020821CB020825CB02085447040851
S3150804CA98F6B00408F4B00408C8003200030000001D
S3150804CAA86400000000000000BCCA0408E805000089
S3150804CAB80000000010000000E1100000010000005A
S3150804CAC8D8CA04080200000000000000000000009C
S3150804CAD8000000000000000088130000F4010000AC
S3150804CAE800000000000000006D3F020803790208F0
S3150804CAF811EA020825EA020821CB020825CB02080E
S3150804CB0864400408CA400408C8400408C800320037
S3150804CB1803000000000000001800000030CB0408D9
S3150804CB283D0200000000000010000000D2040000C6
S3150804CB38000000004CCB04080200000000000000B6
S3150804CB48000000000000000000000000004000008B
S3150804CB5800C8000000000000000000006D3F02083D
S3150804CB680379020885EA020899EA0208C9CB020881
S3150804CB78CDCB02089C3E040806B2040804B204088D
S3150804CB88C80032000300000000000000000000008E
S3150804CB98A4CB0408060300000000000010000000E7
S3150804CBA8E110000000000000C0CB040802000000E1
S3150804CBB8000000000000000000000000000000005B
S3150804CBC8FF030000640000000000000000000000E5
S3150804CBD86D3F020803790208F9EA02080DEB020810
S3150804CBE821CB020825CB020864400408CA40040875
S3150804CBF8C8400408C800320003000000000000000A
S3150804CC0800000000D8B00408000300000000000073
S3150804CC1800000000000000006D3F020803790208BE
S3150804CC286DEB020881EB0208C9CB0208CDCB0208D2
S3150804CC389C3E040806B2040804B20408C800320074
S3150804CC4803000000320000001800000070B1040850
S3150804CC580A030000000000000000000000000000AD
S3150804CC686D3F020803790208E1EB0208F5EB0208AE
S3150804CC7821CB020825CB020864400408CA400408E4
S3150804CC88C8400408C8003200030000000000000079
S3150804CC9800000000D8B004080003000000000000E3
S3150804CCA800000000000000006D3F0208037902082E
S3150804CCB855EC020869EC0208C9CB0208CDCB020870
S3150804CCC89C3E040806B2040804B20408C8003200E4
S3150804CCD8030000000000000030000000F8B904084A
S3150804CCE8C102000000000000000000000000000067
S3150804CCF86D3F020803790208C9EC0208DDEC02084C
S3150804CD0821CB020825CB020864400408CA40040853
S3150804CD18C8400408C80032000300000000000000E8
S3150804CD280000000048CD0408C40200000000000002
S3150804CD3800000000000000000080000000640000F5
S3150804CD4810000000E11000000000000038CD0408B7
S3150804CD5802000000000000000000000000000000B7
S3150804CD68000000006D3F0208037902083DED020839
S3150804CD7851ED0208C9CB0208CDCB02089C3E04082B
S3150804CD8806B2040804B20408C80032000300000006
S3150804CD98000000002800000004B40408800200000B
S3150804CDA80000000000000000000000006D3F0208B3
S3150804CDB803790208B1ED0208C5ED0208C9CB0208D1
S3150804CDC8CDCB02087C3E0408CE400408CC400408AF
S3150804CDD8C80032000300000000000000200000001C
S3150804CDE870B104088002000000000000000000007A
S3150804CDF8000000006D3F02080379020825EE0208C0
S3150804CE0839EE020821CB020825CB020820B4040807
S3150804CE1826B4040824B40408C800640003000000FF
S3150804CE2800000000080000003CCE04088802000040
S3150804CE380000000008000000D204000000000000FA
S3150804CE4858CE040802000000000000000000000094
S3150804CE5800000000A8FDFFFF0001000028050000E7
S3150804CE6800000000000000006D3F0208037902086C
S3150804CE7899EE0208ADEE020821CB020825CB020872
S3150804CE8864400408CA400408C8400408C8003200B4
S3150804CE98030000000000000010000000C0CE0408CB
S3150804CEA880020000000000000000000000000000E6
S3150804CEB8000001000040000010000000D204000031
S3150804CEC800000000B0CE04080200000000000000BC
S3150804CED80000000000000000000000006D3F020882
S3150804CEE8D9EF020851EF02087DEF020868CF040853
S3150804CEF8000000000000000003F30208BB11010843
S3150804CF08000000000000000013F30208BB11010822
S3150804CF18000000000000000009F10208BB1101081E
S3150804CF2800000000000000000FF10208BB11010808
S3150804CF380000000000000000C5F20208851E01086A
S3150804CF48FDF002080000000000000000BBF002081B
S3150804CF58C3F00208EDF00208000000000000000013
S3150804CF6815F10208D1F20208F7F0020800000000D9
S3150804CF78B1F6020801000000E1F102080200000007
S3150804CF88C9F502080300000075F202080400000047
S3150804CF9889F502080500000049F50208060000009C
S3150804CFA84DF30208070000009DF302080800000074
S3150804CFB8FDF302080900000051F602080A000000F9
S3150804CFC85DF402080B0000009DF402080C0000003A
S3150804CFD8F9F402088000000099F1020881000000AB
S3150804CFE8B5F1020864D00408CAD00408C8D00408ED
S3150804CFF80000000001000000000000001000000006
S3150804D00880D0040892FC000068D00408CAD0040832
S3150804D018C8D0040800000000010000000000000051
S3150804D0280000000080D0040892FC0000DCB804085C
S3150804D038E2B80408E0B8040800000000010000008B
S3150804D0480000000010000000ACD00408F6FE00003A
S3150804D0580298000C41C0406C40C0400C6178000C32
S3150804D0686078000C0978000C000000000000000035
S3150804D078FFFA00001919000010000000D204000085
S3150804D0880000000070D00408020000000000000038
S3150804D098000000000000000070FEFFFFFA00000010
S3150804D0A83408000008000000D2040000000000004C
S3150804D0B89CD00408020000000000000000000000DC
S3150804D0C800C101C4000000000000000019FA0208A3
S3150804D0D8BB11010800000000000000006D3F0208AB
S3150804D0E86D3F0208F1F9020805FA02080000000073
S3150804D0F8000000008DFA0208BB11010800000000B0
S3150804D108000000006D3F02086D3F020865FA020830
S3150804D11879FA0208000000000000000007FB02086C
S3150804D128E5FA020870D2040858D2040840D204085A
S3150804D13828D2040810D20408F8D10408E0D104084F
S3150804D148C8D104080500000088D2040800000000B5
S3150804D15890D2040800000000283E04081C3E04086F
S3150804D16898086400983A00002C3E0408203E0408EF
S3150804D1780A00050019000000050000004C440408CC
S3150804D188484404080300000064000000243E040818
S3150804D198183E040823000000640000000500000087
S3150804D1A8EC700408E87004088CD20408000000002F
S3150804D1B8B00400000368003C0268000C0168000C0F
S3150804D1C87061106C7161106C7261106C7361106C0B
S3150804D1D87461106C7561106C6061106C6161106C17
S3150804D1E86261106C6361106C6461106C6561106C23
S3150804D1F85061106C5161106C5261106C5361106C5B
S3150804D2085461106C5561106C4061106C4161106C66
S3150804D2184261106C4361106C4461106C4561106C72
S3150804D2283061106C3161106C3261106C3361106CAA
S3150804D2383461106C3561106C2061106C2161106CB6
S3150804D2482261106C2361106C2461106C2561106CC2
S3150804D2581061106C1161106C1261106C1361106CFA
S3150804D2681461106C1561106C0061106C0161106C06
S3150804D2780261106C0361106C0461106C0561106C12
S3150804D2884760006C3660006C2760006C1060006CA0
S3150804D29800000000000000008DFE0208BB1101080A
S3150804D2A800000000000000006D3F02086D3F0208F8
S3150804D2B865FE020879FE0208000000000000000066
S3150804D2C86D3F020805FF0208DDFE0208F1FE0208A2
S3150804D2D8000000000000000081000308BB110108D3
S3150804D2E800000000000000006D3F02086D3F0208B8
S3150804D2F81D000308310003080000000000000000B0
S3150804D3086D3F0208930103084502030871020308DE
S3150804D31800000000000000006D3F0208930303089C
S3150804D328F1030308190403080000000005000000B7
S3150804D3380A0000000F00000014000000190000008D
S3150804D3481E00000023000000280000002D0000002D
S3150804D358320000003C0000004600000050000000AF
S3150804D3685A000000640000000000000000000000E5
S3150804D3786D3F0208E50503086505030879050308EA
S3150804D3880468050C00000000000000000000000006
S3150804D398000000006D3F02087906030851060308D1
S3150804D3A86506030800000000000000008508030855
S3150804D3B8BB11010800000000000000006D3F0208C8
S3150804D3C86D3F0208F90703080D0803080000000062
S3150804D3D800000000B108030815090308B50803087E
S3150804D3E8C908030800000000000000006D3F020891
S3150804D3F86D3F020871090308850903080507000033
S3150804D4080000000000000000190A0308810A03083E
S3150804D4181D0A0308310A030800000000000000007A
S3150804D428730B0308250B0308C10A0308D50A03085E
S3150804D438FB00FFFF000001000200030004000000CF
S3150804D4480090077C0000000000000000310C030867
S3150804D458350C030800000000000000006D3F0208B0
S3150804D4688B0C03083D0C0308510C03080290006C46
S3090804D4780190007C91
S30D0804D47C9440FE7F0100000044
S3150804D484E038040800000000EC4804080000000022
S3150804D494EC48040800000000DC4804080000000006
S3150804D4A4108E040801000000DDD70108A341020810
S3150804D4B4DDD70108A3410208DDD70108A341020800
S3150804D4C4DDD70108A3410208DDD70108A3410208F0
S3150804D4D4DDD70108A3410208DDD70108A3410208E0
S3150804D4E4DDD70108A3410208DDD70108A3410208D0
S3150804D4F4DDD70108A3410208DDD70108A3410208C0
S3150804D504DDD70108A3410208DDD70108A3410208AF
S3150804D514DDD70108A3410208DDD70108A34102089F
S3150804D524DDD70108A3410208DDD70108A34102088F
S3150804D534DDD70108A3410208DDD70108A34102087F
S3150804D544DDD70108A3410208DDD70108A34102086F
S3150804D554DDD70108A3410208DDD70108A34102085F
S3150804D564DDD70108A3410208DDD70108A34102084F
S3150804D574DDD70108A3410208DDD70108A34102083F
S3150804D584DDD70108A3410208DDD70108A34102082F
S3150804D594DDD70108A3410208DDD70108A34102081F
S3150804D5A4DDD70108A3410208DDD70108A34102080F
S3150804D5B4DDD70108A3410208DDD70108A3410208FF
S3150804D5C4DDD70108A3410208DDD70108A3410208EF
S3150804D5D4DDD70108A3410208DDD70108A3410208DF
S3150804D5E4DDD70108A3410208DDD70108A3410208CF
S3150804D5F4DDD70108A3410208DDD70108A3410208BF
S3150804D604DDD70108A3410208DDD70108A3410208AE
S3150804D614DDD70108A3410208DDD70108A34102089E
S3150804D624DDD70108A3410208DDD70108A34102088E
S3150804D634DDD70108A3410208DDD70108A34102087E
S3150804D644DDD70108A3410208DDD70108A34102086E
S3150804D654DDD70108A3410208DDD70108A34102085E
S3150804D664DDD70108A3410208DDD70108A34102084E
S3150804D674DDD70108A3410208DDD70108A34102083E
S3150804D684DDD70108A3410208DDD70108A34102082E
S3150804D694DDD70108A3410208DDD70108A34102081E
S3150804D6A4DDD70108A3410208DDD70108A34102080E
S3150804D6B4DDD70108A3410208DDD70108A3410208FE
S3150804D6C4DDD70108A3410208DDD70108A3410208EE
S3150804D6D4DDD70108A3410208DDD70108A3410208DE
S3150804D6E4DDD70108A3410208DDD70108A3410208CE
S3150804D6F4DDD70108A3410208DDD70108A3410208BE
S3150804D704DDD70108A3410208DDD70108A3410208AD
S3150804D714DDD70108A3410208DDD70108A34102089D
S3150804D724DDD70108A3410208DDD70108A34102088D
S3150804D7348C9F0020303132333435363738394142F8
S3150804D7444344454658500030313233343536373835
S3150804D754396162636465667870000000303030317C
S3150804D7643032303330343035303630373038303977
S3150804D774313031313132313331343135313631376F
S3150804D7843138313932303231323232333234323555
S3150804D794323632373238323933303331333233333B
S3150804D7A43334333533363337333833393430343121
S3150804D7B43432343334343435343634373438343907
S3150804D7C435303531353235333534353535363537FF
S3150804D7D435383539363036313632363336343635E5
S3150804D7E436363637363836393730373137323733CB
S3150804D7F437343735373637373738373938303831B1
S3150804D8043832383338343835383638373838383996
S3150804D814393039313932393339343935393639378E
S3150804D8243938393900002CFFA0A10408889F002040
S3150804D834B443002000000000000000006800000053
S3150804D844D0000000000000000000000000000000F2
S3150804D85400000000000000000000000000000000B2
S3150804D86400000000000000000000000000000000A2
S3150804D8740000000000000000000000000000000092
S705080103AD41
